obs_index,rhat
1,1.014908636677049
2,1.0311357870532158
3,1.024615406652796
4,1.0373226557129984
5,1.0272352148162835
6,1.040469428918536
7,1.0110762030818163
8,1.0193308249363633
9,1.0516478881369167
10,1.083245482958779
11,1.0242467791499679
12,1.0247175927855723
13,1.01289689274833
14,1.0218400730391302
15,1.060915156324262
16,1.043617576522929
17,1.0357951803991354
18,1.1267156235162188
19,1.0456559851276657
20,1.0203086470776808
21,1.0085788209781263
22,1.0242387942554514
23,1.0256579172545877
24,1.0376861874143755
25,1.0116676848435
26,1.0165367205172011
27,1.022003997359351
28,1.0109843418986635
29,1.010289485930193
30,1.0207371134321528
31,1.0191878800127492
32,1.0529585985402314
33,1.0673322021465006
34,1.0125620846350836
35,1.0181946819269805
36,1.027255664504215
37,1.0261096611380793
38,1.0223029753693222
39,1.0546030930357981
40,1.01255379911382
41,1.042655205459989
42,1.1179791601288185
43,1.0772757006787808
44,1.0146983181080356
45,1.0159847625718017
46,1.0815055407662606
47,1.0551749601831328
48,1.0365461704533823
49,1.0503947571365844
50,1.0212543649235422
51,1.0329673021432062
52,1.030456156278652
53,1.0202735837225003
54,1.0190495524883285
55,1.0233948215585538
56,1.0168929151626183
57,1.0337209127516078
58,1.0156523692540445
59,1.0795120008683052
60,1.0673322021465006
61,1.0234288219281298
62,1.0272352148162835
63,1.015524462678666
64,1.0311925600425187
65,1.0057686270928972
66,1.015087314708325
67,1.020796746021271
68,1.043334027013505
69,1.0199240312233167
70,1.0254839354228673
71,1.0240787087169458
72,1.0131819582634989
73,1.025933791437281
74,1.0341199706728315
75,1.0971150966644987
76,1.0467531844564468
77,1.0179300001443927
78,1.0346095963619393
79,1.0154872824883936
80,1.0173753727765396
81,1.0423558503436763
82,1.035927592207922
83,1.010189858197105
84,1.0411002198054402
85,1.0365461704533823
86,1.021727739313393
87,1.0078050049848324
88,1.029841173239746
89,1.042655205459989
90,1.0235276935259499
91,1.0119658263469635
92,1.02099337234962
93,1.03166578238945
94,1.016104485433627
95,1.0179614215778772
96,1.0111433713350224
97,1.0311925600425187
98,1.0633546353390757
99,1.0116537127160512
100,1.0815055407662606
101,1.0549666081604865
102,1.0190495524883285
103,1.0225229975199108
104,1.020850465686389
105,1.0157843774387425
106,1.0837290171381884
107,1.025861302274199
108,1.0065747647552077
109,1.024955545328885
110,1.005305210459871
111,1.0321246885860242
112,1.0648222604172601
113,1.0198722042755537
114,1.027374002250876
115,1.049189142256109
116,1.016104485433627
117,1.0252044509358438
118,1.0178478077389783
119,1.0143560232631346
120,1.041156028519466
121,1.0668092927345194
122,1.047492536905225
123,1.0057614591935349
124,1.029295644930686
125,1.0262286938190526
126,1.0475282331624647
127,1.013153739609186
128,1.0017582406044547
129,1.0154849719827048
130,1.0102131127690381
131,1.0145888889107453
132,1.0132458708823449
133,1.0356475637427072
134,1.0227331356482934
135,1.0077576514370479
136,1.031724131036155
137,1.0137770579902117
138,1.041401780076917
139,1.01375930494409
140,1.0224174389086882
141,1.0267668419354237
142,1.0146852897302485
143,1.0121201657468062
144,1.0193073764904452
145,1.0377324529770477
146,1.0170338032136166
147,1.0413253307968606
148,1.0368294377562401
149,1.0242467791499679
150,1.021810709295592
151,1.0185794503477557
152,1.0182477908033252
153,1.038243808290889
154,1.0347233295213665
155,1.0242387942554514
156,1.0330092778851458
157,1.0680223489741967
158,1.0168160291370172
159,1.012685506032232
160,1.028862409666549
161,1.0132458708823449
162,1.0547453547067922
163,1.028309501164445
164,1.026685336485304
165,1.0123659508624985
166,1.0480306623180833
167,1.0526889083463193
168,1.0514793076028761
169,1.0407957743103706
170,1.0121463778308109
171,1.0156441638473395
172,1.0568203030163166
173,1.0243137417748565
174,1.024615406652796
175,1.0406250768468366
176,1.045857572135206
177,1.0057686270928972
178,1.0168929151626183
179,1.0303099531973534
180,1.0424245372378331
181,1.0278523126191008
182,1.0341199706728315
183,1.0288103051482167
184,1.0177883133820245
185,1.023953392292576
186,1.020796746021271
187,1.0210716360225673
188,1.0028799624592104
189,1.0194023957085576
190,1.0332390716488422
191,1.0250236028246198
192,1.020796746021271
193,1.02099337234962
194,1.0339748990264217
195,1.0057686270928972
196,1.0484243008811525
197,1.0246289877665837
198,1.0612448792974136
199,1.0411002198054402
200,1.026152253934463
201,1.017113199392212
202,1.0147510266911879
203,1.0246423059234016
204,1.0195234753777895
205,1.0365461704533823
206,1.0154105103130324
207,1.019514092205825
208,1.0145888889107453
209,1.0598894039982878
210,1.0393333007167116
211,1.0362607979566754
212,1.0192775777992822
213,1.017617748791825
214,1.0173933325675535
215,1.036508828401696
216,1.0277352357617235
217,1.0291476237638373
218,1.00993257706886
219,1.041138628609237
220,1.0245691273652735
221,1.1161082311485395
222,1.0215643802341685
223,1.0144773919161418
224,1.0215843906632012
225,1.0370610111956668
226,1.0191206220368476
227,1.0673322021465006
228,1.0233307944414578
229,1.0049796016430648
230,1.0050990177816979
231,1.0161064212290931
232,1.0248207866308432
233,1.0423558503436763
234,1.015735665043196
235,1.0262286938190526
236,1.024955545328885
237,1.0138723731184447
238,1.0302397159434633
239,1.0234308258162679
240,1.0240787087169458
241,1.0455533441685232
242,1.0292980051928486
243,1.046938741597124
244,1.024509111921698
245,1.0260917314167908
246,1.0406250768468366
247,1.019097748195876
248,1.1077890280304163
249,1.0467531844564468
250,1.0122879733714993
251,1.048856377897068
252,1.059742992366069
253,1.0365785340481737
254,1.0304423762787884
255,1.0423315391873467
256,1.014038294197047
257,1.008312913934516
258,1.010590022145028
259,1.0137770579902117
260,1.0173933325675535
261,1.0122879733714993
262,1.042146036083762
263,1.0091228760661306
264,1.0181878663212078
265,1.0292358061056248
266,1.0196205770988658
267,1.0526889083463193
268,1.013484243688229
269,1.021605098136213
270,1.0180547451555813
271,1.0171552238065913
272,1.0205196887234864
273,1.0243070297120904
274,1.0191207569414282
275,1.0302397159434633
276,1.1067352343314025
277,1.0204285549427832
278,1.049189142256109
279,1.0298549106846357
280,1.0219946192462406
281,1.0456779578293383
282,1.023626364320298
283,1.025861302274199
284,1.0452929409218545
285,1.0725609686215825
286,1.0193308249363633
287,1.0195982750945118
288,1.0568374296871286
289,1.03296520981257
290,1.0145789309898519
291,1.0194029567834797
292,1.027741805549807
293,1.024615406652796
294,1.0160917842136852
295,1.019514092205825
296,1.0197314729097582
297,1.0138810538439478
298,1.0512199245185192
299,1.0296882526156297
300,1.027741805549807
301,1.0415294870163572
302,1.0156523692540445
303,1.0194029567834797
304,1.0332390716488422
305,1.005305210459871
306,1.0393333007167116
307,1.0145789309898519
308,1.025877475500189
309,1.0151587194701868
310,1.0298549106846357
311,1.0610429455968298
312,1.0335404016347978
313,1.1037908106400587
314,1.0299001664601874
315,1.0368294377562401
316,1.0512199245185192
317,1.015001035725342
318,1.0196205770988658
319,1.0147510266911879
320,1.0194023957085576
321,1.0731992817283116
322,1.013989590217273
323,1.007049845012036
324,1.0157515961470478
325,1.0381432332920133
326,1.0129740568650822
327,1.0227331356482934
328,1.0041030476894979
329,1.021173246046373
330,1.007909620785108
331,1.0370610111956668
332,1.0041030476894979
333,1.0074774237340396
334,1.013989590217273
335,1.047492536905225
336,1.0214477087877776
337,1.0323873437148903
338,1.0223113921591644
339,1.0205196887234864
340,1.022168608199909
341,1.104218383187141
342,1.027374002250876
343,1.0120319937876758
344,1.0179614215778772
345,1.0116676848435
346,1.0188222045890658
347,1.0547740462178175
348,1.0028799624592104
349,1.0344877933339673
350,1.0195982750945118
351,1.0637212911400613
352,1.014835627778098
353,1.0202735837225003
354,1.0268053917279785
355,1.0165367205172011
356,1.028309501164445
357,1.0229756150014506
358,1.0154105103130324
359,1.008390134186727
360,1.0147510266911879
361,1.0761450163250337
362,1.0223029753693222
363,1.0244284007249798
364,1.0404516591704212
365,1.0246060952053697
366,1.032247076773662
367,1.0217304380312262
368,1.01255379911382
369,1.0422464523263493
370,1.0322452972687444
371,1.0305623095233514
372,1.0171552238065913
373,1.0247053638556622
374,1.015480844076207
375,1.009990166597537
376,1.03991384654998
377,1.016060613972586
378,1.0077576514370479
379,1.0086956142669052
380,1.0288103051482167
381,1.015780686138972
382,1.0243044864935553
383,1.0507358255236847
384,1.0277352357617235
385,1.0313727422756482
386,1.0540131739612215
387,1.0306650900466932
388,1.0093104670795692
389,1.050950051495186
390,1.0243137417748565
391,1.0206873365819014
392,1.0306650900466932
393,1.0301644370713594
394,1.1161082311485395
395,1.030488007241552
396,1.0398192185964987
397,1.0286924409542093
398,1.0841671791449015
399,1.0216424190903315
400,1.0341904323388553
401,1.0199745363626376
402,1.0357951803991354
403,1.014753545756263
404,1.045857572135206
405,1.024955545328885
406,1.0116537127160512
407,1.0212543649235422
408,1.0465352631484173
409,1.0700144196656012
410,1.0021453670582035
411,1.0503947571365844
412,1.0597867802187726
413,1.0795120008683052
414,1.0231207186407185
415,1.0512199245185192
416,1.0122802342936696
417,1.0194605883645134
418,1.0124929882953562
419,1.0397827231210557
420,1.0234043346053818
421,1.0419417111199833
422,1.0199745363626376
423,1.060915156324262
424,1.017113199392212
425,1.0185794503477557
426,1.0203086470776808
427,1.0218984809036242
428,1.0288839949723259
429,1.024509111921698
430,1.042146036083762
431,1.0449268919831876
432,1.032390136821879
433,1.0539412520817422
434,1.0205196887234864
435,1.05233007357619
436,1.0162936500581
437,1.0303099531973534
438,1.0100465399509566
439,1.0157112755230888
440,1.0546030930357981
441,1.1161082311485395
442,1.0371279420695856
443,1.008312913934516
444,1.0228416205179505
445,1.0547740462178175
446,1.0232732507626745
447,1.045857572135206
448,1.049189142256109
449,1.045526986481668
450,1.0225157138478578
451,1.0102131127690381
452,1.005305210459871
453,1.01289689274833
454,1.01255379911382
455,1.013735354202158
456,1.0201583672319057
457,1.03991384654998
458,1.0482001853023473
459,1.0256476267100778
460,1.0388493502810234
461,1.0188222045890658
462,1.0142708201653536
463,1.0335404016347978
464,1.0865222746338488
465,1.033536788706258
466,1.0536640525600236
467,1.0158435828448968
468,1.0371279420695856
469,1.0854884878493747
470,1.0231207186407185
471,1.039394949692276
472,1.008365733646569
473,1.0215636694823371
474,1.0377324529770477
475,1.0233948215585538
476,1.0265981827532158
477,1.0320977024431668
478,1.0281041117040985
479,1.0647048928205876
480,1.0264004072869193
481,1.0226916060765479
482,1.0499933053075012
483,1.1051687717065461
484,1.1179791601288185
485,1.0158451039311063
486,1.012844409087226
487,1.0148369437661888
488,1.033314546440788
489,1.035899444534297
490,1.034019287938571
491,1.014835627778098
492,1.0276776538780512
493,1.0243070297120904
494,1.0523866034156566
495,1.0787825811231402
496,1.0120234953143297
497,1.0560005047431145
498,1.0160917842136852
499,1.0161322010343803
500,1.0049796016430648
501,1.042655205459989
502,1.043617576522929
503,1.0252817230447215
504,1.0156190524062958
505,1.0121463778308109
506,1.0093399091656126
507,1.027356541609818
508,1.0179300001443927
509,1.0235276935259499
510,1.0275410615963296
511,1.036067346246398
512,1.0165668880332372
513,1.0280021546530427
514,1.0114895393076437
515,1.0320595368124914
516,1.0168929151626183
517,1.0139130307641988
518,1.0272352148162835
519,1.02099337234962
520,1.0178944378326855
521,1.0161064212290931
522,1.1077890280304163
523,1.0057686270928972
524,1.0242467791499679
525,1.0392198382616122
526,1.0332651552655197
527,1.0698851320937488
528,1.0386787817635725
529,1.0195982750945118
530,1.0139130307641988
531,1.0234945159912225
532,1.009664233253663
533,1.0209698819802686
534,1.0272352148162835
535,1.0651958967650412
536,1.015087314708325
537,1.0311357870532158
538,1.0339748990264217
539,1.041401780076917
540,1.0227723044823076
541,1.0411320256022023
542,1.017123649207896
543,1.0179300001443927
544,1.0207055717948776
545,1.0772757006787808
546,1.0694744594714285
547,1.0017582406044547
548,1.0201583672319057
549,1.0147452005212108
550,1.026071488019937
551,1.0166671885726628
552,1.0119658263469635
553,1.02072073305446
554,1.0316428054917202
555,1.0507358255236847
556,1.0174610520780978
557,1.0365785340481737
558,1.0060769831635747
559,1.0203919511668513
560,1.0163638483997164
561,1.0096882942000331
562,1.0201104533953989
563,1.0548291229494426
564,1.051837539130975
565,1.014865630391661
566,1.065334130034238
567,1.0111169836189575
568,1.01919242792163
569,1.0389160114192193
570,1.0247175927855723
571,1.0149833699479924
572,1.0295766629679053
573,1.0664680883363427
574,1.0432481880851294
575,1.009664233253663
576,1.0074365372465914
577,1.008399812843868
578,1.0308442233527126
579,1.0125620846350836
580,1.030262037572833
581,1.027385518287089
582,1.0367803056460683
583,1.0398386953107523
584,1.023321596762863
585,1.0383415312211315
586,1.0211278518769409
587,1.0202499092920396
588,1.0177657276642107
589,1.0465352631484173
590,1.0598894039982878
591,1.030262037572833
592,1.0328031836729215
593,1.02072073305446
594,1.015087314708325
595,1.0246774531196883
596,1.073251633810851
597,1.0177883133820245
598,1.0225765486273366
599,1.0322819108855188
600,1.0181946819269805
601,1.0252755358169434
602,1.1358231406598491
603,1.0078633130549246
604,1.0574034726513113
605,1.0122879733714993
606,1.0116537127160512
607,1.0270906831725473
608,1.085010979993105
609,1.017786815617619
610,1.105475243604125
611,1.0228608880014822
612,1.027198559943557
613,1.0228081018685322
614,1.0252641852676823
615,1.0110762030818163
616,1.0306469363072557
617,1.044854965696516
618,1.0306469363072557
619,1.0388395775106536
620,1.0158435828448968
621,1.02040537229636
622,1.065334130034238
623,1.0140215589490533
624,1.01375930494409
625,1.037510769158716
626,1.0379027502948175
627,1.0085788209781263
628,1.0370610111956668
629,1.0106500318831015
630,1.0254839354228673
631,1.012844409087226
632,1.0174370929274743
633,1.0225765486273366
634,1.0328978044506798
635,1.0516478881369167
636,1.0204285549427832
637,1.0519718989317777
638,1.025091665867901
639,1.0232866062650163
640,1.0328729072795173
641,1.0206727302088627
642,1.0154105103130324
643,1.0413253307968606
644,1.0486207838393955
645,1.0028799624592104
646,1.028612198979244
647,1.0327584907823386
648,1.0456779578293383
649,1.0480306623180833
650,1.0423558503436763
651,1.025861302274199
652,1.0796572904461308
653,1.036931731206251
654,1.0160020558265659
655,1.0377006533793285
656,1.0063465480546827
657,1.046268464720265
658,1.0164790861890858
659,1.0229756150014506
660,1.0633546353390757
661,1.0057614591935349
662,1.0234288219281298
663,1.0175243602062876
664,1.0367012809820437
665,1.0159906495769087
666,1.027374002250876
667,1.117110839828563
668,1.028469069645512
669,1.015524462678666
670,1.015001035725342
671,1.0196205770988658
672,1.0341199706728315
673,1.0173753727765396
674,1.0310569220752324
675,1.0329673021432062
676,1.0144819453348093
677,1.02196935243626
678,1.0165668880332372
679,1.0189840715668956
680,1.012685506032232
681,1.0178478077389783
682,1.0465352631484173
683,1.0384143178176404
684,1.0122485432407962
685,1.0129740568650822
686,1.030456156278652
687,1.0363588169643665
688,1.017123649207896
689,1.008355143936548
690,1.0467531844564468
691,1.0246060952053697
692,1.0182914548843518
693,1.029445449210482
694,1.0086956142669052
695,1.0536640525600236
696,1.0398572722269415
697,1.014753545756263
698,1.014753545756263
699,1.0800608599425356
700,1.0386523732759823
701,1.011565694426649
702,1.0408610673389405
703,1.0548484604424384
704,1.02982818639355
705,1.0102039731511059
706,1.0247217059213034
707,1.0157843774387425
708,1.0228955999175693
709,1.0046468414908796
710,1.0195135344300108
711,1.1001091048864442
712,1.0286192704347938
713,1.0456779578293383
714,1.0463019599017322
715,1.1078392889881696
716,1.0355471914068104
717,1.0207371134321528
718,1.0262919754909816
719,1.0136963973468422
720,1.047492536905225
721,1.0719588560209843
722,1.136135475951328
723,1.013989590217273
724,1.0756802947059645
725,1.0305474114100466
726,1.0341904323388553
727,1.0203086470776808
728,1.0028799624592104
729,1.012319354838505
730,1.0199745363626376
731,1.0357951803991354
732,1.0310481342217794
733,1.0514793076028761
734,1.0725609686215825
735,1.0393333007167116
736,1.010189858197105
737,1.036931731206251
738,1.0218400730391302
739,1.0084120979730526
740,1.0598894039982878
741,1.0195560962995227
742,1.0424245372378331
743,1.043334027013505
744,1.0155207134913933
745,1.0225830761131163
746,1.032247076773662
747,1.010971360812428
748,1.0136933250443294
749,1.0331713909106317
750,1.0197061375181586
751,1.0122674003264158
752,1.032669939858015
753,1.0284480542118932
754,1.0326490714803898
755,1.0074365372465914
756,1.0155207134913933
757,1.0264004072869193
758,1.012844409087226
759,1.0147510266911879
760,1.0417487656229663
761,1.02982818639355
762,1.0069352250559658
763,1.0660750530635206
764,1.0332576133663394
765,1.025861302274199
766,1.0136933250443294
767,1.0386787817635725
768,1.0170338032136166
769,1.016420856858438
770,1.0308370676370129
771,1.0406250768468366
772,1.0223029753693222
773,1.0317808932315935
774,1.0259097562525186
775,1.0168929151626183
776,1.0058978204921758
777,1.0407957743103706
778,1.0112496431338704
779,1.0270004154066632
780,1.034184224783874
781,1.0210889180459146
782,1.0198722042755537
783,1.029295644930686
784,1.0122879733714993
785,1.0371923197389266
786,1.0154872824883936
787,1.0247175927855723
788,1.0266808356743171
789,1.0454111024578903
790,1.0192405008616037
791,1.0207055717948776
792,1.0065747647552077
793,1.007156248023543
794,1.013735354202158
795,1.0588215762952844
796,1.0534822403030888
797,1.0395572666071617
798,1.022003997359351
799,1.0287272672845722
800,1.0173753727765396
801,1.007695691392273
802,1.028469069645512
803,1.0177883133820245
804,1.0788442480231746
805,1.0402706216900335
806,1.0991626847491718
807,1.0346095963619393
808,1.0300016236569558
809,1.0198315610445772
810,1.0225765486273366
811,1.0195982750945118
812,1.042882700026331
813,1.0388395775106536
814,1.0159435551232083
815,1.0152318366947204
816,1.063224677839367
817,1.0179300001443927
818,1.0598894039982878
819,1.0167846780336505
820,1.026343562912944
821,1.0700144196656012
822,1.0423558503436763
823,1.0327675680478414
824,1.019271239693997
825,1.028309501164445
826,1.0227331356482934
827,1.0196205770988658
828,1.036402496063123
829,1.02982818639355
830,1.0120482497023575
831,1.030488007241552
832,1.0466814346293332
833,1.0217304380312262
834,1.017113199392212
835,1.0195560962995227
836,1.0678714897794428
837,1.0275410615963296
838,1.0159906495769087
839,1.0219946192462406
840,1.0116590710101292
841,1.0365785340481737
842,1.0548291229494426
843,1.0491113943074766
844,1.0510899825249693
845,1.0106500318831015
846,1.0199745363626376
847,1.0486207838393955
848,1.0144932020316497
849,1.02099337234962
850,1.0548291229494426
851,1.0347233295213665
852,1.0316088717946488
853,1.0174370929274743
854,1.046236428408104
855,1.0660750530635206
856,1.0275078940323594
857,1.0158435828448968
858,1.030456156278652
859,1.0161853139086903
860,1.0359884380170328
861,1.0196597459367989
862,1.0190620792033662
863,1.012844409087226
864,1.0160898909278904
865,1.0354977013127213
866,1.0477422457798542
867,1.0298974488589425
868,1.019980463561496
869,1.038940035438144
870,1.0238673391317232
871,1.0275157616832926
872,1.0154105103130324
873,1.0854884878493747
874,1.0362607979566754
875,1.0332039032850868
876,1.0266694864336796
877,1.020425265403643
878,1.0566946717040178
879,1.0690943282101397
880,1.031724131036155
881,1.0269247737461005
882,1.0194605883645134
883,1.008365733646569
884,1.0725408533236158
885,1.036931731206251
886,1.013484243688229
887,1.013989590217273
888,1.0258094463483718
889,1.0455533441685232
890,1.025862340405266
891,1.0837290171381884
892,1.0155207134913933
893,1.0222667127371368
894,1.0215643802341685
895,1.0123659508624985
896,1.012055612169808
897,1.0252755358169434
898,1.099001498077472
899,1.0278523126191008
900,1.0305623095233514
901,1.0357951803991354
902,1.0102511387728474
903,1.0419166817298406
904,1.035344557481714
905,1.0228608880014822
906,1.0215643802341685
907,1.0372541237442976
908,1.0419166817298406
909,1.0500580593987343
910,1.1064788102077512
911,1.0695502485229536
912,1.0229756150014506
913,1.0327766981891966
914,1.0177883133820245
915,1.0116537127160512
916,1.025862340405266
917,1.0176897595211312
918,1.046268464720265
919,1.0383415312211315
920,1.0313727422756482
921,1.0546030930357981
922,1.0265277512477617
923,1.0286924409542093
924,1.0277352357617235
925,1.0337209127516078
926,1.02099337234962
927,1.0174857884336652
928,1.0212543649235422
929,1.0195982750945118
930,1.0192775777992822
931,1.010189858197105
932,1.0051643465723352
933,1.036442630278198
934,1.0178370792000329
935,1.0404896337305465
936,1.0389160114192193
937,1.027198559943557
938,1.0440635984988589
939,1.0597867802187726
940,1.010590022145028
941,1.1078392889881696
942,1.0529585985402314
943,1.0234308258162679
944,1.046778990323974
945,1.0597867802187726
946,1.01785997260896
947,1.0597867802187726
948,1.021651607884476
949,1.0234945159912225
950,1.0286924409542093
951,1.0330092778851458
952,1.0305623095233514
953,1.0310569220752324
954,1.0238548356146053
955,1.0065747647552077
956,1.0199240312233167
957,1.026685336485304
958,1.035606953200059
959,1.016060613972586
960,1.0117052176183803
961,1.0267983180462796
962,1.0266616402539028
963,1.046268464720265
964,1.0914435227821406
965,1.046236428408104
966,1.0327766981891966
967,1.0235885232174955
968,1.0861616052724066
969,1.00993257706886
970,1.0085788209781263
971,1.0274153211861716
972,1.0184668166020558
973,1.0111169836189575
974,1.0536640525600236
975,1.0651958967650412
976,1.0046468414908796
977,1.0322626499517986
978,1.0248306509297371
979,1.0167174627228368
980,1.0322819108855188
981,1.0320595368124914
982,1.010971360812428
983,1.0175243602062876
984,1.017723556340624
985,1.0327584907823386
986,1.0192405008616037
987,1.018787344995984
988,1.02526470908147
989,1.0477422457798542
990,1.0253475198481823
991,1.0166675216375707
992,1.0355471914068104
993,1.0368684196507327
994,1.020796746021271
995,1.0303028589041836
996,1.017113199392212
997,1.015524462678666
998,1.03435818827093
999,1.104218383187141
1000,1.0231397726341043
1001,1.015780686138972
1002,1.0471829075768608
1003,1.0232732507626745
1004,1.014753545756263
1005,1.0154105103130324
1006,1.0136963973468422
1007,1.0162167665893393
1008,1.0080783528599306
1009,1.0260917314167908
1010,1.022513152284568
1011,1.0116590710101292
1012,1.0332576133663394
1013,1.0066087763460192
1014,1.026685336485304
1015,1.0300914071226612
1016,1.031448614793434
1017,1.0402706216900335
1018,1.0049796016430648
1019,1.0352785935542599
1020,1.0942286839197344
1021,1.0398660465352414
1022,1.009372575591917
1023,1.0116590710101292
1024,1.013989590217273
1025,1.0190981377744934
1026,1.0246774531196883
1027,1.0157515961470478
1028,1.0253225336862044
1029,1.0230883849785477
1030,1.0911456189857283
1031,1.0360932984136915
1032,1.03296520981257
1033,1.0787825811231402
1034,1.0145069752433151
1035,1.0469392294106985
1036,1.0407957743103706
1037,1.0244425628309164
1038,1.0480306623180833
1039,1.0731992817283116
1040,1.042333671098215
1041,1.020850465686389
1042,1.0260917314167908
1043,1.0228996698161898
1044,1.0259959550205828
1045,1.0122879733714993
1046,1.0640436322053848
1047,1.0315214410374876
1048,1.069039673446291
1049,1.0302694958962195
1050,1.0250236028246198
1051,1.0270004154066632
1052,1.0477422457798542
1053,1.0255362362455578
1054,1.1559275311096187
1055,1.0556133439676956
1056,1.0204285549427832
1057,1.0114895393076437
1058,1.0205392350427922
1059,1.0546030930357981
1060,1.022057461320089
1061,1.0376887277890756
1062,1.025861302274199
1063,1.038243808290889
1064,1.0388493502810234
1065,1.0199745363626376
1066,1.032390136821879
1067,1.026685336485304
1068,1.0647048928205876
1069,1.123602598844919
1070,1.0938133061726882
1071,1.0206302165028076
1072,1.0193073764904452
1073,1.013949821678096
1074,1.0192543031200791
1075,1.0793776448080448
1076,1.0352743436055134
1077,1.0109843418986635
1078,1.0680223489741967
1079,1.0145888889107453
1080,1.0247850831341383
1081,1.0546867692639408
1082,1.024955545328885
1083,1.0286192704347938
1084,1.015087314708325
1085,1.0154105103130324
1086,1.0210977061241457
1087,1.0120319937876758
1088,1.017454292062065
1089,1.0137770579902117
1090,1.0349065521925218
1091,1.0342418980324943
1092,1.0725408533236158
1093,1.0262286938190526
1094,1.0549666081604865
1095,1.0145069752433151
1096,1.045526986481668
1097,1.0536447866770207
1098,1.0207284148731286
1099,1.0772757006787808
1100,1.0303028589041836
1101,1.0324760787546856
1102,1.0784846764180538
1103,1.0230411501657755
1104,1.015480844076207
1105,1.0180547451555813
1106,1.0357562907155549
1107,1.0161486031454907
1108,1.0226916060765479
1109,1.0166675216375707
1110,1.0827382422538288
1111,1.016902017442463
1112,1.0296538886687656
1113,1.007160226332886
1114,1.0725609686215825
1115,1.0225695396971293
1116,1.0254912484266934
1117,1.0241372587373516
1118,1.032390136821879
1119,1.0272352148162835
1120,1.027356541609818
1121,1.014865630391661
1122,1.015087314708325
1123,1.055996761245872
1124,1.0309768827614554
1125,1.0212342160133683
1126,1.032062578058822
1127,1.0132393834699878
1128,1.0212543649235422
1129,1.0349065521925218
1130,1.1179791601288185
1131,1.01289689274833
1132,1.0267668419354237
1133,1.0246289877665837
1134,1.0348601153399994
1135,1.0106500318831015
1136,1.0215843906632012
1137,1.0190495524883285
1138,1.0308442233527126
1139,1.072566777604766
1140,1.029295644930686
1141,1.0063465480546827
1142,1.0260219361332705
1143,1.0859211626509113
1144,1.0223900494602645
1145,1.0268509378423882
1146,1.0167174627228368
1147,1.0376861874143755
1148,1.0348601153399994
1149,1.0191633122889852
1150,1.0223113921591644
1151,1.008365733646569
1152,1.0455533441685232
1153,1.014835627778098
1154,1.0243044864935553
1155,1.0196597459367989
1156,1.046945153682079
1157,1.0192775777992822
1158,1.0053709019796255
1159,1.0144773919161418
1160,1.0384143178176404
1161,1.1358231406598491
1162,1.0282868297738814
1163,1.010189858197105
1164,1.0828892712782077
1165,1.0156441638473395
1166,1.0190981377744934
1167,1.0480306623180833
1168,1.0379027502948175
1169,1.0282376936288957
1170,1.0400124143625478
1171,1.02235620603496
1172,1.0122485432407962
1173,1.0244628096372375
1174,1.0102039731511059
1175,1.016256629345686
1176,1.0386701947466266
1177,1.015735665043196
1178,1.0827382422538288
1179,1.0190774288603863
1180,1.0337209127516078
1181,1.021111737469209
1182,1.0171709905472845
1183,1.049189142256109
1184,1.0303372328599616
1185,1.01852497808572
1186,1.0193189936286298
1187,1.0188222045890658
1188,1.0484243008811525
1189,1.0436207662563162
1190,1.013484243688229
1191,1.0242467791499679
1192,1.013989590217273
1193,1.016420856858438
1194,1.0162936500581
1195,1.0234808703685645
1196,1.0158435828448968
1197,1.0123659508624985
1198,1.0838321691696116
1199,1.0456559851276657
1200,1.0362607979566754
1201,1.0204285549427832
1202,1.0148105658448197
1203,1.0084120979730526
1204,1.0207371134321528
1205,1.012685506032232
1206,1.0175929350183426
1207,1.0443482277710032
1208,1.0448626133573162
1209,1.0293777092833025
1210,1.0174857884336652
1211,1.0128579352611522
1212,1.0303028589041836
1213,1.0174917699530321
1214,1.0325702723607155
1215,1.0137770579902117
1216,1.0600442288204452
1217,1.0486207838393955
1218,1.0198722042755537
1219,1.0322626499517986
1220,1.0329871970310822
1221,1.0343741620611244
1222,1.075006616875688
1223,1.0351999039300548
1224,1.0332390716488422
1225,1.017113199392212
1226,1.0072832958874003
1227,1.059997126273828
1228,1.038940035438144
1229,1.0991626847491718
1230,1.0185794503477557
1231,1.0445248945922283
1232,1.0401952136865584
1233,1.0253225336862044
1234,1.028309501164445
1235,1.0226916060765479
1236,1.022513152284568
1237,1.0174459852619564
1238,1.008399812843868
1239,1.0719588560209843
1240,1.0225229975199108
1241,1.0252817230447215
1242,1.0257710186768252
1243,1.0212342160133683
1244,1.0456779578293383
1245,1.030488007241552
1246,1.0305623095233514
1247,1.0386787817635725
1248,1.0328861576710182
1249,1.0278426909435625
1250,1.013735354202158
1251,1.0261388462668344
1252,1.0437933132750965
1253,1.0568374296871286
1254,1.025877475500189
1255,1.0080806026547775
1256,1.0144773919161418
1257,1.0276038916206065
1258,1.0384040595524087
1259,1.0240423235943503
1260,1.0265277512477617
1261,1.0911456189857283
1262,1.02526470908147
1263,1.0275157616832926
1264,1.019271239693997
1265,1.0250157819265715
1266,1.0598894039982878
1267,1.0288103051482167
1268,1.0228955999175693
1269,1.1064788102077512
1270,1.048856377897068
1271,1.0409953036105224
1272,1.1568678358358784
1273,1.0261388462668344
1274,1.0148105658448197
1275,1.0180542781891637
1276,1.01377031681195
1277,1.0303028589041836
1278,1.0162026253880727
1279,1.0184446315490212
1280,1.0837290171381884
1281,1.0273422937846513
1282,1.0352023983664451
1283,1.0222667127371368
1284,1.0283694474404366
1285,1.0304311099919274
1286,1.0214477087877776
1287,1.0361994156029954
1288,1.02526470908147
1289,1.0257710186768252
1290,1.0188821650504263
1291,1.0205392350427922
1292,1.0120482497023575
1293,1.027385518287089
1294,1.0168160291370172
1295,1.0323873437148903
1296,1.008390134186727
1297,1.0223029753693222
1298,1.0163638483997164
1299,1.017896091211531
1300,1.008399812843868
1301,1.0128579352611522
1302,1.0295580251830592
1303,1.0121201657468062
1304,1.010590022145028
1305,1.0556133439676956
1306,1.0157843774387425
1307,1.0295530291306418
1308,1.0534877404355032
1309,1.0991626847491718
1310,1.0182914548843518
1311,1.023626328500098
1312,1.0154511627632958
1313,1.0607597994867308
1314,1.0120319937876758
1315,1.0121201657468062
1316,1.1214360517012483
1317,1.0499933053075012
1318,1.0149203812396892
1319,1.0057686270928972
1320,1.0179962819890567
1321,1.016207170620258
1322,1.0234911931115875
1323,1.059997126273828
1324,1.0304423762787884
1325,1.0121613038589743
1326,1.0391225304927372
1327,1.0107934111898198
1328,1.1161082311485395
1329,1.0105455243941361
1330,1.005305210459871
1331,1.0368684196507327
1332,1.036751449489802
1333,1.0372541237442976
1334,1.008355143936548
1335,1.0364366452822853
1336,1.008355143936548
1337,1.0536447866770207
1338,1.0021453670582035
1339,1.0043386944403632
1340,1.0793776448080448
1341,1.0112496431338704
1342,1.0164790861890858
1343,1.0376861874143755
1344,1.0248306509297371
1345,1.0191902093081395
1346,1.0234308258162679
1347,1.0223029753693222
1348,1.0478906224215812
1349,1.0176988940726979
1350,1.0503947571365844
1351,1.0308442233527126
1352,1.0436207662563162
1353,1.0149203812396892
1354,1.036402496063123
1355,1.0218984809036242
1356,1.0168929151626183
1357,1.0149290011887662
1358,1.0028799624592104
1359,1.0379027502948175
1360,1.0556133439676956
1361,1.0455533441685232
1362,1.022003997359351
1363,1.0260788310913675
1364,1.0398192185964987
1365,1.021200017431814
1366,1.0306469363072557
1367,1.0132458708823449
1368,1.0219678372536924
1369,1.0324760787546856
1370,1.0361704354755243
1371,1.0111433713350224
1372,1.0262286938190526
1373,1.0171075928399846
1374,1.0320977024431668
1375,1.0415294870163572
1376,1.0516478881369167
1377,1.0188821650504263
1378,1.015351614713673
1379,1.0232866062650163
1380,1.0280247204839104
1381,1.0417487656229663
1382,1.033941245123396
1383,1.0157515961470478
1384,1.027356541609818
1385,1.038940035438144
1386,1.0455014295516971
1387,1.0359884380170328
1388,1.056596149575648
1389,1.0500580593987343
1390,1.0276375526246175
1391,1.0477422457798542
1392,1.026030104756836
1393,1.0362607979566754
1394,1.0238899996796336
1395,1.0276038916206065
1396,1.0647048928205876
1397,1.0392198382616122
1398,1.040952873200759
1399,1.0184446315490212
1400,1.0815055407662606
1401,1.0190981377744934
1402,1.0158451039311063
1403,1.01289689274833
1404,1.0253195325049476
1405,1.0303642634177261
1406,1.030456156278652
1407,1.006753231183506
1408,1.014753545756263
1409,1.042146036083762
1410,1.0253475198481823
1411,1.0195560962995227
1412,1.0060749630045396
1413,1.046945153682079
1414,1.0203530177633928
1415,1.0419417111199833
1416,1.0193929635619279
1417,1.017896091211531
1418,1.0228081018685322
1419,1.0193308249363633
1420,1.0568688943502937
1421,1.0332576133663394
1422,1.0352785935542599
1423,1.0303372328599616
1424,1.017786815617619
1425,1.0215643802341685
1426,1.0176897595211312
1427,1.0525679032092095
1428,1.0149290011887662
1429,1.020955118053526
1430,1.0384183116619286
1431,1.0322819108855188
1432,1.0411320256022023
1433,1.0388395775106536
1434,1.0660750530635206
1435,1.0861616052724066
1436,1.0266694864336796
1437,1.1001091048864442
1438,1.0282376936288957
1439,1.0167846780336505
1440,1.0203919511668513
1441,1.0303372328599616
1442,1.0330563804269095
1443,1.0448207171373591
1444,1.0417898708918232
1445,1.0234808703685645
1446,1.0122802342936696
1447,1.0173967073624104
1448,1.0694744594714285
1449,1.072566777604766
1450,1.0454111024578903
1451,1.021011684673909
1452,1.0308370676370129
1453,1.0118645730909832
1454,1.0116590710101292
1455,1.0260917314167908
1456,1.017123649207896
1457,1.014038294197047
1458,1.0112496431338704
1459,1.0309768827614554
1460,1.0213908287465279
1461,1.0276822944328399
1462,1.0253475198481823
1463,1.0122879733714993
1464,1.0238548356146053
1465,1.0344745271541027
1466,1.0148105658448197
1467,1.0159906495769087
1468,1.0324423024364746
1469,1.0341904323388553
1470,1.0125620846350836
1471,1.0100465399509566
1472,1.0150449495444873
1473,1.0225830761131163
1474,1.053355927624993
1475,1.032669939858015
1476,1.0296538886687656
1477,1.036508828401696
1478,1.0175783783017565
1479,1.0397827231210557
1480,1.0369611037505284
1481,1.0306469363072557
1482,1.0292358061056248
1483,1.0180547451555813
1484,1.046236428408104
1485,1.0356475637427072
1486,1.0161322010343803
1487,1.0234288219281298
1488,1.0795120008683052
1489,1.0395572666071617
1490,1.0228416205179505
1491,1.146510523401572
1492,1.019980463561496
1493,1.0086716646802334
1494,1.0516478881369167
1495,1.0330441919312852
1496,1.1568678358358784
1497,1.0174069022329175
1498,1.0323873437148903
1499,1.0844047558887209
1500,1.0072832958874003
1501,1.0417898708918232
1502,1.0134343105264985
1503,1.0456559851276657
1504,1.0279309280786955
1505,1.0472493277461874
1506,1.027198559943557
1507,1.0309768827614554
1508,1.0274029851657092
1509,1.0330441919312852
1510,1.0316088717946488
1511,1.0290140622409998
1512,1.0560005047431145
1513,1.0240787087169458
1514,1.0066518985165842
1515,1.0362577432279239
1516,1.0234808703685645
1517,1.0244425628309164
1518,1.0138723731184447
1519,1.0323873437148903
1520,1.0102039731511059
1521,1.0450148270015114
1522,1.0244425628309164
1523,1.0252641852676823
1524,1.033941245123396
1525,1.0164784171757542
1526,1.0218400730391302
1527,1.0204285549427832
1528,1.028469069645512
1529,1.0462439414454674
1530,1.0352785935542599
1531,1.0233307944414578
1532,1.0306469363072557
1533,1.0261096611380793
1534,1.085010979993105
1535,1.0344877933339673
1536,1.0610429455968298
1537,1.035927592207922
1538,1.0234308258162679
1539,1.0242123343678002
1540,1.0546867692639408
1541,1.031448614793434
1542,1.0173458877532724
1543,1.0423558503436763
1544,1.051837539130975
1545,1.0230936055185924
1546,1.0119658263469635
1547,1.0237330095073056
1548,1.0637328366452985
1549,1.021173246046373
1550,1.0192543031200791
1551,1.0598894039982878
1552,1.0356355331277307
1553,1.0248405602049995
1554,1.0266808356743171
1555,1.0313727422756482
1556,1.0233307944414578
1557,1.0129740568650822
1558,1.0384143178176404
1559,1.0275078940323594
1560,1.0276038916206065
1561,1.0355471914068104
1562,1.0290440731620498
1563,1.0128579352611522
1564,1.027374002250876
1565,1.0633546353390757
1566,1.0419794086226748
1567,1.0219946192462406
1568,1.042655205459989
1569,1.0396496891572005
1570,1.008355143936548
1571,1.0145789309898519
1572,1.0971150966644987
1573,1.0326423695364833
1574,1.0273422937846513
1575,1.0136933250443294
1576,1.0256193302197951
1577,1.0396496891572005
1578,1.0084120979730526
1579,1.0154511627632958
1580,1.0568374296871286
1581,1.036931731206251
1582,1.0298535435783784
1583,1.0279309280786955
1584,1.0396496891572005
1585,1.0541800432130388
1586,1.019514092205825
1587,1.0495274697407893
1588,1.0386701947466266
1589,1.0207270174863141
1590,1.0154041551641948
1591,1.0269247737461005
1592,1.034184224783874
1593,1.0560005047431145
1594,1.051837539130975
1595,1.0330563804269095
1596,1.0151587194701868
1597,1.0225765486273366
1598,1.0043386944403632
1599,1.0305028110153458
1600,1.0837290171381884
1601,1.0233948215585538
1602,1.0158451039311063
1603,1.0189840715668956
1604,1.0257139200033973
1605,1.0389160114192193
1606,1.017786815617619
1607,1.0288839949723259
1608,1.0390550566944432
1609,1.0647048928205876
1610,1.0215843906632012
1611,1.032062578058822
1612,1.0190495524883285
1613,1.0191633122889852
1614,1.0277901431892822
1615,1.0196205770988658
1616,1.0207324647407803
1617,1.0225765486273366
1618,1.0233948215585538
1619,1.046945153682079
1620,1.0069352250559658
1621,1.0450729869233537
1622,1.0146852897302485
1623,1.083245482958779
1624,1.0828892712782077
1625,1.0303028589041836
1626,1.0303028589041836
1627,1.0448207171373591
1628,1.0546867692639408
1629,1.015087314708325
1630,1.0419417111199833
1631,1.0234043346053818
1632,1.0179300001443927
1633,1.0296882526156297
1634,1.019514092205825
1635,1.0194605883645134
1636,1.0218984809036242
1637,1.012685506032232
1638,1.010590022145028
1639,1.028469069645512
1640,1.0194605883645134
1641,1.1062915320863969
1642,1.0311925600425187
1643,1.0637099597284696
1644,1.0195982750945118
1645,1.0198315610445772
1646,1.0415294870163572
1647,1.0304311099919274
1648,1.0180542781891637
1649,1.0279309280786955
1650,1.0568374296871286
1651,1.0132458708823449
1652,1.0376861874143755
1653,1.0122802342936696
1654,1.0308442233527126
1655,1.0398572722269415
1656,1.0493221017962278
1657,1.0192405008616037
1658,1.0330441919312852
1659,1.0415385580372127
1660,1.0290140622409998
1661,1.0122379439595999
1662,1.008390134186727
1663,1.0179614215778772
1664,1.0295530291306418
1665,1.0293422151330176
1666,1.0207371134321528
1667,1.0327085387836084
1668,1.0699789826803217
1669,1.0298535435783784
1670,1.0185794503477557
1671,1.013949821678096
1672,1.021235199291233
1673,1.0310481342217794
1674,1.008399812843868
1675,1.0407559026405018
1676,1.0257676364791344
1677,1.043334027013505
1678,1.0180542781891637
1679,1.0395572666071617
1680,1.0349065521925218
1681,1.027356541609818
1682,1.0322202567747327
1683,1.0648222604172601
1684,1.0230411501657755
1685,1.069039673446291
1686,1.0153547746085332
1687,1.016207170620258
1688,1.0212543649235422
1689,1.025861302274199
1690,1.036582531326992
1691,1.012279921575751
1692,1.0203530177633928
1693,1.0463019599017322
1694,1.0197739446190228
1695,1.0120482497023575
1696,1.0152791875778007
1697,1.0304139627389077
1698,1.0196597459367989
1699,1.0435930242715943
1700,1.0465352631484173
1701,1.0237936511586545
1702,1.0379027502948175
1703,1.0155727132646575
1704,1.0242123343678002
1705,1.0560961507194866
1706,1.0257139200033973
1707,1.0184446315490212
1708,1.023321596762863
1709,1.0660750530635206
1710,1.0112496431338704
1711,1.033314546440788
1712,1.0265277512477617
1713,1.010553399733897
1714,1.0138810538439478
1715,1.069039673446291
1716,1.009664233253663
1717,1.0174370929274743
1718,1.0411320256022023
1719,1.0154105103130324
1720,1.0091228760661306
1721,1.0254912484266934
1722,1.0219678372536924
1723,1.0197314729097582
1724,1.0235885232174955
1725,1.0193929635619279
1726,1.0389160114192193
1727,1.03166578238945
1728,1.0288839949723259
1729,1.0191207569414282
1730,1.0328729072795173
1731,1.0257139200033973
1732,1.023321596762863
1733,1.0257139200033973
1734,1.0158435828448968
1735,1.0690943282101397
1736,1.028262483642657
1737,1.0247217059213034
1738,1.0489997437171472
1739,1.0230936055185924
1740,1.0467531844564468
1741,1.0389160114192193
1742,1.0136933250443294
1743,1.0178652344651549
1744,1.0357562907155549
1745,1.0250236028246198
1746,1.0339748990264217
1747,1.030262037572833
1748,1.0267983180462796
1749,1.0119658263469635
1750,1.0400124143625478
1751,1.0132458708823449
1752,1.0201204942075757
1753,1.0240423235943503
1754,1.0074365372465914
1755,1.0123880339514193
1756,1.026685336485304
1757,1.0438795787892419
1758,1.1001091048864442
1759,1.0301644370713594
1760,1.0225350573823933
1761,1.0191207569414282
1762,1.0328978044506798
1763,1.032390136821879
1764,1.0413253307968606
1765,1.0523866034156566
1766,1.0648222604172601
1767,1.0341418886898026
1768,1.02196935243626
1769,1.0074020125586438
1770,1.022408615171189
1771,1.0841671791449015
1772,1.0489997437171472
1773,1.0154454003831206
1774,1.0182914046362037
1775,1.0100465399509566
1776,1.0057614591935349
1777,1.0457064121311352
1778,1.0549666081604865
1779,1.0276375526246175
1780,1.0194023957085576
1781,1.015087314708325
1782,1.0272225311409
1783,1.0107934111898198
1784,1.0181946819269805
1785,1.0648222604172601
1786,1.0173753727765396
1787,1.0865222746338488
1788,1.0274029851657092
1789,1.0253475198481823
1790,1.0242682620567995
1791,1.0301644370713594
1792,1.029295644930686
1793,1.0338091710340707
1794,1.0417898708918232
1795,1.0259307977587424
1796,1.0466814346293332
1797,1.123602598844919
1798,1.0069352250559658
1799,1.0339748990264217
1800,1.0388395775106536
1801,1.0162167665893393
1802,1.030456156278652
1803,1.0464215685879665
1804,1.0262286938190526
1805,1.058923886277521
1806,1.0371279420695856
1807,1.035344557481714
1808,1.0388493502810234
1809,1.0098454165297837
1810,1.0120289525670816
1811,1.0391225304927372
1812,1.022513152284568
1813,1.0280021546530427
1814,1.050950051495186
1815,1.0336175050190186
1816,1.0228996698161898
1817,1.029445449210482
1818,1.0664680883363427
1819,1.0053709019796255
1820,1.0305474114100466
1821,1.0191703163102264
1822,1.0091724219284588
1823,1.0142708201653536
1824,1.0203530177633928
1825,1.0267983180462796
1826,1.0218984809036242
1827,1.063224677839367
1828,1.0520676544494931
1829,1.0424245372378331
1830,1.0518473417238727
1831,1.0219946192462406
1832,1.0319059085085465
1833,1.0332576133663394
1834,1.0278122622593526
1835,1.0119658263469635
1836,1.015625170396306
1837,1.0154849719827048
1838,1.021111737469209
1839,1.02099337234962
1840,1.023953392292576
1841,1.011525312573647
1842,1.0299001664601874
1843,1.1001091048864442
1844,1.034019287938571
1845,1.0355471914068104
1846,1.0338091710340707
1847,1.042655205459989
1848,1.0772757006787808
1849,1.0174857884336652
1850,1.025862340405266
1851,1.0300016236569558
1852,1.028797916370801
1853,1.0132458708823449
1854,1.0293422151330176
1855,1.0475282331624647
1856,1.0422464523263493
1857,1.008399812843868
1858,1.0296882526156297
1859,1.035606953200059
1860,1.01375930494409
1861,1.0438795787892419
1862,1.012844409087226
1863,1.0246060952053697
1864,1.0381432332920133
1865,1.0091724219284588
1866,1.0233307944414578
1867,1.0213908287465279
1868,1.0192775777992822
1869,1.0203086470776808
1870,1.0148105658448197
1871,1.0332039032850868
1872,1.0465352631484173
1873,1.0179300001443927
1874,1.015780686138972
1875,1.008312913934516
1876,1.0058978204921758
1877,1.0357951803991354
1878,1.0119739949715143
1879,1.0426011704311209
1880,1.0438795787892419
1881,1.0489997437171472
1882,1.0304139627389077
1883,1.027255664504215
1884,1.0278122622593526
1885,1.038243808290889
1886,1.0092610364888075
1887,1.0262286938190526
1888,1.0207055717948776
1889,1.028309501164445
1890,1.0360932984136915
1891,1.0153547746085332
1892,1.0546030930357981
1893,1.0231397726341043
1894,1.0499933053075012
1895,1.014753545756263
1896,1.1064788102077512
1897,1.0215843906632012
1898,1.0162167665893393
1899,1.0212543649235422
1900,1.0393026039406696
1901,1.075006616875688
1902,1.045280896154228
1903,1.0122379439595999
1904,1.1077890280304163
1905,1.0417898708918232
1906,1.019271239693997
1907,1.0575423271920004
1908,1.053475044574018
1909,1.021727739313393
1910,1.0211278518769409
1911,1.0328978044506798
1912,1.0207284148731286
1913,1.0287019372344206
1914,1.017454292062065
1915,1.023626328500098
1916,1.01852497808572
1917,1.016828324141345
1918,1.0235149267633556
1919,1.0178944378326855
1920,1.0218400730391302
1921,1.0938133061726882
1922,1.0491113943074766
1923,1.0106771495550102
1924,1.117110839828563
1925,1.0144773919161418
1926,1.0227518188741909
1927,1.0328729072795173
1928,1.0296216112945222
1929,1.0296216112945222
1930,1.0448207171373591
1931,1.0413253307968606
1932,1.0137770579902117
1933,1.0206302165028076
1934,1.011565694426649
1935,1.0243137417748565
1936,1.036931731206251
1937,1.0114895393076437
1938,1.052176045421136
1939,1.0283694474404366
1940,1.0041030476894979
1941,1.0352023983664451
1942,1.021200017431814
1943,1.146510523401572
1944,1.0074365372465914
1945,1.0477422457798542
1946,1.0407516153552632
1947,1.0110082424819826
1948,1.013735354202158
1949,1.0456779578293383
1950,1.0112496431338704
1951,1.0451205219629898
1952,1.0272352148162835
1953,1.0796572904461308
1954,1.0125609572421557
1955,1.0322452972687444
1956,1.0195135344300108
1957,1.0191206220368476
1958,1.0386523732759823
1959,1.0500580593987343
1960,1.0052798115680999
1961,1.0815055407662606
1962,1.0051643465723352
1963,1.0323873437148903
1964,1.0249399342144923
1965,1.027385518287089
1966,1.039394949692276
1967,1.012844409087226
1968,1.0174370929274743
1969,1.0411002198054402
1970,1.038243808290889
1971,1.0357562907155549
1972,1.0257745228666466
1973,1.0301644370713594
1974,1.0182914548843518
1975,1.0169448947327289
1976,1.0280021546530427
1977,1.029445449210482
1978,1.0191703163102264
1979,1.0154655164499788
1980,1.0482001853023473
1981,1.0547740462178175
1982,1.0167174627228368
1983,1.0328978044506798
1984,1.0546030930357981
1985,1.028682982141957
1986,1.0096799025381247
1987,1.0118645730909832
1988,1.043076712267268
1989,1.0489198174615146
1990,1.0168929151626183
1991,1.0254568081870807
1992,1.0175243602062876
1993,1.0463019599017322
1994,1.0384183116619286
1995,1.085010979993105
1996,1.0066518985165842
1997,1.0597867802187726
1998,1.0408610673389405
1999,1.030456156278652
2000,1.0305028110153458
2001,1.0132393834699878
2002,1.0372541237442976
2003,1.017530381524621
2004,1.0207055717948776
2005,1.0247053638556622
2006,1.0404516591704212
2007,1.0171709905472845
2008,1.0357951803991354
2009,1.0443450709757878
2010,1.0376887277890756
2011,1.0401952136865584
2012,1.0100465399509566
2013,1.0259307977587424
2014,1.056596149575648
2015,1.1078392889881696
2016,1.0254568081870807
2017,1.0320404623646833
2018,1.0556133439676956
2019,1.035899444534297
2020,1.0165094236328482
2021,1.0041030476894979
2022,1.0248201213523518
2023,1.0536640525600236
2024,1.0240787087169458
2025,1.0195982750945118
2026,1.0302397159434633
2027,1.0435930242715943
2028,1.0770414671795572
2029,1.0155430021242267
2030,1.0222636441395208
2031,1.0649749583056605
2032,1.0201875347957052
2033,1.0655646981155928
2034,1.0099973754282707
2035,1.0647160297126024
2036,1.0232858111758985
2037,1.0633624722742838
2038,1.029543374539201
2039,1.0427738535490656
2040,1.068350222923354
2041,1.009232293229392
2042,1.0325718508049029
2043,1.0580212481603968
2044,1.0099708679462072
2045,1.0149450573727083
2046,1.0613906192174827
2047,1.0172613429081228
2048,1.0342460769937807
2049,1.0165402770230219
2050,1.0901034139405603
2051,1.0413911015519692
2052,1.0184714738023346
2053,1.0667157521589397
2054,1.0188734309647156
2055,1.0305613239658684
2056,1.031207247216811
2057,1.0113683428562086
2058,1.06204220712622
2059,1.1098149264275414
2060,1.0186943394392278
2061,1.042200949933535
2062,1.0383799009795882
2063,1.094487852516363
2064,1.0266379310146343
2065,1.018403875909287
2066,1.0349704645355513
2067,1.025860961672708
2068,1.086493007333299
2069,1.011535363441724
2070,1.0411300511916068
2071,1.0320900241424595
2072,1.0517624357154316
2073,1.0566327210459587
2074,1.0242174997600044
2075,1.0287639158300983
2076,1.0288690104639047
2077,1.0199515843967586
2078,1.0201515315747867
2079,1.024941234408021
2080,1.0285787070093264
2081,1.0540448746855162
2082,1.0310638929627427
2083,1.0268419185599031
2084,1.0266398714972884
2085,1.0279462314962917
2086,1.0528436132875516
2087,1.0087786850841691
2088,1.0751445579595735
2089,1.0421944913567958
2090,1.041422924092607
2091,1.0133297847064908
2092,1.0423033992288606
2093,1.0171260020281532
2094,1.0201082210105008
2095,1.0130350124410665
2096,1.0205211012093776
2097,1.0247815846296013
2098,1.025860961672708
2099,1.0412575322811197
2100,1.0313509247036419
2101,1.0665990799581186
2102,1.0184714738023346
2103,1.0494929894430334
2104,1.0120871495674861
2105,1.0597900719897446
2106,1.095323852163244
2107,1.0561564284733689
2108,1.0358674634622715
2109,1.0208228979700125
2110,1.008563385291386
2111,1.047857197684152
2112,1.00901629054974
2113,1.039737631194913
2114,1.0885945930566834
2115,1.0113554080582488
2116,1.0358681813677528
2117,1.023453490217036
2118,1.0150359924253023
2119,1.037227741710691
2120,1.0169415142180132
2121,1.0457138148622258
2122,1.0257219542387157
2123,1.041245315819287
2124,1.0231258025782448
2125,1.112971853556436
2126,1.0112585883175895
2127,1.0103175092146761
2128,1.0227630362586668
2129,1.0259922774394694
2130,1.0807571381493788
2131,1.0558548118831814
2132,1.0311817997952137
2133,1.0298667463855478
2134,1.0245114045905466
2135,1.0242380172561327
2136,1.0361349745719743
2137,1.0284420816244582
2138,1.0163913364708137
2139,1.1273639114810687
2140,1.01979808325612
2141,1.0238125612769462
2142,1.0149865465865628
2143,1.0234174417383823
2144,1.0066078729952068
2145,1.0424828490344002
2146,1.0885945930566834
2147,1.028973283886129
2148,1.0559291481760271
2149,1.013861792389886
2150,1.0419271362967617
2151,1.0192949392791786
2152,1.0255895526363707
2153,1.110551865601843
2154,1.0261411922012986
2155,1.0443136285208416
2156,1.0378596589934608
2157,1.0307094358349185
2158,1.0207947827795314
2159,1.0590342043764724
2160,1.0139855406498381
2161,1.0100493411465536
2162,1.029373277180699
2163,1.0603408757726436
2164,1.0445040161602273
2165,1.0285287787566773
2166,1.025860961672708
2167,1.1082069120007823
2168,1.031347471149653
2169,1.0620729309605834
2170,1.0375314487511647
2171,1.070119432296683
2172,1.062043889826247
2173,1.0211552991397972
2174,1.0495020527217318
2175,1.0284537042439224
2176,1.019954300796675
2177,1.0183561254395812
2178,1.0206895695305245
2179,1.0176583463763076
2180,1.0291144313812761
2181,1.0100732671866535
2182,1.0138058616143688
2183,1.0266179458372282
2184,1.0178150448557108
2185,1.0336929183811774
2186,1.015658359805647
2187,1.0214989345483176
2188,1.0119947817047856
2189,1.029716775819931
2190,1.0644344615486814
2191,1.01390489492513
2192,1.029059982367311
2193,1.0913547785717619
2194,1.0397307293533757
2195,1.044927284858095
2196,1.0319065945427521
2197,1.0240023111321803
2198,1.0503886681044843
2199,1.0471882600683458
2200,1.0457861591718063
2201,1.004593239845023
2202,1.0491716877252149
2203,1.0319234101522348
2204,1.042066119154155
2205,1.0421528865771974
2206,1.06918550711776
2207,1.029149491319303
2208,1.0193650687162585
2209,1.009550065714122
2210,1.0212063862156004
2211,1.0665990799581186
2212,1.0318830145319495
2213,1.0370593355042228
2214,1.038127811576642
2215,1.01449462369333
2216,1.022886120808902
2217,1.0247790892169977
2218,1.0386414920857052
2219,1.0120539926478653
2220,1.041522174928592
2221,1.0333446491056195
2222,1.0325589771783579
2223,1.0270465798620796
2224,1.0694396409651736
2225,1.0311946907821865
2226,1.0215758364916148
2227,1.0254642322263618
2228,1.0192528887047358
2229,1.0268498320930826
2230,1.0321056114268035
2231,1.0355341265518399
2232,1.0213583902192598
2233,1.0233511077987643
2234,1.034224569046144
2235,1.0171260020281532
2236,1.0485510443030248
2237,1.015481325226677
2238,1.0421400243527539
2239,1.0095682916733861
2240,1.0195488509883965
2241,1.0185134388307084
2242,1.051982236883406
2243,1.017609296495837
2244,1.0630198021425488
2245,1.060315106367133
2246,1.0254676404902434
2247,1.073087692038672
2248,1.0158163171211976
2249,1.0177354732517325
2250,1.0633624722742838
2251,1.0220494327822254
2252,1.0261192589705692
2253,1.0290645321513496
2254,1.0252948603012284
2255,1.0981188867825797
2256,1.0362097257600322
2257,1.030561446345644
2258,1.0153035266002508
2259,1.0185334571725433
2260,1.0404039138870804
2261,1.0459830357558118
2262,1.064788787805956
2263,1.0371726574523605
2264,1.058239956701276
2265,1.026069473841358
2266,1.01386767751245
2267,1.0289917661154524
2268,1.0545200846269451
2269,1.0069250288938554
2270,1.06918550711776
2271,1.0239577738338244
2272,1.0217513250140955
2273,1.1076157565224605
2274,1.0846707247348237
2275,1.020098779597238
2276,1.0972713566081986
2277,1.0117623528881643
2278,1.0623897914803584
2279,1.0273969962233982
2280,1.0265322671841606
2281,1.0222503430309664
2282,1.0304690506593395
2283,1.0390169089342995
2284,1.023694404338052
2285,1.035583619979018
2286,1.083318133997519
2287,1.02745782765315
2288,1.0201082210105008
2289,1.0233511077987643
2290,1.016294079202008
2291,1.0252938844088184
2292,1.0354175039289089
2293,1.0188792255976595
2294,1.0189443084718128
2295,1.05251485542403
2296,1.043169615565874
2297,1.0268861197229389
2298,1.058503439328358
2299,1.041110861895643
2300,1.0151914894326903
2301,1.0196500908132842
2302,1.02361169652877
2303,1.015578492993668
2304,1.0570386987789255
2305,1.0576231668799594
2306,1.0178150448557108
2307,1.074352039238864
2308,1.0130281587703387
2309,1.011704034415627
2310,1.024768198821531
2311,1.0391765642204596
2312,1.0225938740740694
2313,1.0406275378395244
2314,1.0282744862383122
2315,1.0303804358020494
2316,1.0214324650256097
2317,1.046346067209551
2318,1.0277079401838851
2319,1.0072313591372564
2320,1.0153208939269918
2321,1.0244075822931127
2322,1.0735042398298487
2323,1.0258981917356143
2324,1.0185134388307084
2325,1.0423874594473965
2326,1.017559991412705
2327,1.0432784492325742
2328,1.017182867587708
2329,1.0453265459589483
2330,1.0311817997952137
2331,1.0213231845966377
2332,1.0134695372743068
2333,1.0424341126456365
2334,1.0463572074991943
2335,1.0062623977217962
2336,1.0429954274813056
2337,1.0259861467683404
2338,1.0077366606047533
2339,1.0115803201925364
2340,1.0212528434400157
2341,1.0219733166625908
2342,1.0292015960068852
2343,1.0095682916733861
2344,1.0197087221219168
2345,1.0168252390897017
2346,1.024992089850934
2347,1.083581571662973
2348,1.027912052122426
2349,1.0223216739966587
2350,1.0143330956901917
2351,1.0235193662633146
2352,1.0150335991130572
2353,1.042816529453599
2354,1.0259706177356889
2355,1.0318510142004085
2356,1.0216798403222964
2357,1.0302554241311441
2358,1.0075501458830693
2359,1.0474315241563659
2360,1.0354103877469534
2361,1.0352792346744821
2362,1.0646742433056227
2363,1.0229692887292086
2364,1.027966279206472
2365,1.0538479185889569
2366,1.024682286919234
2367,1.047869028332559
2368,1.0234476946940698
2369,1.037773860767275
2370,1.0102282956628723
2371,1.0130281587703387
2372,1.0210535754469143
2373,1.033213776194259
2374,1.0169013697584492
2375,1.0124266703763198
2376,1.0340174040803032
2377,1.049625035662718
2378,1.0693189729514057
2379,1.0242863022267683
2380,1.02873702104449
2381,1.0268212719531897
2382,1.007278634521386
2383,1.0263048681305913
2384,1.0315628576453686
2385,1.015253037945559
2386,1.0635480572589835
2387,1.048065600067632
2388,1.0740225999576962
2389,1.0082634367072238
2390,1.0234728164545537
2391,1.029292257078073
2392,1.0752320506523863
2393,1.0170137205812924
2394,1.0119159996648739
2395,1.0252938844088184
2396,1.0171227442512911
2397,1.024071813929051
2398,1.0143813816297444
2399,1.0092548364422633
2400,1.0241036258092961
2401,1.023144430698361
2402,1.029149491319303
2403,1.0712732337177793
2404,1.0252943229667348
2405,1.0254270049168746
2406,1.018182161664507
2407,1.0293532715912619
2408,1.0430646129533176
2409,1.0227304105189672
2410,1.0362272172670943
2411,1.0284284655045737
2412,1.0718975480919544
2413,1.0567075520415463
2414,1.0156643940497734
2415,1.0401846633205891
2416,1.0549263743203037
2417,1.0293027088823807
2418,1.0658051339835592
2419,1.0203448032809097
2420,1.0373479679952218
2421,1.0277244179138458
2422,1.01606670283387
2423,1.0185482765864642
2424,1.041522174928592
2425,1.0162423134559169
2426,1.0455218094609622
2427,1.0254642322263618
2428,1.0130641712981352
2429,1.0126597276817344
2430,1.0375429483457788
2431,1.0246596713936735
2432,1.055540977872143
2433,1.0027275273510734
2434,1.020501173830639
2435,1.06105128873732
2436,1.0352085360000831
2437,1.0690864576017323
2438,1.0454650915472476
2439,1.0906514825855929
2440,1.0551939676622406
2441,1.0170020804009419
2442,1.0239532357369086
2443,1.0221491308097215
2444,1.0266410259379168
2445,1.0502681461742278
2446,1.045165993893054
2447,1.0144401246718413
2448,1.0266179458372282
2449,1.0977911199269408
2450,1.0253831312993062
2451,1.0191006515600924
2452,1.071246090890103
2453,1.0244075822931127
2454,1.020890051249537
2455,1.0407392629737393
2456,1.0792447049527862
2457,1.0520743761068523
2458,1.0312529367205991
2459,1.0277367920477907
2460,1.0628144004191973
2461,1.0617195027934525
2462,1.0460036781773496
2463,1.0453908389359137
2464,1.0211161491967058
2465,1.0621036331396143
2466,1.029452353238801
2467,1.0512194403606259
2468,1.025267156292727
2469,1.0447591717742575
2470,1.0252288729905006
2471,1.0403794791580596
2472,1.038862575101979
2473,1.0261305467464066
2474,1.039844354511171
2475,1.022024862589091
2476,1.0447559199410639
2477,1.0460789102496224
2478,1.0537549281655365
2479,1.0441519628200935
2480,1.0375314487511647
2481,1.053378054795807
2482,1.0228616128994938
2483,1.0159636362456963
2484,1.045351983163708
2485,1.0125428292490273
2486,1.0109981319742523
2487,1.0144083107892492
2488,1.0197844169426105
2489,1.0234174417383823
2490,1.0763005638754513
2491,1.0253018375993592
2492,1.0094237360071914
2493,1.0615528441723345
2494,1.0280977316573456
2495,1.021003715962733
2496,1.0197241450437966
2497,1.0312882100327398
2498,1.0578329151700252
2499,1.0814060263370202
2500,1.0231811655646181
2501,1.0265322671841606
2502,1.0320648039491394
2503,1.0490158499182336
2504,1.0252537527704983
2505,1.0391795557221888
2506,1.0143813816297444
2507,1.0157751728722206
2508,1.0323308787369014
2509,1.0233164285105758
2510,1.0391639074143553
2511,1.0078222863000676
2512,1.0431169432580496
2513,1.0548733409208684
2514,1.0295419896697868
2515,1.0385896502917604
2516,1.0157027927838758
2517,1.0535386259912853
2518,1.0391342274211726
2519,1.0261090705657185
2520,1.0387002735028785
2521,1.0309463729191903
2522,1.0512194403606259
2523,1.0263285064151317
2524,1.0485510443030248
2525,1.0176126639304652
2526,1.0228276851535585
2527,1.064916120216481
2528,1.046346067209551
2529,1.0265527395394827
2530,1.0177703663779538
2531,1.0465305249335415
2532,1.0214311425817324
2533,1.0258551736020407
2534,1.0485510443030248
2535,1.074352039238864
2536,1.0589414293208967
2537,1.0165875395410777
2538,1.0997555869838898
2539,1.027445118405468
2540,1.059193929072678
2541,1.0782584117792182
2542,1.0242264631284614
2543,1.038459425521355
2544,1.0340975524159812
2545,1.0228035792041177
2546,1.0431506529389487
2547,1.0608256536922396
2548,1.0126845903151007
2549,1.0289766145242012
2550,1.0337075926375596
2551,1.0200031179187536
2552,1.0325589771783579
2553,1.0174611595817897
2554,1.0345166151624545
2555,1.0254151117681314
2556,1.0237992343333089
2557,1.0207018590000183
2558,1.0149714014423044
2559,1.025492257964412
2560,1.0312864228878527
2561,1.032679947236181
2562,1.1081954875569522
2563,1.0223350461041216
2564,1.0182024006474635
2565,1.0357731297183235
2566,1.0577177710050907
2567,1.0136277168790688
2568,1.025690934164644
2569,1.0265338750696473
2570,1.0237183801922218
2571,1.048606575046606
2572,1.0375530378928832
2573,1.0214191399153179
2574,1.0169386632470983
2575,1.0545296095573566
2576,1.021425556064713
2577,1.0341977924403514
2578,1.1055821089582027
2579,1.0612759241048824
2580,1.0339794351947156
2581,1.0120633663397187
2582,1.0207427547113754
2583,1.0215292203238677
2584,1.0377151227972066
2585,1.0374295959743154
2586,1.0421999765583503
2587,1.0475017530254334
2588,1.0245905596068365
2589,1.0093263547762164
2590,1.0229595105300973
2591,1.0633600700928236
2592,1.0463468559921676
2593,1.0690559279575005
2594,1.0421699420568695
2595,1.011788919929054
2596,1.0274196129499467
2597,1.0373890866826132
2598,1.0091275917721656
2599,1.0161013433897341
2600,1.014944440118835
2601,1.0358818713482523
2602,1.1007819838496762
2603,1.0307088797293913
2604,1.0170020804009419
2605,1.0144401246718413
2606,1.0421765001292234
2607,1.0238008745307043
2608,1.022509348638039
2609,1.0057244187915917
2610,1.0182523955504583
2611,1.0371095248836883
2612,1.0657587552253724
2613,1.0268804219345316
2614,1.0181454212278598
2615,1.0331339295386466
2616,1.0443324192420709
2617,1.036171510457588
2618,1.060856146569074
2619,1.03167187624801
2620,1.028952315210415
2621,1.0523039320205385
2622,1.0533488209560564
2623,1.0181876883172243
2624,1.0686048988542867
2625,1.0491716877252149
2626,1.0270510133036261
2627,1.0111442652065357
2628,1.043121810252943
2629,1.035313735978227
2630,1.0228812498191526
2631,1.018615585246747
2632,1.023144430698361
2633,1.0322754399990839
2634,1.0110290815291085
2635,1.0383963475680817
2636,1.0485510443030248
2637,1.0225422460811093
2638,1.0360025401114221
2639,1.0151507512861881
2640,1.0184491528587327
2641,1.0340078595776176
2642,1.014258997729622
2643,1.0508341847975062
2644,1.052070301360156
2645,1.036547468346046
2646,1.015107622444132
2647,1.052794225192076
2648,1.0541626255725387
2649,1.0157751728722206
2650,1.0272919413871522
2651,1.0297417468462151
2652,1.0162026647879272
2653,1.0236219272385627
2654,1.0320900241424595
2655,1.0258733718412059
2656,1.00816356474726
2657,1.0340858935980988
2658,1.1095035793285133
2659,1.0232390867255576
2660,1.0188314116259387
2661,1.0275832024346463
2662,1.0546747186092353
2663,1.0359348000341753
2664,1.0340514248859571
2665,1.0285157407627552
2666,1.013375707392151
2667,1.0306195543295824
2668,1.0353215678996814
2669,1.026209721526114
2670,1.0223929396778977
2671,1.013331792851217
2672,1.0215544525011389
2673,1.0193596822281348
2674,1.0427738535490656
2675,1.012463428229466
2676,1.0590063888393848
2677,1.0249532793206677
2678,1.0123015861812783
2679,1.0438450646683939
2680,1.0337756977946124
2681,1.010360258832972
2682,1.0342966435483432
2683,1.025267156292727
2684,1.0205223840654727
2685,1.0500969382742844
2686,1.0059239310669017
2687,1.0457585335702793
2688,1.0352792346744821
2689,1.0288690104639047
2690,1.0147097964722234
2691,1.0652092226539134
2692,1.0181300068742223
2693,1.026334091017328
2694,1.047692504146875
2695,1.0344578724588402
2696,1.0265358625446848
2697,1.0361864275477028
2698,1.0369334679615987
2699,1.0265322671841606
2700,1.0296615308524064
2701,1.062134669087893
2702,1.0114454023022477
2703,1.032484576810067
2704,1.02873702104449
2705,1.0470722923019613
2706,1.0230280206730895
2707,1.0100732671866535
2708,1.0238008745307043
2709,1.0427869663532534
2710,1.132958205166651
2711,1.0197243477440237
2712,1.0091744412386845
2713,1.0082447589574202
2714,1.0399228512771308
2715,1.0546590702863028
2716,1.0404039138870804
2717,1.0214191399153179
2718,1.024267122359082
2719,1.0315912548594062
2720,1.0146310713813111
2721,1.0406054476058986
2722,1.0397245683810672
2723,1.0587006537484371
2724,1.052070301360156
2725,1.0232799201425986
2726,1.0191555451146093
2727,1.0369211823131834
2728,1.020102007381145
2729,1.0799899775355473
2730,1.0392946176086633
2731,1.0354103877469534
2732,1.049460150042621
2733,1.0096374790292064
2734,1.0438403321978753
2735,1.0631964275408599
2736,1.0349422357658766
2737,1.0277751334630256
2738,1.0156385143230784
2739,1.0170137205812924
2740,1.031373856528636
2741,1.0479923940895444
2742,1.0264958010989322
2743,1.006213250396483
2744,1.03678266110948
2745,1.026624810922035
2746,1.0395556857784918
2747,1.0202257928300111
2748,1.0143468863602554
2749,1.0280755509805857
2750,1.0119039048266127
2751,1.0150749129787033
2752,1.0531914829902498
2753,1.046956083398487
2754,1.0086097532814111
2755,1.009771010539831
2756,1.053691121051814
2757,1.0227705409059256
2758,1.0467667083783667
2759,1.01487837282341
2760,1.0441519628200935
2761,1.0289766145242012
2762,1.0143792847457325
2763,1.0217590177672868
2764,1.0148155396260392
2765,1.0360913797554698
2766,1.0282744862383122
2767,1.0152104707850362
2768,1.0042912558393022
2769,1.0207394952990452
2770,1.0379205128213074
2771,1.0137336772837708
2772,1.0167793643066132
2773,1.0612553229140187
2774,1.0597900719897446
2775,1.0355713552221528
2776,1.047480881088014
2777,1.0183778209561583
2778,1.013861792389886
2779,1.0135188393866474
2780,1.0357731297183235
2781,1.0173357966084629
2782,1.1152537369409923
2783,1.0726405531348004
2784,1.0449999842366344
2785,1.0045363273605632
2786,1.041310094418449
2787,1.0508341847975062
2788,1.0287767439546296
2789,1.0128928429923225
2790,1.0508259109231064
2791,1.0359866018065504
2792,1.0183543715702874
2793,1.029543374539201
2794,1.00816356474726
2795,1.0089807620525482
2796,1.0417323357800354
2797,1.0167252400787083
2798,1.0380007269746292
2799,1.0612759241048824
2800,1.0431178423187435
2801,1.0304461735713522
2802,1.0517256329626365
2803,1.0710110353335216
2804,1.0490158499182336
2805,1.0153009655559007
2806,1.0295312021490937
2807,1.0165295004728854
2808,1.04530261027819
2809,1.0196205091286021
2810,1.0268599019360625
2811,1.011232612485257
2812,1.009608572067999
2813,1.023500443853033
2814,1.0231481053412599
2815,1.0370691177077884
2816,1.0100732671866535
2817,1.0145742891977785
2818,1.0659959205641034
2819,1.1208392806489416
2820,1.0117376787384371
2821,1.061435749013163
2822,1.0486543627511742
2823,1.025687045852539
2824,1.0397724683652283
2825,1.042115960083189
2826,1.0440035918822639
2827,1.026571362219164
2828,1.0269783921055058
2829,1.0530098073284633
2830,1.0288550924261988
2831,1.0173366049000365
2832,1.017644988797579
2833,1.0289701339121784
2834,1.0408166764403224
2835,1.0277672062207577
2836,1.037790267370341
2837,1.052363372551324
2838,1.0402742146761415
2839,1.085471377797337
2840,1.0197243477440237
2841,1.0304512657872587
2842,1.0492380105336132
2843,1.0336515278888811
2844,1.0168130564099367
2845,1.0351754591652678
2846,1.0745036712180565
2847,1.044266098705294
2848,1.016424900363336
2849,1.0145134619169207
2850,1.0471939823059235
2851,1.026690002146081
2852,1.0585402749523962
2853,1.0146454109301208
2854,1.1034670825339468
2855,1.0255353567749197
2856,1.0258540655980282
2857,1.0724558259591277
2858,1.0312529367205991
2859,1.0379419520499933
2860,1.0335920024665135
2861,1.0540856674316141
2862,1.0268803357172303
2863,1.0231811655646181
2864,1.021425556064713
2865,1.0691424441325719
2866,1.0299840992740135
2867,1.0162164092843666
2868,1.0262485290648873
2869,1.0539218786064513
2870,1.018116275693641
2871,1.0094123326408693
2872,1.0289321114823238
2873,1.0155180840053155
2874,1.0387028015709856
2875,1.1007819838496762
2876,1.0281619148151382
2877,1.0876310698294116
2878,1.0544970005433576
2879,1.0305471520953124
2880,1.0295608830439056
2881,1.1555764599006155
2882,1.0541626255725387
2883,1.0282649543541018
2884,1.03586089752003
2885,1.0157245111235722
2886,1.0504655111834116
2887,1.0500463446462842
2888,1.071034769021732
2889,1.0665865824566068
2890,1.0210089744709914
2891,1.0260555208603963
2892,1.0240854028538755
2893,1.0566327210459587
2894,1.017977641402861
2895,1.0242264631284614
2896,1.0208772010772689
2897,1.0592725967298628
2898,1.064659095411351
2899,1.0116327483946832
2900,1.0368193776387824
2901,1.0599328941526176
2902,1.016900330261281
2903,1.0165092571357273
2904,1.0175714810479095
2905,1.0234476946940698
2906,1.0138401405515647
2907,1.0470539871773437
2908,1.024924384950687
2909,1.0588417687783032
2910,1.0059305322728804
2911,1.0225440980879714
2912,1.0176382778945423
2913,1.017977641402861
2914,1.0442479795893105
2915,1.012513497085887
2916,1.0505837746110178
2917,1.018452309777956
2918,1.0408967742255866
2919,1.0027275273510734
2920,1.0277244179138458
2921,1.0165121553470926
2922,1.037826228303802
2923,1.0165295004728854
2924,1.0059239310669017
2925,1.0526687718189733
2926,1.0177617122420386
2927,1.099538510128759
2928,1.0224772147194905
2929,1.0196848996059136
2930,1.035882556177328
2931,1.0374030393489173
2932,1.020307575998937
2933,1.0209251955453371
2934,1.0665865824566068
2935,1.114020390305584
2936,1.087576021780623
2937,1.0062623977217962
2938,1.0219099476411102
2939,1.0568745331995337
2940,1.0146541697449447
2941,1.0172535161524163
2942,1.0246923575157378
2943,1.0162912912651858
2944,1.0200449387814405
2945,1.0212528434400157
2946,1.0312864228878527
2947,1.070422060537857
2948,1.0509389991698657
2949,1.0191006515600924
2950,1.0540856674316141
2951,1.0162292932264554
2952,1.009533837679361
2953,1.017711960633602
2954,1.0460036781773496
2955,1.1019778085101377
2956,1.0342986195506363
2957,1.0290703988882692
2958,1.0155562909346398
2959,1.030195522437372
2960,1.1104828461151672
2961,1.0250164647461426
2962,1.0253018375993592
2963,1.0226025721297247
2964,1.0112964022901114
2965,1.0292898007835545
2966,1.0264958010989322
2967,1.0173139852693045
2968,1.061268314774819
2969,1.0379419520499933
2970,1.0309672117579434
2971,1.0235193662633146
2972,1.0101761548175412
2973,1.0210552656659801
2974,1.0312882100327398
2975,1.0211500975372716
2976,1.0320549069103455
2977,1.045105691104316
2978,1.0268665820715475
2979,1.0458639048121283
2980,1.0447696242477458
2981,1.025285394486696
2982,1.0176083228627588
2983,1.0288550924261988
2984,1.012370326769024
2985,1.0297343428991423
2986,1.0594548591199842
2987,1.02210924829242
2988,1.016074097033624
2989,1.053378054795807
2990,1.0513010125703728
2991,1.0632997937796387
2992,1.0243792871773834
2993,1.0108726129644912
2994,1.0214455594952965
2995,1.0511395398039454
2996,1.0359869250411367
2997,1.0340032320163919
2998,1.0299049734231533
2999,1.0545603560667625
3000,1.0429815993061065
3001,1.0142842014908633
3002,1.0692714795175386
3003,1.0757995748751892
3004,1.0056973736501489
3005,1.0194695887484928
3006,1.0185624693137794
3007,1.012048574985011
3008,1.033213776194259
3009,1.04530261027819
3010,1.0228921191002236
3011,1.070119432296683
3012,1.027912052122426
3013,1.0260266690937097
3014,1.008533190429365
3015,1.031316536898517
3016,1.0253926662847626
3017,1.0723385912604284
3018,1.0285157407627552
3019,1.0680320323477992
3020,1.0300007891549603
3021,1.0227817986563614
3022,1.0476816139588712
3023,1.0513148092887477
3024,1.0348573594633208
3025,1.0195524351911518
3026,1.054038445698006
3027,1.0396714493891939
3028,1.0218363171707905
3029,1.006976136538841
3030,1.01386767751245
3031,1.0343087152917718
3032,1.0140233759033435
3033,1.014944440118835
3034,1.0626511964221073
3035,1.0086796316828652
3036,1.0379159334346457
3037,1.0186263896878418
3038,1.01438161088628
3039,1.1569302087985691
3040,1.0212271934297654
3041,1.0145111579476596
3042,1.0654633519956318
3043,1.0307656331685844
3044,1.0265322671841606
3045,1.0263048681305913
3046,1.038812997955532
3047,1.0207394952990452
3048,1.0312544422978307
3049,1.0407392629737393
3050,1.0433461282259187
3051,1.0173509300212542
3052,1.0402408010148292
3053,1.1078602069063976
3054,1.0487664920337205
3055,1.0454046389982836
3056,1.0230472109347546
3057,1.0137336772837708
3058,1.017663348389851
3059,1.0641048591517883
3060,1.054038445698006
3061,1.036547468346046
3062,1.0505619520305214
3063,1.044960584104385
3064,1.014966768040415
3065,1.0361773742242604
3066,1.0814557667583755
3067,1.0202257928300111
3068,1.0398824757822305
3069,1.0172473434452491
3070,1.054384392267503
3071,1.0310475645599881
3072,1.0182132826810444
3073,1.0433583768671952
3074,1.051659598109652
3075,1.010387221499971
3076,1.047480881088014
3077,1.0253611708405512
3078,1.0519777447247114
3079,1.010897525596014
3080,1.0094237360071914
3081,1.0489671933588167
3082,1.0599328941526176
3083,1.015253037945559
3084,1.0431506529389487
3085,1.032988214552805
3086,1.0286635487314046
3087,1.0529038244614022
3088,1.052771849276389
3089,1.0183626270426382
3090,1.019834635523024
3091,1.085471377797337
3092,1.0275832024346463
3093,1.0204667266683474
3094,1.0241054939278453
3095,1.009550065714122
3096,1.0229130680582825
3097,1.0129411816723255
3098,1.0508081625737011
3099,1.0131401527362325
3100,1.0358771502523416
3101,1.0360025401114221
3102,1.0612759241048824
3103,1.0480489491979406
3104,1.016587286485399
3105,1.0517726147096043
3106,1.0241299228866603
3107,1.022160546300876
3108,1.0144083107892492
3109,1.0200841983191327
3110,1.0694396409651736
3111,1.0193266505333203
3112,1.0230017989279472
3113,1.0209941265434306
3114,1.0133376788013997
3115,1.0132699291148686
3116,1.0340078595776176
3117,1.0165403961162467
3118,1.0469470478323246
3119,1.0078222863000676
3120,1.0198032221591562
3121,1.021347170310934
3122,1.043712308861427
3123,1.0159218717100527
3124,1.00347515648988
3125,1.0707371806094537
3126,1.0241054939278453
3127,1.0120327554432733
3128,1.047215829691135
3129,1.0469470478323246
3130,1.0054523407479699
3131,1.0810141834207723
3132,1.03363395223407
3133,1.047315876947912
3134,1.0364465658382849
3135,1.058760743773905
3136,1.0075131529105874
3137,1.0948953268293373
3138,1.0310741276060984
3139,1.0239892782128455
3140,1.0355530204779497
3141,1.031347471149653
3142,1.0291072267297097
3143,1.0367051420830309
3144,1.0229356209993579
3145,1.0100732671866535
3146,1.0190173119710386
3147,1.008973218715426
3148,1.0149239223871804
3149,1.1457545093740966
3150,1.0270510133036261
3151,1.0275832024346463
3152,1.02361169652877
3153,1.025267156292727
3154,1.027004882002088
3155,1.018346199050454
3156,1.0517726147096043
3157,1.0245667325156982
3158,1.0207947827795314
3159,1.0221491308097215
3160,1.0749063726981838
3161,1.0378475329349377
3162,1.0540448746855162
3163,1.0292015960068852
3164,1.0106976935945864
3165,1.0905424054540311
3166,1.0218180790160507
3167,1.02789089783546
3168,1.034016273491375
3169,1.0396862517224514
3170,1.0148910656364056
3171,1.1093110847402397
3172,1.0165580949728736
3173,1.0247112363653752
3174,1.0588417687783032
3175,1.0305923093833367
3176,1.0713900505246368
3177,1.0248506894062963
3178,1.032241129561366
3179,1.0168456503208614
3180,1.0171423600459677
3181,1.0093263547762164
3182,1.03610226609689
3183,1.0300763149767433
3184,1.0358238832744209
3185,1.0212551425288974
3186,1.0268861197229389
3187,1.022865485564744
3188,1.016294791946749
3189,1.025285394486696
3190,1.025582515684365
3191,1.0396451516032994
3192,1.0422432269701662
3193,1.0254642322263618
3194,1.064659095411351
3195,1.0531410737649034
3196,1.0807571381493788
3197,1.091986946651839
3198,1.0185482765864642
3199,1.0576231668799594
3200,1.0268498320930826
3201,1.004593239845023
3202,1.0197218941872623
3203,1.0751959012279544
3204,1.0209570922088829
3205,1.0263090088578655
3206,1.080788632677289
3207,1.0197087221219168
3208,1.0334584931512596
3209,1.020301619756736
3210,1.0191555451146093
3211,1.0418228959769953
3212,1.0284354583278352
3213,1.0269849295736406
3214,1.024551028955809
3215,1.0081103292518883
3216,1.0266179458372282
3217,1.0568745331995337
3218,1.0196722505230886
3219,1.1371534710543472
3220,1.05191416762024
3221,1.0149670589282338
3222,1.0274463196978596
3223,1.0069073232866939
3224,1.0316616623965047
3225,1.0365815406760162
3226,1.0138058616143688
3227,1.024560184903767
3228,1.0222636441395208
3229,1.0056996492667225
3230,1.012008661606247
3231,1.0144353736756382
3232,1.0228035792041177
3233,1.02786316597222
3234,1.0589154321306506
3235,1.0385448624958384
3236,1.0431473331381458
3237,1.032994865668064
3238,1.0360839905378671
3239,1.0142842014908633
3240,1.0488532507537072
3241,1.0425674206454871
3242,1.0247101852858262
3243,1.0171825735943747
3244,1.0149314596868686
3245,1.0615528441723345
3246,1.0438450646683939
3247,1.0249631226447924
3248,1.0303892906225285
3249,1.0627176666525051
3250,1.013516926807258
3251,1.0291433540424648
3252,1.0495300422277436
3253,1.060315106367133
3254,1.0239657925011603
3255,1.0722459992441578
3256,1.0060937714604175
3257,1.0198908452143485
3258,1.0310380545911275
3259,1.0237837548013626
3260,1.034224569046144
3261,1.0134180347950723
3262,1.034016273491375
3263,1.016821737322819
3264,1.0487879580122401
3265,1.038862575101979
3266,1.037349090951389
3267,1.0250918722870024
3268,1.0561564284733689
3269,1.0742921611652683
3270,1.0405882394948183
3271,1.0223131862541344
3272,1.0092548364422633
3273,1.035212454638814
3274,1.057778926710905
3275,1.0462836789760672
3276,1.0258551736020407
3277,1.0705815548248572
3278,1.0297563299690977
3279,1.0275423831265134
3280,1.0205106133132624
3281,1.0222872787888364
3282,1.0284775027630721
3283,1.0107533037751202
3284,1.0396862517224514
3285,1.0044787898153682
3286,1.008796850210743
3287,1.040730450646014
3288,1.0702540980772584
3289,1.0157164727909758
3290,1.0183396612063182
3291,1.0321454712631224
3292,1.0796414556044907
3293,1.0502388957601423
3294,1.024682286919234
3295,1.0475802951700306
3296,1.0157751728722206
3297,1.0515574708632662
3298,1.0183561254395812
3299,1.0702540980772584
3300,1.056386191829212
3301,1.0146158054291519
3302,1.0164183063261747
3303,1.021138991873185
3304,1.0254642322263618
3305,1.0212494195911936
3306,1.0540448746855162
3307,1.0192765298664044
3308,1.0375530378928832
3309,1.023386498441279
3310,1.023144430698361
3311,1.0224499737126276
3312,1.0183778209561583
3313,1.0179185796447494
3314,1.02641673177433
3315,1.0291107845246341
3316,1.0359591755369488
3317,1.0740225999576962
3318,1.052363372551324
3319,1.038148886007196
3320,1.0221167811267833
3321,1.0551811789853949
3322,1.0193161784135227
3323,1.0391850472245758
3324,1.0132799788027245
3325,1.070926676056448
3326,1.04068963920208
3327,1.0432274723398194
3328,1.047727075127229
3329,1.0177597896758233
3330,1.0531217123140058
3331,1.0130023952275125
3332,1.0241054939278453
3333,1.0647858112493573
3334,1.0254479863294985
3335,1.071034769021732
3336,1.0190946023973222
3337,1.0259375221418274
3338,1.0181328602735515
3339,1.037790267370341
3340,1.020383861506048
3341,1.0325846232773284
3342,1.0423708122845885
3343,1.0352323175186668
3344,1.0216469327129074
3345,1.01449462369333
3346,1.0228611820946936
3347,1.014778008650776
3348,1.0833486950905016
3349,1.0143468863602554
3350,1.0227206535473479
3351,1.0241054939278453
3352,1.0427869663532534
3353,1.005986706917839
3354,1.02357246811741
3355,1.0247815846296013
3356,1.02737069972973
3357,1.0139725228993952
3358,1.0214191859557922
3359,1.0172613429081228
3360,1.017145508678238
3361,1.0251909967250303
3362,1.031146288476005
3363,1.0607376071147943
3364,1.0399228512771308
3365,1.031146288476005
3366,1.0267178852475067
3367,1.0271138524559051
3368,1.0270511670415536
3369,1.0449999842366344
3370,1.0299697301928807
3371,1.0293532715912619
3372,1.047727075127229
3373,1.0558331694883123
3374,1.031316536898517
3375,1.0084732135782715
3376,1.028417426703287
3377,1.048539956627761
3378,1.0505015595066367
3379,1.0309774544273929
3380,1.0316283085512858
3381,1.042619376278003
3382,1.026466304798823
3383,1.0086313024387237
3384,1.0409133732388158
3385,1.019500002415349
3386,1.0066078729952068
3387,1.016668866601874
3388,1.080296903816336
3389,1.0305017903198994
3390,1.056386191829212
3391,1.0349029787557766
3392,1.0215758364916148
3393,1.0473822499708836
3394,1.0289332652008627
3395,1.024560184903767
3396,1.0203393550426823
3397,1.041254589639082
3398,1.041310094418449
3399,1.1350839375701283
3400,1.0179065334745714
3401,1.0273480244953095
3402,1.0185482765864642
3403,1.0213231845966377
3404,1.0546747186092353
3405,1.0579865455987565
3406,1.0113088958936376
3407,1.0460373438805866
3408,1.0345369189114386
3409,1.032313946019339
3410,1.0236941186889585
3411,1.0288400249627006
3412,1.0536135793643735
3413,1.041101944878552
3414,1.0147097964722234
3415,1.021931306600395
3416,1.0156385143230784
3417,1.0434761971588506
3418,1.0442706400775519
3419,1.0050487856090564
3420,1.0413023949461546
3421,1.091332466990619
3422,1.0463567417005015
3423,1.038221738465846
3424,1.0540151667158626
3425,1.0693051015329755
3426,1.0202391521512195
3427,1.0052916982454063
3428,1.0102992139768718
3429,1.0111442652065357
3430,1.0363948879908114
3431,1.0352374794449495
3432,1.013075012610222
3433,1.0094237360071914
3434,1.020301619756736
3435,1.0100732671866535
3436,1.031146288476005
3437,1.035212454638814
3438,1.0442479795893105
3439,1.0254675909741091
3440,1.065422921636001
3441,1.0333461846950047
3442,1.021971542527987
3443,1.0340078595776176
3444,1.05461316221789
3445,1.115633577148507
3446,1.0453265459589483
3447,1.032139570652395
3448,1.0232858111758985
3449,1.0352846394853148
3450,1.0539445347246794
3451,1.0343806986349708
3452,1.0227206535473479
3453,1.0325825299687608
3454,1.0343087152917718
3455,1.0074921589741328
3456,1.0690864576017323
3457,1.0474229582385426
3458,1.0505837746110178
3459,1.0361487278274273
3460,1.016294079202008
3461,1.0093935350493792
3462,1.0122775516774971
3463,1.0570635437709721
3464,1.0141055023926329
3465,1.0408056312086382
3466,1.0196205091286021
3467,1.086498764525678
3468,1.0107450185597762
3469,1.060938857377273
3470,1.0464652738068134
3471,1.0358674634622715
3472,1.0367051420830309
3473,1.0187490503600214
3474,1.0277621480871815
3475,1.0306169150732183
3476,1.0114454023022477
3477,1.0296621155124288
3478,1.0405687093054408
3479,1.0196722505230886
3480,1.046264626669881
3481,1.0537549281655365
3482,1.0537437718612717
3483,1.024774873525523
3484,1.0396643216107113
3485,1.0565458950058892
3486,1.0362486939359723
3487,1.0104941725455567
3488,1.0764824812805487
3489,1.0402408010148292
3490,1.0774515310908375
3491,1.0057244187915917
3492,1.0252938844088184
3493,1.0085211152936253
3494,1.0288690104639047
3495,1.0263054085289893
3496,1.015430101447005
3497,1.0272787152604455
3498,1.015578492993668
3499,1.0187490503600214
3500,1.026057746748248
3501,1.0540448746855162
3502,1.0724907707431763
3503,1.0350086634626814
3504,1.0289727792532057
3505,1.0284542498052516
3506,1.0633076399314527
3507,1.0222503430309664
3508,1.027863020308575
3509,1.0265338750696473
3510,1.0146541697449447
3511,1.008973218715426
3512,1.046219026914171
3513,1.0149089707080567
3514,1.029773537656366
3515,1.0419086435933445
3516,1.0153035266002508
3517,1.0896739942669569
3518,1.0242334648895393
3519,1.0354464001236507
3520,1.0481632356563877
3521,1.1034670825339468
3522,1.0306789088101245
3523,1.036403545394519
3524,1.0786519731786035
3525,1.0185134388307084
3526,1.0295608830439056
3527,1.0249489075045337
3528,1.0344729086638063
3529,1.0288195390254518
3530,1.0218512895989842
3531,1.0467860596931446
3532,1.0337948247532975
3533,1.0253611708405512
3534,1.067030310939617
3535,1.0342128864854643
3536,1.0097837463463475
3537,1.0322754399990839
3538,1.0703423863798116
3539,1.0186263896878418
3540,1.0594548591199842
3541,1.0313509247036419
3542,1.0690759214701502
3543,1.0307012489787282
3544,1.0261209029640248
3545,1.0185624693137794
3546,1.006283117274705
3547,1.0371095248836883
3548,1.0183626270426382
3549,1.0192197684611237
3550,1.0368886645011024
3551,1.0233834627772456
3552,1.099589356430439
3553,1.0387102076383716
3554,1.0361380808971932
3555,1.0355713552221528
3556,1.0432784492325742
3557,1.0352792346744821
3558,1.1079322020387745
3559,1.049334434838601
3560,1.036796464535232
3561,1.0130350124410665
3562,1.017844919798769
3563,1.0558331694883123
3564,1.064546437752318
3565,1.0908175210526299
3566,1.0377352028154934
3567,1.0153439952252536
3568,1.0498258767321493
3569,1.0220497469664456
3570,1.0312886953539566
3571,1.0232390867255576
3572,1.0284039886938976
3573,1.0129411816723255
3574,1.0087786850841691
3575,1.1390253488284612
3576,1.0319592723027255
3577,1.0676425613522262
3578,1.0446378465274888
3579,1.0302678485081669
3580,1.0360595510573785
3581,1.008077789514678
3582,1.0358681813677528
3583,1.0485845514115648
3584,1.028973283886129
3585,1.0608555045945538
3586,1.0377114480324303
3587,1.085083960257638
3588,1.0135242313327057
3589,1.0325718508049029
3590,1.0279462314962917
3591,1.0896739942669569
3592,1.01390489492513
3593,1.0179639452135352
3594,1.0132699291148686
3595,1.0394960700496112
3596,1.0239532357369086
3597,1.0146860202047687
3598,1.0073896040874768
3599,1.0096206699410872
3600,1.0346800753567809
3601,1.0181127876873537
3602,1.0481260892969213
3603,1.021347170310934
3604,1.020501173830639
3605,1.0633422312400391
3606,1.016437367099265
3607,1.017644988797579
3608,1.0581452734532122
3609,1.0482703013417425
3610,1.056629383375878
3611,1.036185591465164
3612,1.0106701238135596
3613,1.0345520300189022
3614,1.036145958147921
3615,1.0310077582104071
3616,1.019832516626643
3617,1.089572712974873
3618,1.0253714422008655
3619,1.0132487406547552
3620,1.0214989345483176
3621,1.0115523805590925
3622,1.0513633296762726
3623,1.029292257078073
3624,1.07962143736799
3625,1.0504357698056406
3626,1.1133855058747681
3627,1.049460150042621
3628,1.1510121640563538
3629,1.0527865669503347
3630,1.0358298997265225
3631,1.0214216002658232
3632,1.045873060121245
3633,1.0265746978973407
3634,1.080381622950579
3635,1.050360719602684
3636,1.0265339386903631
3637,1.0270510133036261
3638,1.068988774405003
3639,1.0146454109301208
3640,1.0353215678996814
3641,1.0446803191675467
3642,1.0267590872437975
3643,1.0070361053021573
3644,1.0272919413871522
3645,1.0344665040497076
3646,1.0262419371139653
3647,1.0207198750515027
3648,1.0312655360436735
3649,1.0421049122037316
3650,1.033975871934368
3651,1.021319969870262
3652,1.0282744862383122
3653,1.0367689608752324
3654,1.0233883114307276
3655,1.027608962970846
3656,1.0209251955453371
3657,1.015352605831977
3658,1.0433453099659316
3659,1.018388804650502
3660,1.0204432851791305
3661,1.0172535161524163
3662,1.0245458975584107
3663,1.0129381336037477
3664,1.032313946019339
3665,1.0288690104639047
3666,1.019447658140941
3667,1.041422924092607
3668,1.0253420048597472
3669,1.0265025453577303
3670,1.0200695576013608
3671,1.0505548406723826
3672,1.067745039426697
3673,1.1555764599006155
3674,1.0077445609318165
3675,1.0094159966589946
3676,1.0125189490157784
3677,1.0352323175186668
3678,1.0534101456020035
3679,1.04068963920208
3680,1.0431169432580496
3681,1.0154764912627794
3682,1.013516926807258
3683,1.0236219272385627
3684,1.0110313448492354
3685,1.0094123326408693
3686,1.0141055023926329
3687,1.0298875856654814
3688,1.0127061494343819
3689,1.0212660761264092
3690,1.0115592138242264
3691,1.0329807950794194
3692,1.0193806456067944
3693,1.0266736892623811
3694,1.0540856674316141
3695,1.0657587552253724
3696,1.0239702636035604
3697,1.0066344309843833
3698,1.0408166764403224
3699,1.033213776194259
3700,1.0265358625446848
3701,1.0251460372844248
3702,1.0321883836685406
3703,1.0172490242574799
3704,1.0227134046040338
3705,1.0171423600459677
3706,1.0144254897167468
3707,1.0281431915722488
3708,1.0396643216107113
3709,1.0109933840927452
3710,1.0128928429923225
3711,1.0166536176967247
3712,1.0256706323812295
3713,1.015462253445933
3714,1.0455601356120166
3715,1.0284542498052516
3716,1.0149865465865628
3717,1.0640944385369193
3718,1.0500646769939803
3719,1.006849897132005
3720,1.037261238603003
3721,1.0317286073425969
3722,1.0333446491056195
3723,1.0143468863602554
3724,1.0406572057588563
3725,1.0659446997152837
3726,1.094487852516363
3727,1.0267717792148934
3728,1.03522830181437
3729,1.0059239310669017
3730,1.0249769002011573
3731,1.0585748553017973
3732,1.0153962903484048
3733,1.064874205769356
3734,1.0592765318628727
3735,1.0804634021908237
3736,1.0322754399990839
3737,1.0349704645355513
3738,1.009533837679361
3739,1.073087692038672
3740,1.0549263743203037
3741,1.010990437217128
3742,1.0107533037751202
3743,1.0340975524159812
3744,1.026209721526114
3745,1.0220130834482342
3746,1.0277367920477907
3747,1.025492257964412
3748,1.0387102076383716
3749,1.0438649896459506
3750,1.0426798194908893
3751,1.0415526842482636
3752,1.0145742891977785
3753,1.0355341265518399
3754,1.01708353259161
3755,1.0394960700496112
3756,1.0195651841503328
3757,1.0392675080652383
3758,1.014056023733954
3759,1.023084873012257
3760,1.0235193662633146
3761,1.0298667463855478
3762,1.0064582401086324
3763,1.0236867910912273
3764,1.0122775516774971
3765,1.027604300706061
3766,1.0389502235006636
3767,1.016479165110429
3768,1.0726405531348004
3769,1.0591965274455282
3770,1.0656520210777245
3771,1.0134601991994652
3772,1.0248506894062963
3773,1.046264626669881
3774,1.020093465609599
3775,1.0185624693137794
3776,1.0075131529105874
3777,1.0149092156194
3778,1.0062391317097088
3779,1.0239131936736794
3780,1.0314390431675904
3781,1.0202010175130676
3782,1.0209570922088829
3783,1.0195261710374415
3784,1.0186916001896822
3785,1.0357610791254013
3786,1.0385920814667338
3787,1.0322754399990839
3788,1.030593710442828
3789,1.062043889826247
3790,1.0415747883624058
3791,1.0410075281930349
3792,1.0141563394604407
3793,1.0378596589934608
3794,1.029149491319303
3795,1.0239702636035604
3796,1.0114449314760412
3797,1.0223938641928967
3798,1.0408967742255866
3799,1.0247465698014644
3800,1.0339794351947156
3801,1.031290153531069
3802,1.023175281896059
3803,1.0213631596577752
3804,1.0223114666288784
3805,1.0182523955504583
3806,1.0184154505350382
3807,1.0647208592333526
3808,1.1133855058747681
3809,1.026571153156571
3810,1.0178340905468375
3811,1.0358432349318658
3812,1.0265319079870296
3813,1.0389502235006636
3814,1.0709751903115075
3815,1.0271138524559051
3816,1.0575113965262157
3817,1.0116492430883757
3818,1.032496738059563
3819,1.0280958707506789
3820,1.0229811607238413
3821,1.006738370414504
3822,1.0098901896837529
3823,1.0312046251526397
3824,1.0168252390897017
3825,1.0297836001510923
3826,1.0142485070117102
3827,1.0269783921055058
3828,1.009233157347022
3829,1.031441338153915
3830,1.0204511853298721
3831,1.1022261751208755
3832,1.020114854807385
3833,1.0179148503835638
3834,1.0242380172561327
3835,1.0495942640411482
3836,1.0512035669355126
3837,1.0322754399990839
3838,1.0426798194908893
3839,1.0448027664819757
3840,1.0339348636928938
3841,1.083853160176372
3842,1.020890051249537
3843,1.0358156918385624
3844,1.019834635523024
3845,1.0813226964696783
3846,1.038862575101979
3847,1.0540028961674899
3848,1.0191762935994244
3849,1.0155430021242267
3850,1.0358432349318658
3851,1.031380551232551
3852,1.016479165110429
3853,1.0369912806787052
3854,1.0091744412386845
3855,1.0162767577394538
3856,1.0647858112493573
3857,1.0378997236926386
3858,1.0105781520552521
3859,1.0250906625113272
3860,1.042297588048708
3861,1.0540448746855162
3862,1.0337616095651363
3863,1.0179843299946734
3864,1.0027275273510734
3865,1.0288564534493072
3866,1.0141972212266153
3867,1.019593998661388
3868,1.0265025453577303
3869,1.0283325818127036
3870,1.0146287134402723
3871,1.0111065654119664
3872,1.0099471928764443
3873,1.0241444416117667
3874,1.0268748931995852
3875,1.0109981319742523
3876,1.0462007101112243
3877,1.018065938515623
3878,1.0191006515600924
3879,1.0088652260733337
3880,1.0264671795290554
3881,1.0259726422438755
3882,1.0275423831265134
3883,1.0421204367503982
3884,1.0315204754804348
3885,1.0274322375149902
3886,1.0443324192420709
3887,1.0456794518875263
3888,1.0400268757052737
3889,1.0161959710150896
3890,1.044550626193433
3891,1.0205362123907376
3892,1.1236296098865362
3893,1.0612759241048824
3894,1.0178946210982085
3895,1.018365507987019
3896,1.0104142440297794
3897,1.0261520310058254
3898,1.0309404232302641
3899,1.031373856528636
3900,1.0350785453456015
3901,1.0510833996311024
3902,1.052304191699962
3903,1.0361260034426665
3904,1.0704859465089935
3905,1.0299512847880725
3906,1.0328213990739683
3907,1.028483882305295
3908,1.0520743761068523
3909,1.0352925885136655
3910,1.0379159334346457
3911,1.025285394486696
3912,1.042313632719866
3913,1.0490504788237445
3914,1.016116023728637
3915,1.0153208939269918
3916,1.0242447497309866
3917,1.028585343103505
3918,1.0133562599335866
3919,1.009232293229392
3920,1.0397421503688402
3921,1.004593239845023
3922,1.1208392806489416
3923,1.046346067209551
3924,1.0367198574081817
3925,1.0084732135782715
3926,1.0124428306802757
3927,1.0215183998913835
3928,1.0310380545911275
3929,1.044927284858095
3930,1.0387028015709856
3931,1.0094123326408693
3932,1.0173366049000365
3933,1.0415526842482636
3934,1.0790790817131288
3935,1.0495300422277436
3936,1.0581213621552994
3937,1.0177597896758233
3938,1.0157494815938712
3939,1.0118503813652677
3940,1.022057689708039
3941,1.020624078143998
3942,1.0155160752230665
3943,1.027108235210099
3944,1.0385920814667338
3945,1.0176766639296784
3946,1.0100493411465536
3947,1.0457585335702793
3948,1.0135242313327057
3949,1.060257234757229
3950,1.0073694202635703
3951,1.0315912548594062
3952,1.0369518553508676
3953,1.0209105624974297
3954,1.0102836021436743
3955,1.0238184086602031
3956,1.0236141239623182
3957,1.0391425491976993
3958,1.075966534121562
3959,1.0550986283557087
3960,1.0249631226447924
3961,1.0165554552994105
3962,1.0447519446202167
3963,1.0390975351058485
3964,1.0496224054973717
3965,1.0245494231979806
3966,1.044087627813945
3967,1.031380551232551
3968,1.0355713552221528
3969,1.0250918722870024
3970,1.0292032529639552
3971,1.0261671236809975
3972,1.0427139940248733
3973,1.0183567675935168
3974,1.0494095648402033
3975,1.0268483747745922
3976,1.0753479882885697
3977,1.043169615565874
3978,1.0401846633205891
3979,1.0820895103962904
3980,1.0349029787557766
3981,1.0362486939359723
3982,1.0073896040874768
3983,1.026154410741179
3984,1.020231737190924
3985,1.0119139007431184
3986,1.0231258882269783
3987,1.0078723831197938
3988,1.0210719601455835
3989,1.0134601991994652
3990,1.0153208939269918
3991,1.0657587552253724
3992,1.028536742019817
3993,1.0392946176086633
3994,1.0260058935737617
3995,1.0841415819431675
3996,1.025961666518291
3997,1.094487852516363
3998,1.0297609499639246
3999,1.008973218715426
4000,1.0220497469664456
4001,1.0183626270426382
4002,1.0197758766700364
4003,1.0198072029213372
4004,1.0130350124410665
4005,1.0182024006474635
4006,1.041240532254174
4007,1.0644624826751192
4008,1.0069378754003655
4009,1.0491716877252149
4010,1.029595247457308
4011,1.0344834441966873
4012,1.02357246811741
4013,1.0501094327500886
4014,1.0578767874544917
4015,1.0184154505350382
4016,1.038148886007196
4017,1.0655646981155928
4018,1.033265186962125
4019,1.0142485070117102
4020,1.0238053750908926
4021,1.0239131936736794
4022,1.033505532396167
4023,1.033705915358026
4024,1.0209941265434306
4025,1.019839535622461
4026,1.0069944789685306
4027,1.0612759241048824
4028,1.0131401527362325
4029,1.0319988804210722
4030,1.0508824245273303
4031,1.0112113605584747
4032,1.03656531634657
4033,1.007445713086581
4034,1.0282649543541018
4035,1.031316536898517
4036,1.0229397218369032
4037,1.0345520300189022
4038,1.0121809552036933
4039,1.047510793199179
4040,1.050753462377948
4041,1.0273209094537494
4042,1.0612759241048824
4043,1.0343087152917718
4044,1.0178340905468375
4045,1.019416884153073
4046,1.0261192589705692
4047,1.0292075929494708
4048,1.0066344309843833
4049,1.0339993801614054
4050,1.037777003578476
4051,1.0409343894215561
4052,1.0193150067197596
4053,1.0365815406760162
4054,1.035780690576684
4055,1.015881306334032
4056,1.0445486412697689
4057,1.0628492844536637
4058,1.0888280689280139
4059,1.0185977019309291
4060,1.0310837211106885
4061,1.0423033992288606
4062,1.0241796658764988
4063,1.0196205091286021
4064,1.0169415142180132
4065,1.0113265927797352
4066,1.0641048591517883
4067,1.003807739536637
4068,1.0269783921055058
4069,1.0147034522446534
4070,1.0197845174455096
4071,1.016167349417714
4072,1.0254479863294985
4073,1.0617310881991024
4074,1.0282744862383122
4075,1.0391342274211726
4076,1.0246215053667957
4077,1.025553800725724
4078,1.026154410741179
4079,1.0125433916436821
4080,1.021093850486421
4081,1.029548665579819
4082,1.0091761617721207
4083,1.093077931975856
4084,1.015503409659101
4085,1.0229595105300973
4086,1.0344834441966873
4087,1.0061608242734288
4088,1.0133376788013997
4089,1.019500002415349
4090,1.0248506894062963
4091,1.0530748798709566
4092,1.0512249323576377
4093,1.0305923093833367
4094,1.0238053750908926
4095,1.0507366447712496
4096,1.0281039892978685
4097,1.0671257421752265
4098,1.0610335822073826
4099,1.0101766803490104
4100,1.021485348296689
4101,1.0421429893491627
4102,1.0128639484237045
4103,1.0496229314404164
4104,1.093077931975856
4105,1.0345166151624545
4106,1.0530761942963778
4107,1.0299909784189425
4108,1.026851210801417
4109,1.0361773742242604
4110,1.036796464535232
4111,1.0664106419843817
4112,1.0333461846950047
4113,1.0323490517182996
4114,1.0457510982354448
4115,1.0470539871773437
4116,1.0349029787557766
4117,1.0409242142637252
4118,1.0216211940505133
4119,1.0832318577793685
4120,1.06846777327103
4121,1.0585076929844948
4122,1.0195590477692127
4123,1.008533190429365
4124,1.0126774530151494
4125,1.0061119021289795
4126,1.021059905351104
4127,1.0268804219345316
4128,1.024483274070518
4129,1.0517624357154316
4130,1.0534571908119266
4131,1.009808084572321
4132,1.0111065654119664
4133,1.019642180971331
4134,1.0312383503874791
4135,1.020102007381145
4136,1.044966818273539
4137,1.0226886650538376
4138,1.0078723831197938
4139,1.0207984603500662
4140,1.0825283182536063
4141,1.019834635523024
4142,1.0466425642515842
4143,1.0183561254395812
4144,1.0878481413726953
4145,1.0261411922012986
4146,1.0221491308097215
4147,1.0296990566300666
4148,1.0471939823059235
4149,1.0245114045905466
4150,1.0251935697764394
4151,1.018393835588345
4152,1.01364478512923
4153,1.0183394686520382
4154,1.0255895526363707
4155,1.066587479368502
4156,1.03392966468263
4157,1.0709675446421119
4158,1.0061643003894691
4159,1.0142829652662089
4160,1.015851678294178
4161,1.045351983163708
4162,1.0161567269666563
4163,1.012008661606247
4164,1.0585748553017973
4165,1.0064582401086324
4166,1.0487879580122401
4167,1.0217345058893008
4168,1.0379732526128689
4169,1.0378932113229509
4170,1.0145543924748073
4171,1.0200874135920446
4172,1.013475248108522
4173,1.0213569297650011
4174,1.0422874683962093
4175,1.0175714810479095
4176,1.0182920431553388
4177,1.0587362898026655
4178,1.0156659050668366
4179,1.0768865238041967
4180,1.0161436361141871
4181,1.0176397532552266
4182,1.0263002442039986
4183,1.0048364438119548
4184,1.0390975351058485
4185,1.0162725221366031
4186,1.016092007354787
4187,1.0255527509075708
4188,1.0494987689000583
4189,1.035463221775783
4190,1.0409801557829415
4191,1.0763145071194515
4192,1.0577039141276898
4193,1.0293107546165696
4194,1.0280098880038266
4195,1.0170020804009419
4196,1.0191006515600924
4197,1.0571733977840265
4198,1.1170472236114413
4199,1.0468423930988682
4200,1.0212494195911936
4201,1.061268314774819
4202,1.0406275378395244
4203,1.109846709287531
4204,1.0120539926478653
4205,1.016308636802746
4206,1.0478475383313188
4207,1.003807739536637
4208,1.0340056207128387
4209,1.015383490339345
4210,1.0645522376671983
4211,1.0880048356334184
4212,1.014048045683325
4213,1.0227297108940578
4214,1.0266003066791847
4215,1.0285157407627552
4216,1.0799899775355473
4217,1.035421043225467
4218,1.0474315241563659
4219,1.0141226402558896
4220,1.0227673738051584
4221,1.0166241339602078
4222,1.0405882394948183
4223,1.0060477666202117
4224,1.0077555811854702
4225,1.0353022885303884
4226,1.0463572074991943
4227,1.0166045150529353
4228,1.033242858917662
4229,1.0432741351158161
4230,1.0383356200968505
4231,1.0249631226447924
4232,1.0252288729905006
4233,1.0704542595862545
4234,1.0192197684611237
4235,1.0494987689000583
4236,1.0185334571725433
4237,1.021971542527987
4238,1.0285287787566773
4239,1.031347471149653
4240,1.049625035662718
4241,1.016821737322819
4242,1.0460373438805866
4243,1.0457189023417324
4244,1.0268107222363536
4245,1.0173357966084629
4246,1.0512035669355126
4247,1.0353022885303884
4248,1.032906122887336
4249,1.0347056346487358
4250,1.0259706177356889
4251,1.0404909469649655
4252,1.008973218715426
4253,1.0129381336037477
4254,1.0134194243806685
4255,1.0124428306802757
4256,1.006738370414504
4257,1.04017880373281
4258,1.0113265927797352
4259,1.017348275638771
4260,1.0659644275887508
4261,1.027582408395159
4262,1.01449462369333
4263,1.051982236883406
4264,1.0175917958330205
4265,1.0585748553017973
4266,1.060315106367133
4267,1.0246596713936735
4268,1.0227134046040338
4269,1.0316283085512858
4270,1.0246747488499395
4271,1.0354464001236507
4272,1.1555764599006155
4273,1.019593998661388
4274,1.0356214703134106
4275,1.0179628787310375
4276,1.0107837898075855
4277,1.0500969382742844
4278,1.0247732005485752
4279,1.0362729191823035
4280,1.0440585440839583
4281,1.01438161088628
4282,1.0520743761068523
4283,1.0415325440894942
4284,1.0137324659663756
4285,1.0444131584111278
4286,1.1093110847402397
4287,1.0596858603184993
4288,1.018452309777956
4289,1.03066325674351
4290,1.0228921191002236
4291,1.00954227392097
4292,1.013331792851217
4293,1.0379205128213074
4294,1.0480226260037517
4295,1.0191555451146093
4296,1.0317973701387098
4297,1.0352374794449495
4298,1.0665865824566068
4299,1.0129849803282596
4300,1.0617195027934525
4301,1.0168456503208614
4302,1.0253018375993592
4303,1.032784582785614
4304,1.0344352238906414
4305,1.0094159966589946
4306,1.0763005638754513
4307,1.0195015844459465
4308,1.0500642767293435
4309,1.0059492771883796
4310,1.0133143837948457
4311,1.0141759977256806
4312,1.0390179706513851
4313,1.0217842569595332
4314,1.0216354956271496
4315,1.0355530204779497
4316,1.0460036781773496
4317,1.024191059210981
4318,1.0156437678202652
4319,1.0315912548594062
4320,1.04100716172721
4321,1.0230992988527334
4322,1.0332181490834935
4323,1.0139634866776883
4324,1.0328521653370308
4325,1.02786316597222
4326,1.0195766556843988
4327,1.0370855375665957
4328,1.032679947236181
4329,1.024992089850934
4330,1.0578767874544917
4331,1.0197218941872623
4332,1.023407106979012
4333,1.0736027892919717
4334,1.0721810910221699
4335,1.0309774544273929
4336,1.0418447303483387
4337,1.0417610710107774
4338,1.0219355960766363
4339,1.023175281896059
4340,1.0317914409133142
4341,1.023499711835296
4342,1.0229071034997894
4343,1.0377114480324303
4344,1.041240532254174
4345,1.0505015595066367
4346,1.0604257745015655
4347,1.0059305322728804
4348,1.0582503034213298
4349,1.02745782765315
4350,1.0393478917611978
4351,1.01903607824112
4352,1.0196205091286021
4353,1.0388735832551255
4354,1.0307224332613318
4355,1.0279723615600074
4356,1.034268433832187
4357,1.029543374539201
4358,1.0280958707506789
4359,1.0310475645599881
4360,1.0159218717100527
4361,1.0896739942669569
4362,1.017145508678238
4363,1.0247385643929074
4364,1.0297192042888286
4365,1.0430646129533176
4366,1.0551386160213403
4367,1.041422924092607
4368,1.0452011418960216
4369,1.0267616669088475
4370,1.0166685284300905
4371,1.0210243851152496
4372,1.0166922687278108
4373,1.0216205382972348
4374,1.0245667325156982
4375,1.0321056114268035
4376,1.0202654288618394
4377,1.0069175138424507
4378,1.0154951175078164
4379,1.0177692810580727
4380,1.0145066741626436
4381,1.0693189729514057
4382,1.03625369645641
4383,1.0328521653370308
4384,1.019238448848829
4385,1.0238125612769462
4386,1.023131826258656
4387,1.0236867910912273
4388,1.099589356430439
4389,1.0261209029640248
4390,1.0212063862156004
4391,1.020501173830639
4392,1.052439118080226
4393,1.0196898795664433
4394,1.0102282956628723
4395,1.0298369055185863
4396,1.014564288499259
4397,1.0150509222572095
4398,1.0212551425288974
4399,1.0093935350493792
4400,1.0224709081015306
4401,1.0249532793206677
4402,1.0302548867941261
4403,1.0132799788027245
4404,1.0552021828354412
4405,1.0294258694768095
4406,1.0303395336936148
4407,1.0113265927797352
4408,1.0138074889212492
4409,1.0636457403305366
4410,1.0254023380808428
4411,1.0124473127782814
4412,1.0392675080652383
4413,1.023386498441279
4414,1.0341739259040843
4415,1.0102836021436743
4416,1.028029728174642
4417,1.0509008351244318
4418,1.1055821089582027
4419,1.0296708287665568
4420,1.0288420650849164
4421,1.051382268033003
4422,1.0219384112604022
4423,1.0453908389359137
4424,1.006849897132005
4425,1.03927397687719
4426,1.0157164727909758
4427,1.0247100626988226
4428,1.020383861506048
4429,1.0242380172561327
4430,1.0306266325742526
4431,1.0878566785481263
4432,1.018269905186582
4433,1.0465948586845781
4434,1.0302869595033373
4435,1.0069175138424507
4436,1.0564651605822561
4437,1.0473714892919672
4438,1.0482886053901843
4439,1.013861792389886
4440,1.0267115880775293
4441,1.039689930445562
4442,1.0136195300981332
4443,1.052023286048243
4444,1.0454876400082729
4445,1.0152623094474895
4446,1.0546810967231102
4447,1.0187949620413057
4448,1.0261411922012986
4449,1.031411350538428
4450,1.044966818273539
4451,1.0111797016713187
4452,1.0201082210105008
4453,1.042099076017871
4454,1.0215823326871452
4455,1.0136195300981332
4456,1.0204991876346197
4457,1.0246063233523324
4458,1.015383490339345
4459,1.0501094327500886
4460,1.0111442652065357
4461,1.0218363171707905
4462,1.0126774530151494
4463,1.047215829691135
4464,1.0901404752732704
4465,1.0440585440839583
4466,1.0279111194384893
4467,1.0435122209464942
4468,1.0408569206681957
4469,1.0447790465544005
4470,1.0288690104639047
4471,1.009882735807912
4472,1.041110861895643
4473,1.0228035792041177
4474,1.016116023728637
4475,1.0248513213119277
4476,1.0163363902494786
4477,1.0379490814533456
4478,1.0160324456541883
4479,1.015383490339345
4480,1.0544677653892782
4481,1.0846707247348237
4482,1.0276117256181099
4483,1.0159636362456963
4484,1.0644344615486814
4485,1.0233172411206142
4486,1.0382981134091496
4487,1.083581571662973
4488,1.0615014921266426
4489,1.0305017903198994
4490,1.0450787394207963
4491,1.0165306621779884
4492,1.0538479185889569
4493,1.1170472236114413
4494,1.0421528865771974
4495,1.0195091761531598
4496,1.0477031864300868
4497,1.0134637273102451
4498,1.0152623094474895
4499,1.0294493964362619
4500,1.0104142440297794
4501,1.0498850437460667
4502,1.0108341877548255
4503,1.0306942854556398
4504,1.0341882273074785
4505,1.0332240166285134
4506,1.05306320428666
4507,1.0277626575574788
4508,1.0192197684611237
4509,1.05623829923228
4510,1.0258540655980282
4511,1.0136318936313877
4512,1.0143813816297444
4513,1.0473822499708836
4514,1.0193596822281348
4515,1.0268665820715475
4516,1.0370083188056929
4517,1.0120539926478653
4518,1.0279111194384893
4519,1.0105469608384445
4520,1.028973283886129
4521,1.0538772227986926
4522,1.0097837463463475
4523,1.0680027451943417
4524,1.0252707400429166
4525,1.0149450573727083
4526,1.0066078729952068
4527,1.0477321957178727
4528,1.014546739299983
4529,1.015481325226677
4530,1.035212454638814
4531,1.0185810857304287
4532,1.0513148092887477
4533,1.0299697301928807
4534,1.024389720481305
4535,1.0225440980879714
4536,1.0682779903190973
4537,1.016977328136569
4538,1.0483262220976393
4539,1.0159892845065805
4540,1.0223104378226051
4541,1.0463572074991943
4542,1.033512414425535
4543,1.036625008621803
4544,1.0139943420351811
4545,1.017364562668596
4546,1.0353373681056617
4547,1.027912052122426
4548,1.0143408338782267
4549,1.0222872787888364
4550,1.018182161664507
4551,1.0150359924253023
4552,1.0501094327500886
4553,1.02641673177433
4554,1.0613114815452465
4555,1.0201011427396223
4556,1.033705915358026
4557,1.017699439484574
4558,1.075762762589593
4559,1.0247732005485752
4560,1.0269849295736406
4561,1.0245437854642785
4562,1.0227304105189672
4563,1.0060937714604175
4564,1.105381767492125
4565,1.0133376788013997
4566,1.0253420048597472
4567,1.0146545959174071
4568,1.0426798194908893
4569,1.0239432471919363
4570,1.0296349647144436
4571,1.0284841757557102
4572,1.052023286048243
4573,1.0264961258739167
4574,1.0199675600913467
4575,1.1095035793285133
4576,1.0081277131296296
4577,1.0162423134559169
4578,1.055409367973098
4579,1.0379732526128689
4580,1.0162767577394538
4581,1.013858665451689
4582,1.0149633354154983
4583,1.0282535134091184
4584,1.0393380200326419
4585,1.013303942570138
4586,1.015107622444132
4587,1.020842804696956
4588,1.0529752393260376
4589,1.0400664236589445
4590,1.0318481035888962
4591,1.0948953268293373
4592,1.018403875909287
4593,1.0162292932264554
4594,1.0183956030996957
4595,1.0300666576806243
4596,1.0254909557990424
4597,1.0111011408208124
4598,1.03837217627727
4599,1.0257874949214356
4600,1.0268804219345316
4601,1.0261605309900417
4602,1.0183956030996957
4603,1.0196848996059136
4604,1.0063746825630036
4605,1.0233172411206142
4606,1.0105347244840737
4607,1.0611890021239823
4608,1.036431604227209
4609,1.0319065945427521
4610,1.0269849295736406
4611,1.023042412976447
4612,1.0361260034426665
4613,1.0353022885303884
4614,1.0448027664819757
4615,1.0277367920477907
4616,1.0261671236809975
4617,1.0467180537318668
4618,1.0312655360436735
4619,1.0134194243806685
4620,1.0309177241715723
4621,1.0326969043967946
4622,1.0598641437653065
4623,1.051108080542488
4624,1.0220510735942399
4625,1.0216168668588987
4626,1.0132487406547552
4627,1.0179498600517485
4628,1.0326255813048122
4629,1.0078723831197938
4630,1.030593710442828
4631,1.0090137603726737
4632,1.1104828461151672
4633,1.052771849276389
4634,1.0302985968560132
4635,1.0353023802022614
4636,1.0747278222966725
4637,1.061355511422897
4638,1.0247465698014644
4639,1.0660762897405354
4640,1.052304191699962
4641,1.0385920814667338
4642,1.05246813192002
4643,1.0339288753973668
4644,1.019238448848829
4645,1.0125189490157784
4646,1.033076526393363
4647,1.065213760938769
4648,1.054384392267503
4649,1.0081103292518883
4650,1.0190806882840946
4651,1.0261918398346797
4652,1.0481681406034984
4653,1.0288383886243628
4654,1.027587610538107
4655,1.0369928496545624
4656,1.032313946019339
4657,1.0361773742242604
4658,1.025285394486696
4659,1.0269448755167165
4660,1.0761662982477567
4661,1.0233195391811285
4662,1.0149964504448563
4663,1.0592725967298628
4664,1.030591154969932
4665,1.0260385288422746
4666,1.044087627813945
4667,1.034016273491375
4668,1.0282744862383122
4669,1.0224039667653972
4670,1.0441061859565834
4671,1.0195488509883965
4672,1.0162423134559169
4673,1.03363395223407
4674,1.0092761316263519
4675,1.0674389177179826
4676,1.0315628576453686
4677,1.0590330574069466
4678,1.0463915911456803
4679,1.0247101852858262
4680,1.0109981319742523
4681,1.0297343428991423
4682,1.0335207667674426
4683,1.0302488694391223
4684,1.0309518089905527
4685,1.0533188634090975
4686,1.0424400012405832
4687,1.0220319695685327
4688,1.016051862261719
4689,1.0217241609065062
4690,1.027756861233453
4691,1.0610335822073826
4692,1.0278073930996374
4693,1.0204729420024155
4694,1.0112266221258381
4695,1.0091642485859487
4696,1.0268419185599031
4697,1.0522400925690902
4698,1.040725258683304
4699,1.010779361545403
4700,1.0328878506771761
4701,1.0153579573333635
4702,1.0494095648402033
4703,1.0450804231566926
4704,1.0193150067197596
4705,1.01449462369333
4706,1.0476123266617368
4707,1.034165277130393
4708,1.0070361053021573
4709,1.0212872905573387
4710,1.0149670589282338
4711,1.0317986079079993
4712,1.005986706917839
4713,1.0342966435483432
4714,1.0295312021490937
4715,1.062043889826247
4716,1.1283918004329532
4717,1.0272599244241438
4718,1.012130389188716
4719,1.0341977924403514
4720,1.032050330786778
4721,1.034016273491375
4722,1.0749063726981838
4723,1.038930957853564
