obs_index,rhat
1,1.0796126166469666
2,1.0410008949424245
3,1.0773942863667956
4,1.0862551629600121
5,1.1087619148414682
6,1.153297506872215
7,1.069062115468882
8,1.0445370739825819
9,1.1539701992707754
10,1.1851037980620422
11,1.1119213508737362
12,1.0908525627970453
13,1.0542842118174514
14,1.0312190720298007
15,1.2248360497857644
16,1.0958842060811806
17,1.1133877499626708
18,1.1808222300453481
19,1.1074575322808071
20,1.157876321149357
21,1.052499613612635
22,1.122007371849474
23,1.1321670362507739
24,1.0991917300056095
25,1.046794313450917
26,1.0164698559507224
27,1.1655838802053455
28,1.1419030803988812
29,1.04510405631306
30,1.05807631373163
31,1.130805905967953
32,1.1056419376215743
33,1.1493582583758473
34,1.1125728125475474
35,1.1458578741492282
36,1.1483995671194371
37,1.0515632738414908
38,1.0724420280246845
39,1.1937795186184061
40,1.0529499561099085
41,1.1088396224362616
42,1.1609304138212766
43,1.1610225845146254
44,1.0617279035442573
45,1.0686806500342083
46,1.1325013429112847
47,1.0884859712544437
48,1.2397045912172635
49,1.1214757990296107
50,1.1602742518147429
51,1.2069622732328638
52,1.1561310619472782
53,1.1700804021596027
54,1.0643263885106966
55,1.1194519008429842
56,1.0526974986707547
57,1.0976906071070263
58,1.1809071794905932
59,1.306391615351943
60,1.1493582583758473
61,1.0369328256753354
62,1.1087619148414682
63,1.3433865931040185
64,1.0626050935469042
65,1.0574284811000307
66,1.0450530205598914
67,1.1571517440286867
68,1.0578856883769672
69,1.0521478786119969
70,1.0869150551137263
71,1.1279820553609041
72,1.0787375926313905
73,1.164569590221702
74,1.0812902855615472
75,1.055533802502303
76,1.139954162358599
77,1.0544870602176257
78,1.1455854663323293
79,1.1325296724775367
80,1.156362519713501
81,1.1356144271016937
82,1.1215642337287193
83,1.0646175319834332
84,1.0712357140813735
85,1.2397045912172635
86,1.0817266901428866
87,1.1071414624389313
88,1.07201099913633
89,1.1088396224362616
90,1.1404599790356746
91,1.082683491092478
92,1.0479335601860553
93,1.0629243824839292
94,1.156189326345456
95,1.0300742141265182
96,1.063443329650792
97,1.0626050935469042
98,1.1064606724383845
99,1.0664524810203246
100,1.1325013429112847
101,1.1318166338907898
102,1.0643263885106966
103,1.211378618977896
104,1.0852961439065518
105,1.1031416866456518
106,1.0980850324453673
107,1.0369634285126395
108,1.0330572244953415
109,1.1066029883259503
110,1.0351275344053732
111,1.0852498637428643
112,1.0779432066957333
113,1.0933360733860131
114,1.1965747242882716
115,1.1337543683999205
116,1.156189326345456
117,1.0728123634168563
118,1.1602706455433387
119,1.0405696484966194
120,1.0668512079341719
121,1.1447791657606299
122,1.061110319266736
123,1.0564985663803654
124,1.145212153887957
125,1.1184950126009705
126,1.399231112002767
127,1.068815716436416
128,1.0407975249922052
129,1.062595141263484
130,1.160898682201987
131,1.1225177811201688
132,1.1082305749565584
133,1.124008935279711
134,1.1407909968523975
135,1.0556023031056494
136,1.0624692849345978
137,1.1647695447348148
138,1.063100250945138
139,1.09390807701389
140,1.0921166030959297
141,1.1002927156036542
142,1.1156685921600298
143,1.1054820753585672
144,1.1868093003029347
145,1.267042989187448
146,1.1116972992834548
147,1.2447316960296297
148,1.041512389835025
149,1.1119213508737362
150,1.1661540989246082
151,1.131670930492589
152,1.1374333754030617
153,1.2168258669884575
154,1.104610619249303
155,1.122007371849474
156,1.279447726074179
157,1.0884021534100625
158,1.0879866216430596
159,1.0478533658202656
160,1.2937317743353458
161,1.1082305749565584
162,1.0681994860639852
163,1.2127926435669347
164,1.1773586822902824
165,1.0677946988284532
166,1.1064635695286638
167,1.1011193567529893
168,1.1039852895497877
169,1.0603817725655238
170,1.0665301138232623
171,1.2757929775698997
172,1.1023012368349945
173,1.1590076342660243
174,1.0773942863667956
175,1.1068626171082647
176,1.0817989943380435
177,1.0574284811000307
178,1.0526974986707547
179,1.188477265813341
180,1.2215777289777128
181,1.0697380454604848
182,1.0812902855615472
183,1.184795488645194
184,1.0526684927323493
185,1.1466856222578647
186,1.1571517440286867
187,1.1584455056086702
188,1.0440971476936884
189,1.138895462203695
190,1.1213151892558202
191,1.1163907000321234
192,1.1571517440286867
193,1.0479335601860553
194,1.2969130418761827
195,1.0574284811000307
196,1.2702030686693346
197,1.093737534841338
198,1.0914370623978982
199,1.0712357140813735
200,1.0670988369623178
201,1.0796994760395398
202,1.1328375179351349
203,1.1815547441673555
204,1.04751524950315
205,1.2397045912172635
206,1.0755984895523676
207,1.1235124244990267
208,1.1225177811201688
209,1.0912035844649872
210,1.0868245450581107
211,1.1985203065285277
212,1.0488141861465463
213,1.0821362752216004
214,1.076013994413121
215,1.131400496272805
216,1.15231793297641
217,1.1508930424168962
218,1.1070670911687583
219,1.111483548201432
220,1.075641102044107
221,1.1056818326860374
222,1.1002144482214677
223,1.1115312117935607
224,1.248393093545206
225,1.0838321861214735
226,1.1149101098054626
227,1.1493582583758473
228,1.0572290482841733
229,1.0820219344513988
230,1.0255896941796296
231,1.0584958595310168
232,1.1418075980093023
233,1.1356144271016937
234,1.0435305631077954
235,1.1184950126009705
236,1.1066029883259503
237,1.072464500107716
238,1.124809343505753
239,1.1681915786553314
240,1.1279820553609041
241,1.253557031337333
242,1.111874883065798
243,1.1151898698411504
244,1.2272320223177888
245,1.1909827055208033
246,1.1068626171082647
247,1.0550298282657724
248,1.1972366495679763
249,1.139954162358599
250,1.0964748774435844
251,1.1073640786188073
252,1.1034412148888888
253,1.2752198982678502
254,1.1320168921615796
255,1.1181398178311108
256,1.1052615326171469
257,1.0282466062120539
258,1.1607553948714193
259,1.1647695447348148
260,1.076013994413121
261,1.0964748774435844
262,1.0927861175176843
263,1.1131118381928167
264,1.0533993632188074
265,1.1092477563588474
266,1.0304843026625916
267,1.1011193567529893
268,1.060978388376025
269,1.0715111576331764
270,1.162330374187459
271,1.147032611450254
272,1.130384506357485
273,1.1892994297902815
274,1.0591572504958346
275,1.124809343505753
276,1.2538210006078059
277,1.1331160742833573
278,1.1337543683999205
279,1.1021349284979105
280,1.2118235205683294
281,1.1090089337564253
282,1.124430021029084
283,1.0369634285126395
284,1.041454628343196
285,1.1179027064315747
286,1.0445370739825819
287,1.2167420435918195
288,1.1055632557830852
289,1.0638654506536538
290,1.09188742689237
291,1.1128089052106118
292,1.2057119249375587
293,1.0773942863667956
294,1.056558856809532
295,1.1235124244990267
296,1.0748957640879588
297,1.0479805229038044
298,1.2490130149723695
299,1.0860821574877941
300,1.2057119249375587
301,1.0716158142080776
302,1.1809071794905932
303,1.1128089052106118
304,1.1213151892558202
305,1.0351275344053732
306,1.0868245450581107
307,1.09188742689237
308,1.0720123344029115
309,1.281393705880597
310,1.1021349284979105
311,1.0798158273755392
312,1.0835305104106812
313,1.1102673741149396
314,1.0401694783529716
315,1.041512389835025
316,1.2490130149723695
317,1.0943633242343163
318,1.0304843026625916
319,1.1328375179351349
320,1.138895462203695
321,1.3084759818521847
322,1.0489808990220373
323,1.0383317507734686
324,1.0844273784165568
325,1.2773943771617624
326,1.0874202875546386
327,1.1407909968523975
328,1.0424094633904404
329,1.0283305492921275
330,1.0361962860232166
331,1.0838321861214735
332,1.0424094633904404
333,1.0550755321730512
334,1.0489808990220373
335,1.061110319266736
336,1.2287854287532576
337,1.1155647716507968
338,1.125665992984345
339,1.130384506357485
340,1.0757233107455375
341,1.1879237294472365
342,1.1965747242882716
343,1.0751391683979135
344,1.0300742141265182
345,1.046794313450917
346,1.0222738252787311
347,1.1073111037166086
348,1.0440971476936884
349,1.127538026446467
350,1.2167420435918195
351,1.2013147741242018
352,1.0433084048030512
353,1.1700804021596027
354,1.1453606552541153
355,1.0164698559507224
356,1.2127926435669347
357,1.0731329877262696
358,1.0755984895523676
359,1.1006899212224743
360,1.1328375179351349
361,1.1596819056613883
362,1.0724420280246845
363,1.0660478031354854
364,1.1832082036545437
365,1.0885614469894644
366,1.2991843061251227
367,1.0920035674052164
368,1.0529499561099085
369,1.1035944078951134
370,1.078112667035682
371,1.1049142462433563
372,1.147032611450254
373,1.1442769199767622
374,1.1204541104803905
375,1.0577515923173597
376,1.099458937118558
377,1.1470530049943795
378,1.0556023031056494
379,1.0649292426945831
380,1.184795488645194
381,1.1237701364025896
382,1.082162814374288
383,1.2390125375488956
384,1.15231793297641
385,1.1120572848294379
386,1.3279597608313276
387,1.0588632474487865
388,1.0967426225760795
389,1.0584969959710226
390,1.1590076342660243
391,1.1563483441018223
392,1.0588632474487865
393,1.1814496182840555
394,1.1056818326860374
395,1.0561372407548182
396,1.1777939981807457
397,1.0976432767791415
398,1.0720542305168965
399,1.1365951886977292
400,1.400736491720857
401,1.109428078015017
402,1.1133877499626708
403,1.1396269641079093
404,1.0817989943380435
405,1.1066029883259503
406,1.0664524810203246
407,1.1602742518147429
408,1.3171100880566073
409,1.2213457637665526
410,1.0115078554519215
411,1.1214757990296107
412,1.2198411566469138
413,1.306391615351943
414,1.1238775052755061
415,1.2490130149723695
416,1.3737948970645455
417,1.1422162607204647
418,1.065996211216572
419,1.095462121549721
420,1.158799010777705
421,1.202481946776442
422,1.109428078015017
423,1.2248360497857644
424,1.0796994760395398
425,1.131670930492589
426,1.157876321149357
427,1.103057942266823
428,1.0224277430674977
429,1.2272320223177888
430,1.0927861175176843
431,1.2739603908066899
432,1.0522901795953052
433,1.108572553007689
434,1.130384506357485
435,1.1093780682467076
436,1.089185426739658
437,1.188477265813341
438,1.1363816247494547
439,1.1444739267875341
440,1.1937795186184061
441,1.1056818326860374
442,1.193433417975824
443,1.0282466062120539
444,1.1028937648073718
445,1.1073111037166086
446,1.3459062255922403
447,1.0817989943380435
448,1.1337543683999205
449,1.1011945702215868
450,1.096918884439589
451,1.160898682201987
452,1.0351275344053732
453,1.0542842118174514
454,1.0529499561099085
455,1.035490147571404
456,1.3388472486140128
457,1.099458937118558
458,1.109058466606351
459,1.4446669583156646
460,1.2546788841135805
461,1.0222738252787311
462,1.098635205189917
463,1.0835305104106812
464,1.1177040049754896
465,1.0333810108923807
466,1.052012454326361
467,1.1135523276699077
468,1.193433417975824
469,1.108375206205823
470,1.1238775052755061
471,1.0928009559500644
472,1.066491102912035
473,1.1079175980598677
474,1.267042989187448
475,1.1194519008429842
476,1.0669051851987061
477,1.0892406334849691
478,1.2407796332226668
479,1.120121919158963
480,1.091117800343652
481,1.1990451573905134
482,1.1083566645201033
483,1.0926530163454247
484,1.1609304138212766
485,1.040843647245247
486,1.1198270111892772
487,1.1231896165262374
488,1.0415657567626355
489,1.2174996421151603
490,1.0794373955166197
491,1.0433084048030512
492,1.1687962827752818
493,1.1892994297902815
494,1.0844811271400283
495,1.2100252116034709
496,1.0709406492687283
497,1.2322410511333721
498,1.056558856809532
499,1.06470601414799
500,1.0820219344513988
501,1.1088396224362616
502,1.0958842060811806
503,1.2026508365876
504,1.056942325015024
505,1.0665301138232623
506,1.0395562803364666
507,1.1415768656368601
508,1.0544870602176257
509,1.1404599790356746
510,1.094405887526485
511,1.0748536096559078
512,1.1003787523350297
513,1.1176324544551224
514,1.2075062537694832
515,1.1400403707312468
516,1.0526974986707547
517,1.0765438258101179
518,1.1087619148414682
519,1.0479335601860553
520,1.0524623504103503
521,1.0584958595310168
522,1.1972366495679763
523,1.0574284811000307
524,1.1119213508737362
525,1.1033820004315593
526,1.1242603628574597
527,1.1571772267839815
528,1.0971483712147194
529,1.2167420435918195
530,1.0765438258101179
531,1.1762980554029419
532,1.1115294071382458
533,1.082113798099462
534,1.1087619148414682
535,1.1746704648150557
536,1.0450530205598914
537,1.0410008949424245
538,1.2969130418761827
539,1.063100250945138
540,1.185103766559513
541,1.1044953949231529
542,1.0615603092437118
543,1.0544870602176257
544,1.0690052974418105
545,1.1610225845146254
546,1.0836975306745216
547,1.0407975249922052
548,1.3388472486140128
549,1.183157681322066
550,1.1275097491850967
551,1.1202063906347903
552,1.082683491092478
553,1.111850495794272
554,1.05961007571508
555,1.2390125375488956
556,1.1238759319192435
557,1.2752198982678502
558,1.055892684236773
559,1.0462337848861094
560,1.0888333679976454
561,1.117135706624585
562,1.1225393221609041
563,1.2616821965665421
564,1.209556544157609
565,1.0951269913654096
566,1.196001139321891
567,1.042162264033676
568,1.1264874216767478
569,1.0926430125780586
570,1.0908525627970453
571,1.0277722825554283
572,1.101952425846741
573,1.322577410903077
574,1.1657257630793691
575,1.1115294071382458
576,1.0521701964312593
577,1.0346528397454637
578,1.2063341276845456
579,1.1125728125475474
580,1.1407754952755869
581,1.084036451617209
582,1.0500226111325062
583,1.1232038494717904
584,1.1122871174803977
585,1.0745541680849937
586,1.07193968341602
587,1.0891387872529967
588,1.0792583415631802
589,1.3171100880566073
590,1.0912035844649872
591,1.1407754952755869
592,1.0509724568732663
593,1.111850495794272
594,1.0450530205598914
595,1.0781217548552295
596,1.1028573542253697
597,1.0526684927323493
598,1.0822049715412256
599,1.1933428677683855
600,1.1458578741492282
601,1.08757439637121
602,1.1299588963063354
603,1.0224727330066379
604,1.1302151732292347
605,1.0964748774435844
606,1.0664524810203246
607,1.1047686605230536
608,1.1064801705101213
609,1.1633906440019268
610,1.083833795111151
611,1.0941700854980028
612,1.2206216769160583
613,1.2262886289731907
614,1.1188572105936645
615,1.069062115468882
616,1.1125696648104975
617,1.0720363334035339
618,1.1125696648104975
619,1.139969409470611
620,1.1135523276699077
621,1.3064440530145944
622,1.196001139321891
623,1.1384470533044941
624,1.09390807701389
625,1.1159083296868306
626,1.210972006973264
627,1.052499613612635
628,1.0838321861214735
629,1.0610981598254545
630,1.0869150551137263
631,1.1198270111892772
632,1.046066177135654
633,1.0822049715412256
634,1.1011626157102645
635,1.1539701992707754
636,1.1331160742833573
637,1.053841915477292
638,1.1840349248693691
639,1.0569090084806414
640,1.074254066486435
641,1.1507030993872063
642,1.0755984895523676
643,1.2447316960296297
644,1.093454247028127
645,1.0440971476936884
646,1.1667169950740455
647,1.0689814503699375
648,1.1090089337564253
649,1.1064635695286638
650,1.1356144271016937
651,1.0369634285126395
652,1.4257028042397495
653,1.1567114971143304
654,1.1793193181016655
655,1.0900516673281277
656,1.0583634103700235
657,1.09331795775073
658,1.0519734283241695
659,1.0731329877262696
660,1.1064606724383845
661,1.0564985663803654
662,1.0369328256753354
663,1.0268450311350976
664,1.092036370492653
665,1.0957721312212558
666,1.1965747242882716
667,1.2418624179963904
668,1.0766670362333497
669,1.3433865931040185
670,1.0943633242343163
671,1.0304843026625916
672,1.0812902855615472
673,1.156362519713501
674,1.0713165278608474
675,1.2069622732328638
676,1.1830584154946393
677,1.125234015467282
678,1.1003787523350297
679,1.0107464951797338
680,1.0478533658202656
681,1.1602706455433387
682,1.3171100880566073
683,1.0892640008331893
684,1.0321938156227775
685,1.0874202875546386
686,1.1561310619472782
687,1.0705367760414004
688,1.0615603092437118
689,1.0669312451564743
690,1.139954162358599
691,1.0885614469894644
692,1.2206359403143632
693,1.1582254005497028
694,1.0649292426945831
695,1.052012454326361
696,1.165839436454436
697,1.1396269641079093
698,1.1396269641079093
699,1.1879223963847605
700,1.2183652217203649
701,1.0218365149173592
702,1.1681505758405144
703,1.205410441822464
704,1.1399168919499933
705,1.0393569690698519
706,1.1010320797015662
707,1.1031416866456518
708,1.084573058438009
709,1.0176765861180253
710,1.2249652744068544
711,1.2199598681796326
712,1.1748539322236027
713,1.1090089337564253
714,1.088834383054522
715,1.1242688348183676
716,1.1268463290706094
717,1.05807631373163
718,1.0807492725551657
719,1.066931928592971
720,1.061110319266736
721,1.1657792900340638
722,1.1477531242709114
723,1.0489808990220373
724,1.130155356096861
725,1.0525928055772433
726,1.400736491720857
727,1.157876321149357
728,1.0440971476936884
729,1.1632455680217444
730,1.109428078015017
731,1.1133877499626708
732,1.116056571230724
733,1.1039852895497877
734,1.1179027064315747
735,1.0868245450581107
736,1.0646175319834332
737,1.1567114971143304
738,1.0312190720298007
739,1.06234317865232
740,1.0912035844649872
741,1.1577244561092597
742,1.2215777289777128
743,1.0578856883769672
744,1.0277287747585717
745,1.1119939738529983
746,1.2991843061251227
747,1.0801921300449604
748,1.1346991746977326
749,1.0764354515739483
750,1.0748256247152825
751,1.0751701525720236
752,1.2553831356714062
753,1.1326094755504985
754,1.0636218415706629
755,1.0521701964312593
756,1.0277287747585717
757,1.091117800343652
758,1.1198270111892772
759,1.1328375179351349
760,1.080128819416042
761,1.1399168919499933
762,1.116911721634253
763,1.1953513616328562
764,1.1686485210325905
765,1.0369634285126395
766,1.1346991746977326
767,1.0971483712147194
768,1.1116972992834548
769,1.1108040563781698
770,1.1545209342392935
771,1.1068626171082647
772,1.0724420280246845
773,1.2182129843529943
774,1.091801441214912
775,1.0526974986707547
776,1.0294112232514854
777,1.0603817725655238
778,1.0555345432824907
779,1.0367025326982
780,1.045308643788393
781,1.0997029638762936
782,1.0933360733860131
783,1.145212153887957
784,1.0964748774435844
785,1.120369987387093
786,1.1325296724775367
787,1.0908525627970453
788,1.0583779719644117
789,1.2126213052152275
790,1.1489361295681229
791,1.0690052974418105
792,1.0330572244953415
793,1.0887180997723915
794,1.035490147571404
795,1.1355734316360884
796,1.0929857540253543
797,1.126607146502253
798,1.1655838802053455
799,1.173124522468705
800,1.156362519713501
801,1.0567192260633227
802,1.0766670362333497
803,1.0526684927323493
804,1.1001488341089767
805,1.1254831312161564
806,1.1295321628195636
807,1.1455854663323293
808,1.1500246479098803
809,1.1829322193629697
810,1.0822049715412256
811,1.2167420435918195
812,1.1627241215184345
813,1.139969409470611
814,1.1328392027182455
815,1.117910103527373
816,1.1062865504485564
817,1.0544870602176257
818,1.0912035844649872
819,1.0751551113267888
820,1.0803519557102663
821,1.2213457637665526
822,1.1356144271016937
823,1.0871719800805508
824,1.2417810918318035
825,1.2127926435669347
826,1.1407909968523975
827,1.0304843026625916
828,1.222377553898584
829,1.1399168919499933
830,1.1047080296653862
831,1.0561372407548182
832,1.119223347462615
833,1.0920035674052164
834,1.0796994760395398
835,1.1577244561092597
836,1.0839756972843424
837,1.094405887526485
838,1.0957721312212558
839,1.2118235205683294
840,1.178078162716989
841,1.2752198982678502
842,1.2616821965665421
843,1.0959700966800203
844,1.2202204395676377
845,1.0610981598254545
846,1.109428078015017
847,1.093454247028127
848,1.0586892306757236
849,1.0479335601860553
850,1.2616821965665421
851,1.104610619249303
852,1.1402308593826764
853,1.046066177135654
854,1.2283023149944667
855,1.1953513616328562
856,1.035997881652504
857,1.1135523276699077
858,1.1561310619472782
859,1.1887223175463513
860,1.1308448332839223
861,1.1297751799376943
862,1.09934113138141
863,1.1198270111892772
864,1.2296503132720635
865,1.1412748633602394
866,1.1957326801453527
867,1.1773350475465767
868,1.0766501396195605
869,1.378547373925956
870,1.0546578794345598
871,1.0971889454568622
872,1.0755984895523676
873,1.108375206205823
874,1.1985203065285277
875,1.1548761891373351
876,1.1041242331280576
877,1.0891351554871014
878,1.1028945954701512
879,1.0880544631874693
880,1.0624692849345978
881,1.185950586279416
882,1.1422162607204647
883,1.066491102912035
884,1.126330490574694
885,1.1567114971143304
886,1.060978388376025
887,1.0489808990220373
888,1.193802366795633
889,1.253557031337333
890,1.1080765090292077
891,1.0980850324453673
892,1.0277287747585717
893,1.076521258983843
894,1.1002144482214677
895,1.0677946988284532
896,1.0504560451733973
897,1.08757439637121
898,1.123187346723988
899,1.0697380454604848
900,1.1049142462433563
901,1.1133877499626708
902,1.1144978046447696
903,1.1266698214458861
904,1.0475442998443003
905,1.0941700854980028
906,1.1002144482214677
907,1.0954110050132326
908,1.1266698214458861
909,1.1702348288536393
910,1.1047201263275659
911,1.1902805700234744
912,1.0731329877262696
913,1.1904955548448357
914,1.0526684927323493
915,1.0664524810203246
916,1.1080765090292077
917,1.0968532420651902
918,1.09331795775073
919,1.0745541680849937
920,1.1120572848294379
921,1.1937795186184061
922,1.147055336686282
923,1.0976432767791415
924,1.15231793297641
925,1.0976906071070263
926,1.0479335601860553
927,1.0662584186446256
928,1.1602742518147429
929,1.2167420435918195
930,1.0488141861465463
931,1.0646175319834332
932,1.0265405680901907
933,1.168587543611878
934,1.0746110810368428
935,1.0811017397837188
936,1.0926430125780586
937,1.2206216769160583
938,1.2778320122896307
939,1.2198411566469138
940,1.1607553948714193
941,1.1242688348183676
942,1.1056419376215743
943,1.1681915786553314
944,1.0651840584592704
945,1.2198411566469138
946,1.0550065792188825
947,1.2198411566469138
948,1.10328772959499
949,1.1762980554029419
950,1.0976432767791415
951,1.279447726074179
952,1.1049142462433563
953,1.0713165278608474
954,1.105933875211244
955,1.0330572244953415
956,1.0521478786119969
957,1.1773586822902824
958,1.0588312147946553
959,1.1470530049943795
960,1.024209092138017
961,1.1174427111531562
962,1.1488794581290196
963,1.09331795775073
964,1.2322087928477057
965,1.2283023149944667
966,1.1904955548448357
967,1.059114585298647
968,1.1244455923655803
969,1.1070670911687583
970,1.052499613612635
971,1.166218649919401
972,1.1315814953739354
973,1.042162264033676
974,1.052012454326361
975,1.1746704648150557
976,1.0176765861180253
977,1.1752779329583871
978,1.092879336039708
979,1.1314787906908184
980,1.1933428677683855
981,1.1400403707312468
982,1.0801921300449604
983,1.0268450311350976
984,1.0708519521018283
985,1.0689814503699375
986,1.1489361295681229
987,1.110499772579233
988,1.0677047085836648
989,1.1957326801453527
990,1.0867635335626555
991,1.0393998542332887
992,1.1268463290706094
993,1.07586494212032
994,1.1571517440286867
995,1.0549410810200859
996,1.0796994760395398
997,1.3433865931040185
998,1.2457565955421177
999,1.1879237294472365
1000,1.1386177107918647
1001,1.1237701364025896
1002,1.2029796071475056
1003,1.3459062255922403
1004,1.1396269641079093
1005,1.0755984895523676
1006,1.066931928592971
1007,1.0943505525746746
1008,1.030204096663382
1009,1.1909827055208033
1010,1.1186123524718194
1011,1.178078162716989
1012,1.1686485210325905
1013,1.0648990623512
1014,1.1773586822902824
1015,1.191607579147047
1016,1.1520258398749585
1017,1.1254831312161564
1018,1.0820219344513988
1019,1.1243873640236133
1020,1.1264180257068765
1021,1.2817443528279742
1022,1.0750502249242828
1023,1.178078162716989
1024,1.0489808990220373
1025,1.1479037510513521
1026,1.0781217548552295
1027,1.0844273784165568
1028,1.0474764054004138
1029,1.3000076840030077
1030,1.0762490889451524
1031,1.2003811274762393
1032,1.0638654506536538
1033,1.2100252116034709
1034,1.1122738800184744
1035,1.1551316451592109
1036,1.0603817725655238
1037,1.067043969744332
1038,1.1064635695286638
1039,1.3084759818521847
1040,1.0361248341021378
1041,1.0852961439065518
1042,1.1909827055208033
1043,1.0971269971906121
1044,1.0608378106941083
1045,1.0964748774435844
1046,1.282096866223686
1047,1.079758920222232
1048,1.1497148105105484
1049,1.2062387623375488
1050,1.1163907000321234
1051,1.0367025326982
1052,1.1957326801453527
1053,1.1499168382776281
1054,1.1942031266426674
1055,1.2072873047453776
1056,1.1331160742833573
1057,1.2075062537694832
1058,1.0396477520074023
1059,1.1937795186184061
1060,1.1052585757790512
1061,1.0534331904209004
1062,1.0369634285126395
1063,1.2168258669884575
1064,1.2546788841135805
1065,1.109428078015017
1066,1.0522901795953052
1067,1.1773586822902824
1068,1.120121919158963
1069,1.1816005291439173
1070,1.2236944371326322
1071,1.0617350381021573
1072,1.1868093003029347
1073,1.1387882274682803
1074,1.1006337430220132
1075,1.1522132370984144
1076,1.103779280012885
1077,1.1419030803988812
1078,1.0884021534100625
1079,1.1225177811201688
1080,1.1301807926166403
1081,1.1642310303808348
1082,1.1066029883259503
1083,1.1748539322236027
1084,1.0450530205598914
1085,1.0755984895523676
1086,1.0365922212993093
1087,1.0751391683979135
1088,1.0823937873626654
1089,1.1647695447348148
1090,1.099058773312688
1091,1.0568167299360292
1092,1.126330490574694
1093,1.1184950126009705
1094,1.1318166338907898
1095,1.1122738800184744
1096,1.1011945702215868
1097,1.1217094942773704
1098,1.0502145848448046
1099,1.1610225845146254
1100,1.0549410810200859
1101,1.0176165620669118
1102,1.2691612318855208
1103,1.104939096791757
1104,1.1204541104803905
1105,1.162330374187459
1106,1.174257030434661
1107,1.062336148872874
1108,1.1990451573905134
1109,1.0393998542332887
1110,1.2121551575963632
1111,1.097272744938488
1112,1.0862069432463788
1113,1.0507946708787326
1114,1.1179027064315747
1115,1.1517716063677264
1116,1.1263676542714776
1117,1.0724677043893047
1118,1.0522901795953052
1119,1.1087619148414682
1120,1.1415768656368601
1121,1.0951269913654096
1122,1.0450530205598914
1123,1.1608008722765046
1124,1.090716189124113
1125,1.025914146134119
1126,1.1325395072197793
1127,1.0336158190432394
1128,1.1602742518147429
1129,1.099058773312688
1130,1.1609304138212766
1131,1.0542842118174514
1132,1.1002927156036542
1133,1.093737534841338
1134,1.1256873878298848
1135,1.0610981598254545
1136,1.248393093545206
1137,1.0643263885106966
1138,1.2063341276845456
1139,1.2720988266533988
1140,1.145212153887957
1141,1.0583634103700235
1142,1.0586812981271547
1143,1.2989354536976632
1144,1.14576713606137
1145,1.2026305986062207
1146,1.1314787906908184
1147,1.0991917300056095
1148,1.1256873878298848
1149,1.1530009458936432
1150,1.125665992984345
1151,1.066491102912035
1152,1.253557031337333
1153,1.0433084048030512
1154,1.082162814374288
1155,1.1297751799376943
1156,1.034546830816292
1157,1.0488141861465463
1158,1.0582496244863475
1159,1.1115312117935607
1160,1.0892640008331893
1161,1.1299588963063354
1162,1.0450511933877222
1163,1.0646175319834332
1164,1.1639547732991282
1165,1.2757929775698997
1166,1.1479037510513521
1167,1.1064635695286638
1168,1.210972006973264
1169,1.0979731210452448
1170,1.1758732754264796
1171,1.0442959036953683
1172,1.0321938156227775
1173,1.1474681118138894
1174,1.0393569690698519
1175,1.066515757269927
1176,1.0736083643391903
1177,1.0435305631077954
1178,1.2121551575963632
1179,1.1140583066046592
1180,1.0976906071070263
1181,1.1497755301670292
1182,1.0472080027107877
1183,1.1337543683999205
1184,1.1141971051878607
1185,1.0409096710428145
1186,1.090515499345371
1187,1.0222738252787311
1188,1.2702030686693346
1189,1.1117861627291068
1190,1.060978388376025
1191,1.1119213508737362
1192,1.0489808990220373
1193,1.1108040563781698
1194,1.089185426739658
1195,1.1078964152171222
1196,1.1135523276699077
1197,1.0677946988284532
1198,1.117702332260739
1199,1.1074575322808071
1200,1.1985203065285277
1201,1.1331160742833573
1202,1.2226322318053287
1203,1.06234317865232
1204,1.05807631373163
1205,1.0478533658202656
1206,1.1025159603161445
1207,1.2135075837500384
1208,1.130982378408114
1209,1.0611487493307465
1210,1.0662584186446256
1211,1.040512088881004
1212,1.0549410810200859
1213,1.1546013950938159
1214,1.289827069327945
1215,1.1647695447348148
1216,1.0745670974987864
1217,1.093454247028127
1218,1.0933360733860131
1219,1.1752779329583871
1220,1.1583596162389935
1221,1.1829483495358208
1222,1.1593730156590247
1223,1.1596586896908354
1224,1.1213151892558202
1225,1.0796994760395398
1226,1.0798050863489703
1227,1.1055271250104337
1228,1.378547373925956
1229,1.1295321628195636
1230,1.131670930492589
1231,1.063645833526506
1232,1.1657229411069125
1233,1.0474764054004138
1234,1.2127926435669347
1235,1.1990451573905134
1236,1.1186123524718194
1237,1.1919301595179623
1238,1.0346528397454637
1239,1.1657792900340638
1240,1.211378618977896
1241,1.2026508365876
1242,1.1389759371421415
1243,1.025914146134119
1244,1.1090089337564253
1245,1.0561372407548182
1246,1.1049142462433563
1247,1.0971483712147194
1248,1.083280244174601
1249,1.132922427276623
1250,1.035490147571404
1251,1.1415636108182852
1252,1.091240006157798
1253,1.1055632557830852
1254,1.0720123344029115
1255,1.0649092393679602
1256,1.1115312117935607
1257,1.0274075252634298
1258,1.089400375489805
1259,1.190426846061833
1260,1.147055336686282
1261,1.0762490889451524
1262,1.0677047085836648
1263,1.0971889454568622
1264,1.2417810918318035
1265,1.0413157821326025
1266,1.0912035844649872
1267,1.184795488645194
1268,1.084573058438009
1269,1.1047201263275659
1270,1.1073640786188073
1271,1.050835299078375
1272,1.2750402879136713
1273,1.1415636108182852
1274,1.2226322318053287
1275,1.0953386598751735
1276,1.138823098215398
1277,1.0549410810200859
1278,1.0393204465456733
1279,1.1819170353450044
1280,1.0980850324453673
1281,1.0960568071786823
1282,1.0660205173703003
1283,1.076521258983843
1284,1.0848309434373415
1285,1.0681289985855276
1286,1.2287854287532576
1287,1.180033131647146
1288,1.0677047085836648
1289,1.1389759371421415
1290,1.147037491776034
1291,1.0396477520074023
1292,1.1047080296653862
1293,1.084036451617209
1294,1.0879866216430596
1295,1.1155647716507968
1296,1.1006899212224743
1297,1.0724420280246845
1298,1.0888333679976454
1299,1.1633546266091896
1300,1.0346528397454637
1301,1.040512088881004
1302,1.105923169915383
1303,1.1054820753585672
1304,1.1607553948714193
1305,1.2072873047453776
1306,1.1031416866456518
1307,1.1491376115736194
1308,1.1997638526612227
1309,1.1295321628195636
1310,1.2206359403143632
1311,1.146224300802662
1312,1.1559518240465336
1313,1.3645170383760252
1314,1.0751391683979135
1315,1.1054820753585672
1316,1.1375728403374479
1317,1.1083566645201033
1318,1.0648089017513953
1319,1.0574284811000307
1320,1.073042239439822
1321,1.122858024727743
1322,1.032349343221472
1323,1.1055271250104337
1324,1.1320168921615796
1325,1.0940647578612508
1326,1.3145814891237426
1327,1.101354501591671
1328,1.1056818326860374
1329,1.0412591952520913
1330,1.0351275344053732
1331,1.07586494212032
1332,1.1154282545017509
1333,1.0954110050132326
1334,1.0669312451564743
1335,1.0617585669528353
1336,1.0669312451564743
1337,1.1217094942773704
1338,1.0115078554519215
1339,1.071023343337694
1340,1.1522132370984144
1341,1.0555345432824907
1342,1.0519734283241695
1343,1.0991917300056095
1344,1.092879336039708
1345,1.0752455638659288
1346,1.1681915786553314
1347,1.0724420280246845
1348,1.0287230203675308
1349,1.090076760491619
1350,1.1214757990296107
1351,1.2063341276845456
1352,1.1117861627291068
1353,1.0648089017513953
1354,1.222377553898584
1355,1.103057942266823
1356,1.0526974986707547
1357,1.1805738080783186
1358,1.0440971476936884
1359,1.210972006973264
1360,1.2072873047453776
1361,1.253557031337333
1362,1.1655838802053455
1363,1.0809194358121668
1364,1.1777939981807457
1365,1.054285266921543
1366,1.1125696648104975
1367,1.1082305749565584
1368,1.0455019618499437
1369,1.0176165620669118
1370,1.161854761573266
1371,1.063443329650792
1372,1.1184950126009705
1373,1.109911351121812
1374,1.0892406334849691
1375,1.0716158142080776
1376,1.1539701992707754
1377,1.147037491776034
1378,1.096234318480885
1379,1.0569090084806414
1380,1.158654581380448
1381,1.080128819416042
1382,1.1487003932499393
1383,1.0844273784165568
1384,1.1415768656368601
1385,1.378547373925956
1386,1.1020320434020636
1387,1.1308448332839223
1388,1.1068666026302363
1389,1.1702348288536393
1390,1.0587393890316272
1391,1.1957326801453527
1392,1.0518824519627188
1393,1.1985203065285277
1394,1.0820652230147516
1395,1.0274075252634298
1396,1.120121919158963
1397,1.1033820004315593
1398,1.0390369812668538
1399,1.1819170353450044
1400,1.1325013429112847
1401,1.1479037510513521
1402,1.040843647245247
1403,1.0542842118174514
1404,1.2459294475558849
1405,1.1675429708943004
1406,1.1561310619472782
1407,1.0587816806073962
1408,1.1396269641079093
1409,1.0927861175176843
1410,1.0867635335626555
1411,1.1577244561092597
1412,1.0289745847436849
1413,1.034546830816292
1414,1.1022756653377295
1415,1.202481946776442
1416,1.1318057266146866
1417,1.1633546266091896
1418,1.2262886289731907
1419,1.0445370739825819
1420,1.2906024240415213
1421,1.1686485210325905
1422,1.1243873640236133
1423,1.1141971051878607
1424,1.1633906440019268
1425,1.1002144482214677
1426,1.0968532420651902
1427,1.1090261464749118
1428,1.1805738080783186
1429,1.0994911951621131
1430,1.2183208226026179
1431,1.1933428677683855
1432,1.1044953949231529
1433,1.139969409470611
1434,1.1953513616328562
1435,1.1244455923655803
1436,1.1041242331280576
1437,1.2199598681796326
1438,1.0979731210452448
1439,1.0751551113267888
1440,1.0462337848861094
1441,1.1141971051878607
1442,1.2184900894272392
1443,1.097510056484781
1444,1.2546620310521708
1445,1.1078964152171222
1446,1.3737948970645455
1447,1.0561448161688038
1448,1.0836975306745216
1449,1.2720988266533988
1450,1.2126213052152275
1451,1.1115869746284466
1452,1.1545209342392935
1453,1.1524667917770521
1454,1.178078162716989
1455,1.1909827055208033
1456,1.0615603092437118
1457,1.1052615326171469
1458,1.0555345432824907
1459,1.090716189124113
1460,1.242943097645674
1461,1.0998666742146135
1462,1.0867635335626555
1463,1.0964748774435844
1464,1.105933875211244
1465,1.2037665164584206
1466,1.2226322318053287
1467,1.0957721312212558
1468,1.046928708567514
1469,1.400736491720857
1470,1.1125728125475474
1471,1.1363816247494547
1472,1.132673634455154
1473,1.1119939738529983
1474,1.110709115932277
1475,1.2553831356714062
1476,1.0862069432463788
1477,1.131400496272805
1478,1.1372911500984044
1479,1.095462121549721
1480,1.2902885485762607
1481,1.1125696648104975
1482,1.1092477563588474
1483,1.162330374187459
1484,1.2283023149944667
1485,1.124008935279711
1486,1.06470601414799
1487,1.0369328256753354
1488,1.306391615351943
1489,1.126607146502253
1490,1.1028937648073718
1491,1.1613945185919052
1492,1.0766501396195605
1493,1.0420059297437558
1494,1.1539701992707754
1495,1.1117305929498045
1496,1.2750402879136713
1497,1.095047917229923
1498,1.1155647716507968
1499,1.0944358305227082
1500,1.0798050863489703
1501,1.2546620310521708
1502,1.1372510606924857
1503,1.1074575322808071
1504,1.05973107894287
1505,1.3075665661912104
1506,1.2206216769160583
1507,1.090716189124113
1508,1.0824516969004263
1509,1.1117305929498045
1510,1.1402308593826764
1511,1.1234341355888378
1512,1.2322410511333721
1513,1.1279820553609041
1514,1.0687050765438912
1515,1.0686289148294397
1516,1.1078964152171222
1517,1.067043969744332
1518,1.072464500107716
1519,1.1155647716507968
1520,1.0393569690698519
1521,1.2801066591679784
1522,1.067043969744332
1523,1.1188572105936645
1524,1.1487003932499393
1525,1.122896070355954
1526,1.0312190720298007
1527,1.1331160742833573
1528,1.0766670362333497
1529,1.090530157958063
1530,1.1243873640236133
1531,1.0572290482841733
1532,1.1125696648104975
1533,1.0515632738414908
1534,1.1064801705101213
1535,1.127538026446467
1536,1.0798158273755392
1537,1.1215642337287193
1538,1.1681915786553314
1539,1.0945763746536643
1540,1.1642310303808348
1541,1.1520258398749585
1542,1.0573415234405947
1543,1.1356144271016937
1544,1.209556544157609
1545,1.1035806968023256
1546,1.082683491092478
1547,1.1940826718737068
1548,1.1220852757992568
1549,1.0283305492921275
1550,1.1006337430220132
1551,1.0912035844649872
1552,1.0964023985475715
1553,1.1382725467176211
1554,1.0583779719644117
1555,1.1120572848294379
1556,1.0572290482841733
1557,1.0874202875546386
1558,1.0892640008331893
1559,1.035997881652504
1560,1.0274075252634298
1561,1.1268463290706094
1562,1.1985312182920842
1563,1.040512088881004
1564,1.1965747242882716
1565,1.1064606724383845
1566,1.154471587519962
1567,1.2118235205683294
1568,1.1088396224362616
1569,1.1564919560839075
1570,1.0669312451564743
1571,1.09188742689237
1572,1.055533802502303
1573,1.1962710674430836
1574,1.0960568071786823
1575,1.1346991746977326
1576,1.152302033070458
1577,1.1564919560839075
1578,1.06234317865232
1579,1.1559518240465336
1580,1.1055632557830852
1581,1.1567114971143304
1582,1.246780494996342
1583,1.05973107894287
1584,1.1564919560839075
1585,1.200767769386106
1586,1.1235124244990267
1587,1.1389932841420494
1588,1.0736083643391903
1589,1.1307451956829455
1590,1.1128099319790823
1591,1.185950586279416
1592,1.045308643788393
1593,1.2322410511333721
1594,1.209556544157609
1595,1.2184900894272392
1596,1.281393705880597
1597,1.0822049715412256
1598,1.071023343337694
1599,1.2114509850776853
1600,1.0980850324453673
1601,1.1194519008429842
1602,1.040843647245247
1603,1.0107464951797338
1604,1.0940891854381865
1605,1.0926430125780586
1606,1.1633906440019268
1607,1.0224277430674977
1608,1.1611206617949021
1609,1.120121919158963
1610,1.248393093545206
1611,1.1325395072197793
1612,1.0643263885106966
1613,1.1530009458936432
1614,1.1171698324566477
1615,1.0304843026625916
1616,1.0830100671035248
1617,1.0822049715412256
1618,1.1194519008429842
1619,1.034546830816292
1620,1.116911721634253
1621,1.1332222337935014
1622,1.1156685921600298
1623,1.1851037980620422
1624,1.1639547732991282
1625,1.0549410810200859
1626,1.0549410810200859
1627,1.097510056484781
1628,1.1642310303808348
1629,1.0450530205598914
1630,1.202481946776442
1631,1.158799010777705
1632,1.0544870602176257
1633,1.0860821574877941
1634,1.1235124244990267
1635,1.1422162607204647
1636,1.103057942266823
1637,1.0478533658202656
1638,1.1607553948714193
1639,1.0766670362333497
1640,1.1422162607204647
1641,1.1238430406396904
1642,1.0626050935469042
1643,1.2526093346574112
1644,1.2167420435918195
1645,1.1829322193629697
1646,1.0716158142080776
1647,1.0681289985855276
1648,1.0953386598751735
1649,1.05973107894287
1650,1.1055632557830852
1651,1.1082305749565584
1652,1.0991917300056095
1653,1.3737948970645455
1654,1.2063341276845456
1655,1.165839436454436
1656,1.0854065884201614
1657,1.1489361295681229
1658,1.1117305929498045
1659,1.3986995034290612
1660,1.1234341355888378
1661,1.0495357426392669
1662,1.1006899212224743
1663,1.0300742141265182
1664,1.1491376115736194
1665,1.0731475576405112
1666,1.05807631373163
1667,1.1491460381058558
1668,1.1310702929936667
1669,1.246780494996342
1670,1.131670930492589
1671,1.1387882274682803
1672,1.2045740940492935
1673,1.116056571230724
1674,1.0346528397454637
1675,1.0856641614016278
1676,1.0873918995904814
1677,1.0578856883769672
1678,1.0953386598751735
1679,1.126607146502253
1680,1.099058773312688
1681,1.1415768656368601
1682,1.1750041183225537
1683,1.0779432066957333
1684,1.104939096791757
1685,1.1497148105105484
1686,1.1657181945356008
1687,1.122858024727743
1688,1.1602742518147429
1689,1.0369634285126395
1690,1.135805431790361
1691,1.108160269620094
1692,1.1022756653377295
1693,1.088834383054522
1694,1.0502003639353483
1695,1.1047080296653862
1696,1.1324436476983493
1697,1.1216748681328705
1698,1.1297751799376943
1699,1.1467602618699697
1700,1.3171100880566073
1701,1.1106169275790754
1702,1.210972006973264
1703,1.0595369828990158
1704,1.0945763746536643
1705,1.1449527750735529
1706,1.0940891854381865
1707,1.1819170353450044
1708,1.1122871174803977
1709,1.1953513616328562
1710,1.0555345432824907
1711,1.0415657567626355
1712,1.147055336686282
1713,1.075340193416284
1714,1.0479805229038044
1715,1.1497148105105484
1716,1.1115294071382458
1717,1.046066177135654
1718,1.1044953949231529
1719,1.0755984895523676
1720,1.1131118381928167
1721,1.1263676542714776
1722,1.0455019618499437
1723,1.0748957640879588
1724,1.059114585298647
1725,1.1318057266146866
1726,1.0926430125780586
1727,1.0629243824839292
1728,1.0224277430674977
1729,1.0591572504958346
1730,1.074254066486435
1731,1.0940891854381865
1732,1.1122871174803977
1733,1.0940891854381865
1734,1.1135523276699077
1735,1.0880544631874693
1736,1.0368166050274927
1737,1.1010320797015662
1738,1.254364869858543
1739,1.1035806968023256
1740,1.139954162358599
1741,1.0926430125780586
1742,1.1346991746977326
1743,1.3857238255205717
1744,1.174257030434661
1745,1.1163907000321234
1746,1.2969130418761827
1747,1.1407754952755869
1748,1.1174427111531562
1749,1.082683491092478
1750,1.1758732754264796
1751,1.1082305749565584
1752,1.1301143192186307
1753,1.190426846061833
1754,1.0521701964312593
1755,1.0350322247374188
1756,1.1773586822902824
1757,1.1161695828013807
1758,1.2199598681796326
1759,1.1814496182840555
1760,1.0930715290287016
1761,1.0591572504958346
1762,1.1011626157102645
1763,1.0522901795953052
1764,1.2447316960296297
1765,1.0844811271400283
1766,1.0779432066957333
1767,1.17215127830622
1768,1.125234015467282
1769,1.059260079661221
1770,1.058809690398241
1771,1.0720542305168965
1772,1.254364869858543
1773,1.066279669509368
1774,1.0768804337778528
1775,1.1363816247494547
1776,1.0564985663803654
1777,1.1327590088587478
1778,1.1318166338907898
1779,1.0587393890316272
1780,1.138895462203695
1781,1.0450530205598914
1782,1.089912497238217
1783,1.101354501591671
1784,1.1458578741492282
1785,1.0779432066957333
1786,1.156362519713501
1787,1.1177040049754896
1788,1.0824516969004263
1789,1.0867635335626555
1790,1.191112229558629
1791,1.1814496182840555
1792,1.145212153887957
1793,1.0881284654556895
1794,1.2546620310521708
1795,1.0776377237785029
1796,1.119223347462615
1797,1.1816005291439173
1798,1.116911721634253
1799,1.2969130418761827
1800,1.139969409470611
1801,1.0943505525746746
1802,1.1561310619472782
1803,1.122198424205244
1804,1.1184950126009705
1805,1.1468513382867895
1806,1.193433417975824
1807,1.0475442998443003
1808,1.2546788841135805
1809,1.0511806259407834
1810,1.100040588680598
1811,1.3145814891237426
1812,1.1186123524718194
1813,1.1176324544551224
1814,1.0584969959710226
1815,1.2354186040693655
1816,1.0971269971906121
1817,1.1582254005497028
1818,1.322577410903077
1819,1.0582496244863475
1820,1.0525928055772433
1821,1.1546859028105811
1822,1.0925274486006251
1823,1.098635205189917
1824,1.1022756653377295
1825,1.1174427111531562
1826,1.103057942266823
1827,1.1062865504485564
1828,1.1100305936710126
1829,1.2215777289777128
1830,1.1646057651883888
1831,1.2118235205683294
1832,1.088648331796583
1833,1.1686485210325905
1834,1.1672891493960373
1835,1.082683491092478
1836,1.0390075234793357
1837,1.062595141263484
1838,1.1497755301670292
1839,1.0479335601860553
1840,1.1466856222578647
1841,1.057463963305552
1842,1.0401694783529716
1843,1.2199598681796326
1844,1.0794373955166197
1845,1.1268463290706094
1846,1.0881284654556895
1847,1.1088396224362616
1848,1.1610225845146254
1849,1.0662584186446256
1850,1.1080765090292077
1851,1.1500246479098803
1852,1.0399348015395935
1853,1.1082305749565584
1854,1.0731475576405112
1855,1.399231112002767
1856,1.1035944078951134
1857,1.0346528397454637
1858,1.0860821574877941
1859,1.0588312147946553
1860,1.09390807701389
1861,1.1161695828013807
1862,1.1198270111892772
1863,1.0885614469894644
1864,1.2773943771617624
1865,1.0925274486006251
1866,1.0572290482841733
1867,1.242943097645674
1868,1.0488141861465463
1869,1.157876321149357
1870,1.2226322318053287
1871,1.1548761891373351
1872,1.3171100880566073
1873,1.0544870602176257
1874,1.1237701364025896
1875,1.0282466062120539
1876,1.0294112232514854
1877,1.1133877499626708
1878,1.2122284993002648
1879,1.094043677870607
1880,1.1161695828013807
1881,1.254364869858543
1882,1.1216748681328705
1883,1.1483995671194371
1884,1.1672891493960373
1885,1.2168258669884575
1886,1.0411855670575447
1887,1.1184950126009705
1888,1.0690052974418105
1889,1.2127926435669347
1890,1.2003811274762393
1891,1.1657181945356008
1892,1.1937795186184061
1893,1.1386177107918647
1894,1.1083566645201033
1895,1.1396269641079093
1896,1.1047201263275659
1897,1.248393093545206
1898,1.0943505525746746
1899,1.1602742518147429
1900,1.1557535430528703
1901,1.1593730156590247
1902,1.1606491084504256
1903,1.0495357426392669
1904,1.1972366495679763
1905,1.2546620310521708
1906,1.2417810918318035
1907,1.3419473212082969
1908,1.1694022423658672
1909,1.0817266901428866
1910,1.07193968341602
1911,1.1011626157102645
1912,1.0502145848448046
1913,1.2728866671901504
1914,1.0823937873626654
1915,1.146224300802662
1916,1.0409096710428145
1917,1.132123288385191
1918,1.0403136130252428
1919,1.0524623504103503
1920,1.0312190720298007
1921,1.2236944371326322
1922,1.0959700966800203
1923,1.1122938571519512
1924,1.2418624179963904
1925,1.1115312117935607
1926,1.095572256788624
1927,1.074254066486435
1928,1.115361411994885
1929,1.115361411994885
1930,1.097510056484781
1931,1.2447316960296297
1932,1.1647695447348148
1933,1.0617350381021573
1934,1.0218365149173592
1935,1.1590076342660243
1936,1.1567114971143304
1937,1.2075062537694832
1938,1.1896916940080104
1939,1.0848309434373415
1940,1.0424094633904404
1941,1.0660205173703003
1942,1.054285266921543
1943,1.1613945185919052
1944,1.0521701964312593
1945,1.1957326801453527
1946,1.143112679689822
1947,1.0634038681484417
1948,1.035490147571404
1949,1.1090089337564253
1950,1.0555345432824907
1951,1.1270488981264817
1952,1.1087619148414682
1953,1.4257028042397495
1954,1.1087911010116485
1955,1.078112667035682
1956,1.2249652744068544
1957,1.1149101098054626
1958,1.2183652217203649
1959,1.1702348288536393
1960,1.0391702651826007
1961,1.1325013429112847
1962,1.0265405680901907
1963,1.1155647716507968
1964,1.0925810858776457
1965,1.084036451617209
1966,1.0928009559500644
1967,1.1198270111892772
1968,1.046066177135654
1969,1.0712357140813735
1970,1.2168258669884575
1971,1.174257030434661
1972,1.0734894797535761
1973,1.1814496182840555
1974,1.2206359403143632
1975,1.119981713747492
1976,1.1176324544551224
1977,1.1582254005497028
1978,1.1546859028105811
1979,1.1632499668556902
1980,1.109058466606351
1981,1.1073111037166086
1982,1.1314787906908184
1983,1.1011626157102645
1984,1.1937795186184061
1985,1.2042298480655207
1986,1.0316674435982176
1987,1.1524667917770521
1988,1.088622280360268
1989,1.0971897083981814
1990,1.0526974986707547
1991,1.073005932462179
1992,1.0268450311350976
1993,1.088834383054522
1994,1.2183208226026179
1995,1.1064801705101213
1996,1.0687050765438912
1997,1.2198411566469138
1998,1.1681505758405144
1999,1.1561310619472782
2000,1.2114509850776853
2001,1.0336158190432394
2002,1.0954110050132326
2003,1.241074534735422
2004,1.0690052974418105
2005,1.1442769199767622
2006,1.1832082036545437
2007,1.0472080027107877
2008,1.1133877499626708
2009,1.0621121294653482
2010,1.0534331904209004
2011,1.1657229411069125
2012,1.1363816247494547
2013,1.0776377237785029
2014,1.1068666026302363
2015,1.1242688348183676
2016,1.073005932462179
2017,1.0437486573760528
2018,1.2072873047453776
2019,1.2174996421151603
2020,1.1447222814199585
2021,1.0424094633904404
2022,1.1679055782802301
2023,1.052012454326361
2024,1.1279820553609041
2025,1.2167420435918195
2026,1.124809343505753
2027,1.1467602618699697
2028,1.3625691030891243
2029,1.150430623503741
2030,1.072259553536057
2031,1.1362501241288174
2032,1.12365612200742
2033,1.1701238332126773
2034,1.038848031043398
2035,1.104289282534766
2036,1.1737404436050296
2037,1.2666285641198094
2038,1.1670628167987027
2039,1.1154379157427354
2040,1.2775790653719508
2041,1.149613852563272
2042,1.1391458918134776
2043,1.0585070428452255
2044,1.050024267304559
2045,1.0589071745370975
2046,1.2822978591803833
2047,1.128843301370164
2048,1.1238615102751808
2049,1.0745510915865608
2050,1.1258176736687553
2051,1.1090315821550598
2052,1.1221553941040083
2053,1.189369497228866
2054,1.0901272479519366
2055,1.1167356928607135
2056,1.0915826088237315
2057,1.0968537860359073
2058,1.5208491738986913
2059,1.136701573174635
2060,1.0633351097332113
2061,1.1554476782503127
2062,1.1494403991844682
2063,1.204417131469941
2064,1.0589606035439922
2065,1.147596640526717
2066,1.2643706088017086
2067,1.1604544926602272
2068,1.07936127434349
2069,1.074940565483761
2070,1.0426348446613607
2071,1.0968741496933598
2072,1.102172562761981
2073,1.0789994386426385
2074,1.0666751953090232
2075,1.1900085046760924
2076,1.0949812410593311
2077,1.1085915017332904
2078,1.1118160459650699
2079,1.1871122316076625
2080,1.1047362600820803
2081,1.0871198048099506
2082,1.0925077492783584
2083,1.0821099729782198
2084,1.0616631643373835
2085,1.0712400271608034
2086,1.195483187487356
2087,1.0336879785663113
2088,1.0917260211939686
2089,1.147619671303494
2090,1.1573747889563106
2091,1.0531690504664046
2092,1.085487290473816
2093,1.0720097674997147
2094,1.0864033786729286
2095,1.1736422521596013
2096,1.1465905574566428
2097,1.1201397384757814
2098,1.1604544926602272
2099,1.1208876836506325
2100,1.2033726647737262
2101,1.1245409515770852
2102,1.1221553941040083
2103,1.2555418882936094
2104,1.081632164477958
2105,1.045038010986855
2106,1.170701874204919
2107,1.0441252499871203
2108,1.2094338155700979
2109,1.1215504896681934
2110,1.0350771782640957
2111,1.1315054222594163
2112,1.0388958690353909
2113,1.4133611469195269
2114,1.089982055725716
2115,1.1827075532924811
2116,1.1662396169396883
2117,1.0763206547699544
2118,1.0429372186313925
2119,1.0526041623784852
2120,1.1177979794811497
2121,1.16513214196244
2122,1.0551119003837675
2123,1.281951322749677
2124,1.0987086767480092
2125,1.2127325896420573
2126,1.0537899281503587
2127,1.1070283693307597
2128,1.0833626140570798
2129,1.0610930222518622
2130,1.2902168175817674
2131,1.1323863072290914
2132,1.072702287720636
2133,1.3156724276827008
2134,1.0979366638514776
2135,1.1197071669369423
2136,1.127525138913346
2137,1.100394487414024
2138,1.072598395148509
2139,1.4467461677043587
2140,1.175195108215178
2141,1.1156567179304293
2142,1.1900566884686414
2143,1.1713786100987134
2144,1.0356058523941716
2145,1.1574649296945414
2146,1.089982055725716
2147,1.0443477390651303
2148,1.1651211833880988
2149,1.1288111993253174
2150,1.093176579779858
2151,1.058862976449325
2152,1.072287327260911
2153,1.1741838241753975
2154,1.1678323384780613
2155,1.1972916609136421
2156,1.2203966593600297
2157,1.0359658215538965
2158,1.1521024499778347
2159,1.0918021773561388
2160,1.134991192697983
2161,1.085193656061551
2162,1.1003952475459868
2163,1.1067850223136082
2164,1.207179337896159
2165,1.0799332997703555
2166,1.1604544926602272
2167,1.1902972538245786
2168,1.0863062318814753
2169,1.1563244259190688
2170,1.2841659049278202
2171,1.0674816541380199
2172,1.1319123361372625
2173,1.0736743300979474
2174,1.1792724059239679
2175,1.1093778518451982
2176,1.035672177066053
2177,1.1225532058258711
2178,1.023694386432781
2179,1.075950912598121
2180,1.1276312924326677
2181,1.0711609392415389
2182,1.0957995381767034
2183,1.166501315240664
2184,1.0712668918842956
2185,1.0842633036380052
2186,1.05269198162083
2187,1.1965460650937594
2188,1.0649441892018567
2189,1.051202431121824
2190,1.0660875814320134
2191,1.127638147444705
2192,1.1619594602801784
2193,1.2216965398259485
2194,1.1185488113205484
2195,1.1612732392717033
2196,1.13378825914809
2197,1.2465829148870522
2198,1.2184585330044244
2199,1.0457300587861218
2200,1.1557974398716004
2201,1.07859505104403
2202,1.0659722207017737
2203,1.052025024362986
2204,1.099474970439941
2205,1.178298805095257
2206,1.3089912184284165
2207,1.0901909350837244
2208,1.0829929788388184
2209,1.1060561819874437
2210,1.040204624356169
2211,1.1245409515770852
2212,1.080904592108205
2213,1.132026060845575
2214,1.156284286002293
2215,1.1081071766501398
2216,1.1081626451355278
2217,1.1927666520001485
2218,1.0940030607632343
2219,1.19630894210695
2220,1.137934418521292
2221,1.0918225811961924
2222,1.1634986432223011
2223,1.0638657645200091
2224,1.1292804719525016
2225,1.0719645162036135
2226,1.067997327312825
2227,1.0734394113063368
2228,1.088846811270843
2229,1.1780641841385657
2230,1.2485899482805702
2231,1.1171872839891643
2232,1.1071155797886518
2233,1.0645835458499109
2234,1.0531741365946767
2235,1.0720097674997147
2236,1.3580719476064493
2237,1.1085926939748452
2238,1.0714109351356187
2239,1.1047624228878627
2240,1.0656213264619794
2241,1.041216940246618
2242,1.073309094353109
2243,1.0837560657787317
2244,1.2310503537426143
2245,1.135902476478387
2246,1.0731655039571522
2247,1.2244703955938716
2248,1.2311179833630677
2249,1.1438334551953795
2250,1.2666285641198094
2251,1.1206885039404535
2252,1.0857647638394894
2253,1.18055502478105
2254,1.061289938278776
2255,1.0724111400251493
2256,1.0617259144246565
2257,1.1890058926735794
2258,1.342296680801806
2259,1.107067758993693
2260,1.0930327846950467
2261,1.2142198666177528
2262,1.2975875186685613
2263,1.1695936727036003
2264,1.0743861089534472
2265,1.2195732781220208
2266,1.0800206203034373
2267,1.0795306890834462
2268,1.1537030981351453
2269,1.1242893880432883
2270,1.3089912184284165
2271,1.0473739318489539
2272,1.1295844680325502
2273,1.1507357753161167
2274,1.2034853838086914
2275,1.1137334238391656
2276,1.165109984057388
2277,1.0917641858337763
2278,1.1656460763141991
2279,1.0448841763478738
2280,1.2685159889219388
2281,1.1051936194763767
2282,1.0650693492858283
2283,1.042613833364749
2284,1.0869675618490446
2285,1.062331284690952
2286,1.3243038317971205
2287,1.0352280124333957
2288,1.0864033786729286
2289,1.0645835458499109
2290,1.0598155592650347
2291,1.0667046385587302
2292,1.1668813026822746
2293,1.142281792548831
2294,1.1673315990063422
2295,1.1132346853202884
2296,1.087187624372482
2297,1.0592418429696753
2298,1.121160692379619
2299,1.2057051450363705
2300,1.0805762352386687
2301,1.1055513834557942
2302,1.0376967815125457
2303,1.0851575259829513
2304,1.1316983927931725
2305,1.0605923414276377
2306,1.0712668918842956
2307,1.2519581124630166
2308,1.2074420653449076
2309,1.0401824953249772
2310,1.1104222929628829
2311,1.1850993438517488
2312,1.045929005422365
2313,1.0515264585350348
2314,1.1004234323804514
2315,1.0675107046661028
2316,1.277782964097536
2317,1.2719077719159213
2318,1.028014429179887
2319,1.1507134695156311
2320,1.0699475955143523
2321,1.0940904817269175
2322,1.0998826156496482
2323,1.089127851238319
2324,1.041216940246618
2325,1.0808197686690726
2326,1.103819185635785
2327,1.0834618274621803
2328,1.0762799531074423
2329,1.1360954654302409
2330,1.072702287720636
2331,1.0365347093669444
2332,1.054507811527679
2333,1.1467123345533494
2334,1.1706102692479379
2335,1.0197070254922123
2336,1.0938868747644164
2337,1.2571359714355173
2338,1.083370500794495
2339,1.076282216166222
2340,1.1186815604916034
2341,1.1892701551013087
2342,1.2367194947675066
2343,1.1047624228878627
2344,1.0395937370778343
2345,1.0457834241081443
2346,1.0931703371667676
2347,1.1394595244155579
2348,1.086570814386434
2349,1.0381942477977224
2350,1.0324144705525424
2351,1.0581966964067884
2352,1.0680957087359664
2353,1.350693104386151
2354,1.07515626692593
2355,1.1022348874049146
2356,1.0964482443362058
2357,1.0504017030943942
2358,1.040981685160719
2359,1.1794046172227344
2360,1.0698823264596344
2361,1.192822373067646
2362,1.2488581132040153
2363,1.1001446887497688
2364,1.084531838079442
2365,1.1371644453987224
2366,1.0515418792047566
2367,1.0944387428131306
2368,1.0932029841370505
2369,1.1523511089583178
2370,1.0573614502010655
2371,1.2074420653449076
2372,1.041606771535664
2373,1.0376879245453257
2374,1.0720704019470297
2375,1.1230617962277065
2376,1.1331191785744619
2377,1.241562837892035
2378,1.1235040058943198
2379,1.0747581659202008
2380,1.084624679494111
2381,1.0984764159317857
2382,1.074001704748191
2383,1.1339092409341136
2384,1.0458891229337142
2385,1.024696967441859
2386,1.1161074342149477
2387,1.1374037012911808
2388,1.1745461614429067
2389,1.0665216936249384
2390,1.2680729673536881
2391,1.0248931102539212
2392,1.1752197340657775
2393,1.067332437165359
2394,1.0341248666890144
2395,1.0667046385587302
2396,1.2365786745680143
2397,1.0605035115503054
2398,1.104915141344869
2399,1.0616207765933947
2400,1.073406349050779
2401,1.132553117129172
2402,1.0901909350837244
2403,1.373150480338657
2404,1.163981526888618
2405,1.099815652595966
2406,1.0520549716023961
2407,1.0285600793118215
2408,1.0680352651866556
2409,1.020577012385278
2410,1.1728240477622593
2411,1.0353992725011112
2412,1.1312687007521431
2413,1.0776737507439196
2414,1.0683017753437392
2415,1.2249986850170738
2416,1.1048751064983087
2417,1.0483377871601767
2418,1.085774580938676
2419,1.1504571705737041
2420,1.0969007194507225
2421,1.293799889141344
2422,1.1005477498067813
2423,1.118031519166798
2424,1.137934418521292
2425,1.0867388539655118
2426,1.2511879550002967
2427,1.0734394113063368
2428,1.1112126072118638
2429,1.0551564631335801
2430,1.162659130157626
2431,1.1989786943719116
2432,1.061597560859412
2433,1.0366223336377385
2434,1.1397846049683131
2435,1.1169289092480672
2436,1.0727332258101216
2437,1.0903553061464912
2438,1.3074890545433744
2439,1.1288037854405544
2440,1.26184832597975
2441,1.2117806700974825
2442,1.0754516981408235
2443,1.1016587271137566
2444,1.127219937359366
2445,1.2106917825930283
2446,1.139170606663626
2447,1.0794029112307635
2448,1.166501315240664
2449,1.0779236186530579
2450,1.1502381642593507
2451,1.086607668891719
2452,1.0864327786215482
2453,1.0940904817269175
2454,1.0933090397056076
2455,1.1778125332346672
2456,1.3365543086020768
2457,1.10236596680064
2458,1.1811756158939246
2459,1.058327032974939
2460,1.137015094229492
2461,1.1238449205727261
2462,1.1060011207341809
2463,1.0682305744831864
2464,1.218974442618132
2465,1.08216526681373
2466,1.1129538785626756
2467,1.113390504692314
2468,1.158327676556221
2469,1.1200311945175625
2470,1.0523043539461334
2471,1.2482923485459902
2472,1.182381354871028
2473,1.0559562384940546
2474,1.0593816535126126
2475,1.0684485995806485
2476,1.157824153554245
2477,1.0952641009154507
2478,1.1802482575823061
2479,1.103290838520493
2480,1.2841659049278202
2481,1.1136539420344789
2482,1.0699676352149194
2483,1.1686993780777575
2484,1.4199973627459543
2485,1.0821469972229822
2486,1.1161841682942149
2487,1.1073160797502335
2488,1.0805119445525961
2489,1.1713786100987134
2490,1.2039146178765054
2491,1.110870234943206
2492,1.0391791290864207
2493,1.081616706859481
2494,1.0860721803616102
2495,1.158937043851419
2496,1.0615894533952501
2497,1.0648603057154267
2498,1.1754619458730144
2499,1.070736297454575
2500,1.1201717245635527
2501,1.2685159889219388
2502,1.0604487721680096
2503,1.0832150535226024
2504,1.1401707791185067
2505,1.3300695946440715
2506,1.104915141344869
2507,1.0678941995262525
2508,1.192162609881347
2509,1.0975751739275803
2510,1.124377425887177
2511,1.0297938687766794
2512,1.1835489028688975
2513,1.1261747075265276
2514,1.1323824789899892
2515,1.1863412976500916
2516,1.0428863893768858
2517,1.3226079293063486
2518,1.079994241831473
2519,1.077546702197082
2520,1.2051588710120127
2521,1.0948500196886064
2522,1.113390504692314
2523,1.1570147367848007
2524,1.3580719476064493
2525,1.3123783678743421
2526,1.037918390744455
2527,1.4119577968464012
2528,1.2719077719159213
2529,1.0368058911341826
2530,1.0967564204625397
2531,1.0613303597789077
2532,1.2349005286189196
2533,1.144726246730133
2534,1.3580719476064493
2535,1.2519581124630166
2536,1.1187104737793736
2537,1.0528165091308077
2538,1.0979408377089195
2539,1.192272762224915
2540,1.0743523330899203
2541,1.1838874777404034
2542,1.201821263121762
2543,1.2785139747015237
2544,1.3348581365011878
2545,1.2808013983982416
2546,1.256148761792337
2547,1.0879620255678795
2548,1.0384865876295146
2549,1.1458056424710596
2550,1.1109459716609615
2551,1.090438349347368
2552,1.1634986432223011
2553,1.1449561255466574
2554,1.2512710975310095
2555,1.0538651622360014
2556,1.0531367958132203
2557,1.075584999833072
2558,1.0894843775935898
2559,1.0456835805932414
2560,1.134079729620354
2561,1.1628236514935415
2562,1.2290660772046902
2563,1.2641942562248996
2564,1.1477997667933493
2565,1.101684955013348
2566,1.0829143832157908
2567,1.2261563652827268
2568,1.2260632448048963
2569,1.1914483875389126
2570,1.0506196770189602
2571,1.1517127483888372
2572,1.288672327485066
2573,1.0475248720051653
2574,1.11630582710413
2575,1.041259533647341
2576,1.1309723942796344
2577,1.0903195622247956
2578,1.2566065695189303
2579,1.1987002713961268
2580,1.064043345825601
2581,1.0511426813727622
2582,1.1910369248671964
2583,1.0596567989305088
2584,1.0995224056837871
2585,1.07640924406915
2586,1.1785919196312922
2587,1.1702615611884128
2588,1.2065322849882865
2589,1.1092979505125502
2590,1.1219714486263805
2591,1.1386573514396532
2592,1.0688108588948568
2593,1.1133150366904552
2594,1.1870765788439421
2595,1.08126139996901
2596,1.1012843498579552
2597,1.1333459895210307
2598,1.0831832540865889
2599,1.0581637644922217
2600,1.053778770460385
2601,1.16836245610083
2602,1.3210093933665232
2603,1.0603908479405102
2604,1.2117806700974825
2605,1.0794029112307635
2606,1.1948912509186145
2607,1.1287012038533581
2608,1.1033787805768924
2609,1.0753605267786535
2610,1.0851117645443544
2611,1.0845027585732674
2612,1.1688541686186882
2613,1.052421997099033
2614,1.0677100042202776
2615,1.042616966509226
2616,1.264863569819282
2617,1.1655653327892859
2618,1.145801891175519
2619,1.0713297585798567
2620,1.1495580020426788
2621,1.1574278578604937
2622,1.159131395560612
2623,1.0800959796516425
2624,1.0759727824235465
2625,1.0659722207017737
2626,1.1785089511370292
2627,1.0878357489669084
2628,1.088098805323274
2629,1.0570751069856845
2630,1.0596417535515714
2631,1.0998909282144078
2632,1.132553117129172
2633,1.1210562212258008
2634,1.1108322083548687
2635,1.0587359602044135
2636,1.3580719476064493
2637,1.156638289893093
2638,1.2284917585276782
2639,1.0748070751702026
2640,1.1116934910936387
2641,1.0839443591357127
2642,1.277464666344548
2643,1.0908658088197147
2644,1.13518209906759
2645,1.0886666846909654
2646,1.051076172039985
2647,1.1568657723829079
2648,1.1310765273797339
2649,1.0678941995262525
2650,1.08483341440959
2651,1.1574129362957712
2652,1.0880293062888553
2653,1.1159505640844494
2654,1.0968741496933598
2655,1.1817351041827981
2656,1.04513221421528
2657,1.123464426520001
2658,1.0859105171672865
2659,1.0635944234385866
2660,1.0962299304376049
2661,1.133159913450033
2662,1.1456939877331138
2663,1.1941689397932203
2664,1.052141208314815
2665,1.0656305429871178
2666,1.113549746490456
2667,1.2136752417707546
2668,1.1698643519054632
2669,1.1108374549558835
2670,1.109576721054459
2671,1.1020938204910986
2672,1.083133786413737
2673,1.1522646980187947
2674,1.1154379157427354
2675,1.062727551581928
2676,1.1514289895747534
2677,1.1939134126585242
2678,1.1181808065652428
2679,1.0735719763824918
2680,1.2401554344700816
2681,1.042255637037609
2682,1.1705759484851905
2683,1.158327676556221
2684,1.087700976982488
2685,1.2450697125446593
2686,1.1118609411150622
2687,1.1359429516198645
2688,1.192822373067646
2689,1.0949812410593311
2690,1.1022119225971732
2691,1.1306151211377473
2692,1.0836002813829826
2693,1.127611119085835
2694,1.1550487734291202
2695,1.2281205857168582
2696,1.254899904809844
2697,1.0543449822757653
2698,1.0881191279602342
2699,1.2685159889219388
2700,1.2250792976747944
2701,1.103982708470056
2702,1.0427704766365409
2703,1.2069426579867568
2704,1.084624679494111
2705,1.0845572571060462
2706,1.0711812777408267
2707,1.0711609392415389
2708,1.1287012038533581
2709,1.1228388351815388
2710,1.2627469011928916
2711,1.1597682895768682
2712,1.0310374229422377
2713,1.0731689834252052
2714,1.1178437249233886
2715,1.2501535297420863
2716,1.0930327846950467
2717,1.0475248720051653
2718,1.1104050234056413
2719,1.0729914599260388
2720,1.061216093299293
2721,1.1970834414121783
2722,1.1682717616830063
2723,1.1027455422463528
2724,1.13518209906759
2725,1.250914643107595
2726,1.0992063067596756
2727,1.1079559474598015
2728,1.1030245332281137
2729,1.4231644727823476
2730,1.0568766134855716
2731,1.0698823264596344
2732,1.158654249993981
2733,1.0794403482169586
2734,1.0637587678953964
2735,1.1885365948461213
2736,1.1804617997615614
2737,1.0654821795643539
2738,1.1011899412434174
2739,1.067332437165359
2740,1.1458817858499806
2741,1.0571421648843586
2742,1.1445022912767078
2743,1.061575275195818
2744,1.1640952079119957
2745,1.1045867718506321
2746,1.1391381166997085
2747,1.1309014149560446
2748,1.1335910787778114
2749,1.1008102254208194
2750,1.0386269031880313
2751,1.0532946370422964
2752,1.133422517205487
2753,1.2439540984077706
2754,1.1239187111344533
2755,1.062016132369322
2756,1.087203648871308
2757,1.111136758733305
2758,1.034815736987775
2759,1.0836258868292017
2760,1.103290838520493
2761,1.1458056424710596
2762,1.0636902039083165
2763,1.0603457813234576
2764,1.0942016934585246
2765,1.2405020239682536
2766,1.1004234323804514
2767,1.1338212622489396
2768,1.0564905565776033
2769,1.1785075974639174
2770,1.1669659666116348
2771,1.0751634338608627
2772,1.0846622241441577
2773,1.2260281521752707
2774,1.045038010986855
2775,1.0971527692695535
2776,1.159572955391961
2777,1.174766508377195
2778,1.1288111993253174
2779,1.0807850338380187
2780,1.101684955013348
2781,1.132561743916806
2782,1.1314433488089748
2783,1.123267409204587
2784,1.0168493893347392
2785,1.0450492529730036
2786,1.2849575663578872
2787,1.0908658088197147
2788,1.1138047555843738
2789,1.0649926652590773
2790,1.1354096001209304
2791,1.0746179396336366
2792,1.0631287484811838
2793,1.1670628167987027
2794,1.04513221421528
2795,1.0920251397842875
2796,1.047679465609459
2797,1.1574349907764527
2798,1.100454628738219
2799,1.1987002713961268
2800,1.2583229749266958
2801,1.108109885871225
2802,1.1568247090908876
2803,1.1266488498364402
2804,1.0832150535226024
2805,1.0686651488527976
2806,1.0612080978539313
2807,1.0566305756181946
2808,1.0908791429431572
2809,1.1330489976499323
2810,1.0289700466897391
2811,1.049644661723692
2812,1.145734235078294
2813,1.0965200925236307
2814,1.2204750456600915
2815,1.1429856373349276
2816,1.0711609392415389
2817,1.163878532252992
2818,1.0626182348337747
2819,1.1457718709238196
2820,1.0601111490206676
2821,1.1139888187398348
2822,1.199067710088814
2823,1.3374656357350787
2824,1.2371811301703612
2825,1.2632389834242006
2826,1.0405031812884697
2827,1.1533055584599252
2828,1.1480158518287684
2829,1.0904322463017102
2830,1.2842769863556718
2831,1.1741383154269707
2832,1.1962741456225494
2833,1.2050667659342078
2834,1.1614120940728867
2835,1.1409040854340742
2836,1.1830011574275454
2837,1.0672284387724484
2838,1.1777055517835988
2839,1.0972374249311074
2840,1.1597682895768682
2841,1.07057019709474
2842,1.0690387473965508
2843,1.231997578605043
2844,1.099148746036643
2845,1.1181030798421845
2846,1.0953717757844237
2847,1.2752317491779646
2848,1.0835370804205717
2849,1.1085458133237
2850,1.182744552161988
2851,1.1295224100213046
2852,1.0905866121139163
2853,1.0581261037620024
2854,1.1366838250259919
2855,1.1512306189454222
2856,1.0850409608407596
2857,1.1876553663564398
2858,1.1811756158939246
2859,1.0931227001174006
2860,1.10631574013583
2861,1.171699551557779
2862,1.0793869542912586
2863,1.1201717245635527
2864,1.1309723942796344
2865,1.2645343800974178
2866,1.1493021895792288
2867,1.3284011061181686
2868,1.2445281153115362
2869,1.1082257468547099
2870,1.0804636085700163
2871,1.0544572422100473
2872,1.0870704255238905
2873,1.0360909589368996
2874,1.2209078424352064
2875,1.3210093933665232
2876,1.0698427856286117
2877,1.3602380807071754
2878,1.0415733662852795
2879,1.1048105557313654
2880,1.1197252450831554
2881,1.2360897587194517
2882,1.1310765273797339
2883,1.1731879119199193
2884,1.1825965042349014
2885,1.0584248216013123
2886,1.1794350574490118
2887,1.2290677842706639
2888,1.1967113726375154
2889,1.0719887474166592
2890,1.0773361725876296
2891,1.0544961372281572
2892,1.079380146859085
2893,1.0789994386426385
2894,1.1582623589129668
2895,1.201821263121762
2896,1.0870743869836303
2897,1.1224233946732312
2898,1.2511828218745824
2899,1.1789468809974437
2900,1.1341760878658456
2901,1.1320835647390197
2902,1.0287322646196675
2903,1.0615642351776522
2904,1.0406225953633157
2905,1.0932029841370505
2906,1.1230928415026202
2907,1.280183914997876
2908,1.0859501353032461
2909,1.1348733013252628
2910,1.107115486947494
2911,1.3464073982231053
2912,1.0893831587905836
2913,1.1582623589129668
2914,1.1631135360184313
2915,1.2008436013992017
2916,1.1016933864715532
2917,1.0922431158868575
2918,1.103143887503632
2919,1.0366223336377385
2920,1.293799889141344
2921,1.1869914443198313
2922,1.2457247676072971
2923,1.0566305756181946
2924,1.1118609411150622
2925,1.0894860342969868
2926,1.0463584717369154
2927,1.1271520799564338
2928,1.065964444548927
2929,1.3021659001710566
2930,1.06813181287912
2931,1.1914735446001326
2932,1.0750715926402523
2933,1.0654058395311001
2934,1.0719887474166592
2935,1.1980229739848358
2936,1.10869807752885
2937,1.0197070254922123
2938,1.056953227638908
2939,1.2766774983560703
2940,1.0758043157514259
2941,1.1094808363832143
2942,1.2331268457509488
2943,1.051879886990452
2944,1.1055531125532305
2945,1.1186815604916034
2946,1.134079729620354
2947,1.1257080749135675
2948,1.145476650939658
2949,1.086607668891719
2950,1.171699551557779
2951,1.0710926159071754
2952,1.0741656442200649
2953,1.131852764683404
2954,1.1060011207341809
2955,1.1664490009970834
2956,1.2068294475597479
2957,1.0867057065080865
2958,1.1171834464319466
2959,1.0430492835928495
2960,1.2700357203245138
2961,1.042785306710292
2962,1.110870234943206
2963,1.0401051001352972
2964,1.1787080508100987
2965,1.086435777468298
2966,1.1445022912767078
2967,1.1082967462537952
2968,1.1190059242228536
2969,1.0931227001174006
2970,1.1316679745196396
2971,1.0581966964067884
2972,1.0657466806993838
2973,1.1460388666060333
2974,1.0648603057154267
2975,1.054057272910715
2976,1.0468629123952333
2977,1.2408827999118797
2978,1.0829929974271697
2979,1.1543192027205402
2980,1.0974540266393433
2981,1.198094789141801
2982,1.0709625984363567
2983,1.2842769863556718
2984,1.17502321451002
2985,1.0592365157071242
2986,1.0634178805652197
2987,1.1304023234554021
2988,1.1047463092239396
2989,1.1136539420344789
2990,1.0942513447574025
2991,1.269413444692468
2992,1.0589602181137523
2993,1.1031426005339109
2994,1.0917889546138086
2995,1.085271826256919
2996,1.1313447603643934
2997,1.15847446065925
2998,1.1167073976127735
2999,1.158944625677846
3000,1.192514922483536
3001,1.0611198358423184
3002,1.1515961020773722
3003,1.0949566470541474
3004,1.0516115669083532
3005,1.0693904839817814
3006,1.0575772809419337
3007,1.1671347538479198
3008,1.0376879245453257
3009,1.0908791429431572
3010,1.1647298254285563
3011,1.0674816541380199
3012,1.086570814386434
3013,1.0914081857375788
3014,1.0671340119002697
3015,1.1446387513796261
3016,1.0519435279363751
3017,1.07815310137147
3018,1.0656305429871178
3019,1.0740686613695936
3020,1.0405911126415466
3021,1.0918524065428594
3022,1.1962523847310955
3023,1.0418857553199419
3024,1.159010504518861
3025,1.0805987329450584
3026,1.0928297904867739
3027,1.095699119793403
3028,1.066073682816674
3029,1.073227815802337
3030,1.0800206203034373
3031,1.065980448892847
3032,1.1114641195180082
3033,1.053778770460385
3034,1.1358416459447997
3035,1.1123740668199644
3036,1.123967467414662
3037,1.05931999477499
3038,1.1336952233545015
3039,1.1880990587408948
3040,1.0916610926168704
3041,1.173562612914465
3042,1.0754152886665775
3043,1.0412004448332444
3044,1.2685159889219388
3045,1.1339092409341136
3046,1.1382144327249124
3047,1.1785075974639174
3048,1.1890491849371605
3049,1.1778125332346672
3050,1.1168515631321012
3051,1.1392429960329231
3052,1.221317986410588
3053,1.1107716595776271
3054,1.094928005526984
3055,1.1473076243483977
3056,1.0613541643787114
3057,1.0751634338608627
3058,1.0608080009541578
3059,1.2924328496795998
3060,1.0928297904867739
3061,1.0886666846909654
3062,1.2393514958505771
3063,1.0285730103693784
3064,1.039639862749458
3065,1.2498808614614614
3066,1.2211988221979508
3067,1.1309014149560446
3068,1.0640604937557936
3069,1.1003545048833578
3070,1.1004446414132314
3071,1.214086473524966
3072,1.1415147953123255
3073,1.1989380886103616
3074,1.136086047213823
3075,1.0415940679681195
3076,1.159572955391961
3077,1.1298335976661626
3078,1.0695083527117435
3079,1.0188624955950236
3080,1.0391791290864207
3081,1.0925975595448132
3082,1.1320835647390197
3083,1.024696967441859
3084,1.256148761792337
3085,1.119034005670883
3086,1.2270939383474102
3087,1.2795514753050763
3088,1.1736549033612356
3089,1.1916505314697188
3090,1.0341830623196984
3091,1.0972374249311074
3092,1.133159913450033
3093,1.1515023349177074
3094,1.1004784832130619
3095,1.1060561819874437
3096,1.0678949081539892
3097,1.0513242280374506
3098,1.1403772408654567
3099,1.0615359854915867
3100,1.1713004464664016
3101,1.2284917585276782
3102,1.1987002713961268
3103,1.1524132257598394
3104,1.0742789398876025
3105,1.2224917103551836
3106,1.1173059314256386
3107,1.0515603910557216
3108,1.1073160797502335
3109,1.1233334381560525
3110,1.1292804719525016
3111,1.0521401698699673
3112,1.1341633262243986
3113,1.1078665711091118
3114,1.1204722703523207
3115,1.0607529892001744
3116,1.0839443591357127
3117,1.0641711228404909
3118,1.0924046846195208
3119,1.0297938687766794
3120,1.0690721647113308
3121,1.0615479111123747
3122,1.0825347457910677
3123,1.240310193480213
3124,1.021060690643226
3125,1.081631601226933
3126,1.1004784832130619
3127,1.0465327396716724
3128,1.1272200852700625
3129,1.0924046846195208
3130,1.0519941207909826
3131,1.1142435348977466
3132,1.0923132811703549
3133,1.047497195550881
3134,1.239721023113408
3135,1.1137296092434525
3136,1.084935528067402
3137,1.167772269983631
3138,1.2369277058215975
3139,1.1481805286363698
3140,1.0441145504419023
3141,1.0863062318814753
3142,1.1487130361727884
3143,1.1380592654051758
3144,1.0693913399253043
3145,1.0711609392415389
3146,1.1298135961750744
3147,1.0861457361825848
3148,1.0553025633297002
3149,1.1605444681196246
3150,1.1785089511370292
3151,1.133159913450033
3152,1.0376967815125457
3153,1.158327676556221
3154,1.0846380210443196
3155,1.0660003013092711
3156,1.2224917103551836
3157,1.1928609352057664
3158,1.1521024499778347
3159,1.1016587271137566
3160,1.1479307249389774
3161,1.1519239255581109
3162,1.0871198048099506
3163,1.2367194947675066
3164,1.231799542875543
3165,1.2767217184702973
3166,1.1567767099680317
3167,1.0938293397802963
3168,1.0995010377156187
3169,1.364756335760748
3170,1.051142388108701
3171,1.0560924167068704
3172,1.0908047325514074
3173,1.1471266714202941
3174,1.1348733013252628
3175,1.070893259838546
3176,1.0379743312050587
3177,1.1740500928922524
3178,1.086105724108706
3179,1.0885115454319605
3180,1.0262426905037931
3181,1.1092979505125502
3182,1.257243641489025
3183,1.0636422587111776
3184,1.15153360557255
3185,1.112407730495189
3186,1.0592418429696753
3187,1.0507255537803877
3188,1.0562088861075076
3189,1.198094789141801
3190,1.0831451691800018
3191,1.0922885542620302
3192,1.2158833923722565
3193,1.0734394113063368
3194,1.2511828218745824
3195,1.3121067987092934
3196,1.2902168175817674
3197,1.1148050065393709
3198,1.118031519166798
3199,1.0605923414276377
3200,1.1780641841385657
3201,1.07859505104403
3202,1.125885837966762
3203,1.1977557802974537
3204,1.125101142019176
3205,1.041945124220388
3206,1.2080009719534606
3207,1.0395937370778343
3208,1.0641479427339477
3209,1.063511044076056
3210,1.0992063067596756
3211,1.320466063915895
3212,1.1582189027024707
3213,1.126469706571463
3214,1.1328404248322086
3215,1.0901119616500605
3216,1.166501315240664
3217,1.2766774983560703
3218,1.0542809151034553
3219,1.2837638602641728
3220,1.327674240328831
3221,1.0743422396207776
3222,1.156688717467488
3223,1.1054820665030685
3224,1.134193507478999
3225,1.0463165255871973
3226,1.0957995381767034
3227,1.2252588440145178
3228,1.072259553536057
3229,1.049384171499445
3230,1.1160665536905974
3231,1.159456209330513
3232,1.2808013983982416
3233,1.082559215845805
3234,1.2935673445479858
3235,1.2898634014004438
3236,1.07763154063452
3237,1.0988522273694847
3238,1.110683849380154
3239,1.0611198358423184
3240,1.1331553602014521
3241,1.1189528165372546
3242,1.2345637234730333
3243,1.1927062707103195
3244,1.1874477877679142
3245,1.081616706859481
3246,1.0735719763824918
3247,1.0539818523475797
3248,1.065953968356255
3249,1.13131964030727
3250,1.101073508063502
3251,1.0509673857762498
3252,1.2532480237315005
3253,1.135902476478387
3254,1.15929910461865
3255,1.1043370669377783
3256,1.07020629651598
3257,1.1116479435413644
3258,1.2209108312988823
3259,1.1855380106732207
3260,1.0531741365946767
3261,1.0891583872928055
3262,1.0995010377156187
3263,1.0875140234605487
3264,1.1600105281401374
3265,1.182381354871028
3266,1.2124362656160872
3267,1.0791093318244138
3268,1.0441252499871203
3269,1.0652366343385442
3270,1.2450817682986173
3271,1.120255432205726
3272,1.0616207765933947
3273,1.0899719281819633
3274,1.0708169155096121
3275,1.0857447372077997
3276,1.144726246730133
3277,1.135333185968152
3278,1.0807291795810876
3279,1.0655377569723405
3280,1.0886372429819096
3281,1.0779751287594217
3282,1.176678060743467
3283,1.072815776399469
3284,1.364756335760748
3285,1.0681303870593337
3286,1.0516233279326086
3287,1.1272969063810694
3288,1.2480503827744311
3289,1.1230207861825396
3290,1.1035293251952614
3291,1.25684906846118
3292,1.2573587951456344
3293,1.1846199965592996
3294,1.0515418792047566
3295,1.1595336166299162
3296,1.0678941995262525
3297,1.1278510560767785
3298,1.1225532058258711
3299,1.2480503827744311
3300,1.096327179582888
3301,1.0558737366768707
3302,1.1005087643111715
3303,1.0492803789339644
3304,1.0734394113063368
3305,1.080216515426276
3306,1.0871198048099506
3307,1.0526199569544619
3308,1.288672327485066
3309,1.089535587989348
3310,1.132553117129172
3311,1.1475089495302089
3312,1.174766508377195
3313,1.06832453325385
3314,1.0570487613391593
3315,1.0895674380333231
3316,1.0703494949635968
3317,1.1745461614429067
3318,1.0672284387724484
3319,1.0442117280676657
3320,1.1129584970772581
3321,1.209267419768663
3322,1.0720339690272267
3323,1.0392270930685468
3324,1.1453886695182152
3325,1.173528740349812
3326,1.1099651910568098
3327,1.0576147354876686
3328,1.1918375158093084
3329,1.1374263445859698
3330,1.2242844929892756
3331,1.169319514187066
3332,1.1004784832130619
3333,1.39269987996014
3334,1.1014989011759815
3335,1.1967113726375154
3336,1.0799044684838617
3337,1.2514300453572291
3338,1.043478675452677
3339,1.1830011574275454
3340,1.0570896473310154
3341,1.1300408631065628
3342,1.1475108683358584
3343,1.0942817873188275
3344,1.1165091717945468
3345,1.1081071766501398
3346,1.0238375713395809
3347,1.1425908511195244
3348,1.3646321688628995
3349,1.1335910787778114
3350,1.086543304033618
3351,1.1004784832130619
3352,1.1228388351815388
3353,1.0627471741275225
3354,1.0898103534546035
3355,1.1201397384757814
3356,1.0952732610845217
3357,1.1615023501773132
3358,1.1094338399638932
3359,1.128843301370164
3360,1.0870079622609876
3361,1.1058711172182083
3362,1.1933316292716476
3363,1.1598678968399123
3364,1.1178437249233886
3365,1.1933316292716476
3366,1.0679624998879895
3367,1.1771953842098763
3368,1.0846239272562186
3369,1.0168493893347392
3370,1.2045843499813207
3371,1.0285600793118215
3372,1.1918375158093084
3373,1.05219409280617
3374,1.1446387513796261
3375,1.0316238239431252
3376,1.12967405293409
3377,1.1380224301799282
3378,1.1451349477874155
3379,1.0587276391966702
3380,1.1431024161049705
3381,1.1191764263314392
3382,1.218927322434868
3383,1.1406065136697836
3384,1.1042274950658475
3385,1.066559841154969
3386,1.0356058523941716
3387,1.0767798361390393
3388,1.182147710869961
3389,1.1559540563494972
3390,1.096327179582888
3391,1.2466831088445605
3392,1.067997327312825
3393,1.1236757575403906
3394,1.151537984014924
3395,1.2252588440145178
3396,1.091164391776323
3397,1.1469889780857336
3398,1.2849575663578872
3399,1.0471243949582647
3400,1.0615554669774105
3401,1.103026384435132
3402,1.118031519166798
3403,1.0365347093669444
3404,1.1456939877331138
3405,1.2351350531471317
3406,1.033180425900021
3407,1.1993807337161875
3408,1.1027978347657155
3409,1.0834408893011507
3410,1.1822208718379255
3411,1.0627516104630164
3412,1.0696256681526088
3413,1.1053533411968466
3414,1.1022119225971732
3415,1.1727726794694866
3416,1.1011899412434174
3417,1.0996926497958817
3418,1.305706486748048
3419,1.040128497585233
3420,1.2147626118006167
3421,1.2369966440774682
3422,1.080669226267191
3423,1.076466821346435
3424,1.23418391162153
3425,1.1285732170069793
3426,1.0799262091393143
3427,1.03202196153616
3428,1.1118011849875338
3429,1.0878357489669084
3430,1.0575440734644557
3431,1.0876822834577857
3432,1.2188677131743082
3433,1.0391791290864207
3434,1.063511044076056
3435,1.0711609392415389
3436,1.1933316292716476
3437,1.0899719281819633
3438,1.1631135360184313
3439,1.0439855405732839
3440,1.131578179349202
3441,1.1229415586949967
3442,1.0549458755157382
3443,1.0839443591357127
3444,1.2448141376909088
3445,1.3721547327453838
3446,1.1360954654302409
3447,1.1682391343641076
3448,1.1737404436050296
3449,1.0625757077138982
3450,1.123576049154508
3451,1.0749102072791767
3452,1.086543304033618
3453,1.1103627863273093
3454,1.065980448892847
3455,1.090414469339995
3456,1.0903553061464912
3457,1.1682066597703464
3458,1.1016933864715532
3459,1.1477805365527185
3460,1.0598155592650347
3461,1.1095387878901828
3462,1.182714070398378
3463,1.0607320318514635
3464,1.0676985915567827
3465,1.1700393690410429
3466,1.1330489976499323
3467,1.294523834079794
3468,1.0371462695716822
3469,1.302419955157967
3470,1.1217269435785284
3471,1.2094338155700979
3472,1.1380592654051758
3473,1.0709538193866748
3474,1.078768104388843
3475,1.1156773344229456
3476,1.0427704766365409
3477,1.035114645037995
3478,1.0731361448028796
3479,1.0542809151034553
3480,1.063572443991942
3481,1.1802482575823061
3482,1.1511121606910264
3483,1.1388884559626626
3484,1.215079076936473
3485,1.1044549580828955
3486,1.1644279383040856
3487,1.0420076103320093
3488,1.2494698621684508
3489,1.221317986410588
3490,1.1026210142714357
3491,1.0753605267786535
3492,1.0667046385587302
3493,1.0475605994500525
3494,1.0949812410593311
3495,1.387372209515393
3496,1.1588816418734444
3497,1.2414777658656677
3498,1.0851575259829513
3499,1.0709538193866748
3500,1.11938102389779
3501,1.0871198048099506
3502,1.102102051347895
3503,1.070818733461355
3504,1.1472971838998747
3505,1.1295753831504252
3506,1.1508564076713017
3507,1.1051936194763767
3508,1.0978625808147005
3509,1.1914483875389126
3510,1.0758043157514259
3511,1.0861457361825848
3512,1.2569722921310276
3513,1.131618413892975
3514,1.1759110717308747
3515,1.1091088811302372
3516,1.342296680801806
3517,1.2466788198319443
3518,1.0531511518216634
3519,1.0372502762702196
3520,1.2795771622594092
3521,1.1366838250259919
3522,1.0612131730999386
3523,1.209188256827537
3524,1.1045451068161292
3525,1.041216940246618
3526,1.1197252450831554
3527,1.0889314387272444
3528,1.2085946265107572
3529,1.0552746420873498
3530,1.1584272699631508
3531,1.3739971877337103
3532,1.2173321419269119
3533,1.1298335976661626
3534,1.2664075298006128
3535,1.0990492157570606
3536,1.0895160978040632
3537,1.1210562212258008
3538,1.1883190977477198
3539,1.05931999477499
3540,1.0634178805652197
3541,1.2033726647737262
3542,1.156599750063272
3543,1.0757761452613923
3544,1.1009511555163334
3545,1.0575772809419337
3546,1.1405672013879673
3547,1.0845027585732674
3548,1.1916505314697188
3549,1.1586596250947039
3550,1.0804578067456574
3551,1.0650089233910902
3552,1.1882617680562308
3553,1.1510633801371355
3554,1.3162694743920866
3555,1.0971527692695535
3556,1.0834618274621803
3557,1.192822373067646
3558,1.359393821108779
3559,1.1510388940596783
3560,1.034659213860841
3561,1.1736422521596013
3562,1.0764288341427357
3563,1.05219409280617
3564,1.1074215949228856
3565,1.1878555684038588
3566,1.0958048278909187
3567,1.084812432614933
3568,1.1554905839123437
3569,1.0632927790457383
3570,1.1753050879400522
3571,1.0635944234385866
3572,1.0664981386296297
3573,1.0513242280374506
3574,1.0336879785663113
3575,1.1147722374622062
3576,1.0552016865789968
3577,1.133606236073554
3578,1.2452354620165877
3579,1.110888717546809
3580,1.2258295106464787
3581,1.0534097641265254
3582,1.1662396169396883
3583,1.1976999819216212
3584,1.0443477390651303
3585,1.2618407178391027
3586,1.1175765194813405
3587,1.227471363398527
3588,1.0572905548641682
3589,1.1391458918134776
3590,1.0712400271608034
3591,1.2466788198319443
3592,1.127638147444705
3593,1.0683661702857818
3594,1.0607529892001744
3595,1.0817463101249265
3596,1.0754516981408235
3597,1.079313900151425
3598,1.0604377630977069
3599,1.103262801903002
3600,1.1702926512726648
3601,1.0914294061592733
3602,1.196904062262857
3603,1.0615479111123747
3604,1.1397846049683131
3605,1.0887174869963125
3606,1.087272435292409
3607,1.1962741456225494
3608,1.3240315810297294
3609,1.3103023386953843
3610,1.185298914133269
3611,1.14154518733462
3612,1.0658970970670267
3613,1.0842335460899253
3614,1.1322955227568887
3615,1.0369999535381653
3616,1.1182520969707939
3617,1.0908813747127923
3618,1.0445561318403755
3619,1.073565815034875
3620,1.1965460650937594
3621,1.0361044456304536
3622,1.209203571435683
3623,1.0248931102539212
3624,1.3121391225669903
3625,1.1065382948172924
3626,1.1931123692963048
3627,1.158654249993981
3628,1.086032485079849
3629,1.1250629272847894
3630,1.0702604415535637
3631,1.1085154283294927
3632,1.0634553921834187
3633,1.0834820622024828
3634,1.086231096746516
3635,1.0612574897280007
3636,1.1228406761991248
3637,1.1785089511370292
3638,1.1350754167865758
3639,1.0581261037620024
3640,1.1698643519054632
3641,1.073758979906758
3642,1.063912130808858
3643,1.0415925277693046
3644,1.08483341440959
3645,1.0620996237319626
3646,1.1392332971778925
3647,1.1669769803908603
3648,1.0765383023081114
3649,1.3081638234313913
3650,1.1628108168180473
3651,1.202966607289266
3652,1.1004234323804514
3653,1.1396086056042734
3654,1.1678646799120398
3655,1.1104821432691419
3656,1.0654058395311001
3657,1.1445770892555645
3658,1.1875809155095731
3659,1.0747544451334075
3660,1.1367194234681188
3661,1.1094808363832143
3662,1.0767199450688727
3663,1.085280982295016
3664,1.0834408893011507
3665,1.0949812410593311
3666,1.0636815626069867
3667,1.1573747889563106
3668,1.1806881752998923
3669,1.0782728622095643
3670,1.0791660575574717
3671,1.1417141157502078
3672,1.1397162197869692
3673,1.2360897587194517
3674,1.0800752792019779
3675,1.0478433333588668
3676,1.0846036113468438
3677,1.0942817873188275
3678,1.1187955270604306
3679,1.1099651910568098
3680,1.1835489028688975
3681,1.0862057248176609
3682,1.101073508063502
3683,1.1159505640844494
3684,1.0607719625719738
3685,1.0544572422100473
3686,1.0676985915567827
3687,1.1936791647929776
3688,1.1334343226314934
3689,1.132363262736626
3690,1.0811280552943379
3691,1.1531587963636298
3692,1.0811620078441657
3693,1.0731885625116049
3694,1.171699551557779
3695,1.1688541686186882
3696,1.051744911653978
3697,1.0772977088052633
3698,1.1614120940728867
3699,1.0376879245453257
3700,1.254899904809844
3701,1.2123319759734636
3702,1.2098825311738812
3703,1.077108102673455
3704,1.0835942221081396
3705,1.0262426905037931
3706,1.205533618689394
3707,1.0603642174156658
3708,1.215079076936473
3709,1.082981862539176
3710,1.0649926652590773
3711,1.04289255235593
3712,1.0620460698803278
3713,1.076590077243356
3714,1.1414925344030968
3715,1.1295753831504252
3716,1.1900566884686414
3717,1.116759240184805
3718,1.070125317041878
3719,1.1143964111423517
3720,1.048757374318553
3721,1.126628199092304
3722,1.0918225811961924
3723,1.1335910787778114
3724,1.0826965726464668
3725,1.0648316931905968
3726,1.204417131469941
3727,1.132747201550809
3728,1.0762912422740392
3729,1.1118609411150622
3730,1.1273858155757555
3731,1.1133721578419529
3732,1.0947419051114675
3733,1.0759925591677186
3734,1.173573210508989
3735,1.0760217286336593
3736,1.1210562212258008
3737,1.2643706088017086
3738,1.0741656442200649
3739,1.2244703955938716
3740,1.1048751064983087
3741,1.0564164838197538
3742,1.072815776399469
3743,1.3348581365011878
3744,1.1108374549558835
3745,1.0625262302107512
3746,1.058327032974939
3747,1.0456835805932414
3748,1.1510633801371355
3749,1.075697193053562
3750,1.3000561626098084
3751,1.1521074641468823
3752,1.163878532252992
3753,1.1171872839891643
3754,1.1243525658506348
3755,1.0817463101249265
3756,1.0888420079934893
3757,1.155420530432268
3758,1.097073209415419
3759,1.128936373785058
3760,1.0581966964067884
3761,1.3156724276827008
3762,1.100380693580888
3763,1.0890219455330359
3764,1.182714070398378
3765,1.1087426437413
3766,1.0975980641058105
3767,1.1650355933174557
3768,1.123267409204587
3769,1.2504410152284777
3770,1.1928973844112052
3771,1.0501172906793153
3772,1.1740500928922524
3773,1.063572443991942
3774,1.147319690359022
3775,1.0575772809419337
3776,1.084935528067402
3777,1.1481501918436807
3778,1.031889368074183
3779,1.1214337296911063
3780,1.1262220984017222
3781,1.1031699355612454
3782,1.125101142019176
3783,1.1907965185254097
3784,1.110523820613742
3785,1.0497035216855302
3786,1.118525575894789
3787,1.1210562212258008
3788,1.1049705028665886
3789,1.1319123361372625
3790,1.1731020111812291
3791,1.1544104618191224
3792,1.1610781876481924
3793,1.2203966593600297
3794,1.0901909350837244
3795,1.051744911653978
3796,1.07478525686343
3797,1.0459526791243412
3798,1.103143887503632
3799,1.029903995041778
3800,1.064043345825601
3801,1.202139077089582
3802,1.0699159565749705
3803,1.0594945571869046
3804,1.0345427642027558
3805,1.0851117645443544
3806,1.038045755837229
3807,1.1740551691750385
3808,1.1931123692963048
3809,1.0463552171303627
3810,1.1259691613037524
3811,1.0814048065758333
3812,1.1612786151826096
3813,1.0975980641058105
3814,1.1527339741526759
3815,1.1771953842098763
3816,1.0987904690790502
3817,1.149199366473772
3818,1.0433888774728526
3819,1.0742456707950914
3820,1.1341333881498197
3821,1.0797115773060393
3822,1.0768382368322793
3823,1.1165794655107146
3824,1.0457834241081443
3825,1.0994221848646275
3826,1.0801927959174598
3827,1.1480158518287684
3828,1.0727710316375625
3829,1.0601385586883856
3830,1.113016475528864
3831,1.2599194095694957
3832,1.0907898862837624
3833,1.0474045571297734
3834,1.1197071669369423
3835,1.4150980497724541
3836,1.1128394621768822
3837,1.1210562212258008
3838,1.3000561626098084
3839,1.0845980237095634
3840,1.0914263609504087
3841,1.2826812539484473
3842,1.0933090397056076
3843,1.2100103015580912
3844,1.0341830623196984
3845,1.1114958696739918
3846,1.182381354871028
3847,1.2455065923214286
3848,1.1078963569127125
3849,1.150430623503741
3850,1.0814048065758333
3851,1.0981961021690951
3852,1.1650355933174557
3853,1.1699076280356755
3854,1.0310374229422377
3855,1.045169887378469
3856,1.39269987996014
3857,1.4238912759433355
3858,1.0237369760652957
3859,1.1953013352038633
3860,1.2175079263201183
3861,1.0871198048099506
3862,1.0818760817494426
3863,1.1387342363068036
3864,1.0366223336377385
3865,1.1341746916210342
3866,1.0891596966453507
3867,1.0276283117285034
3868,1.0782728622095643
3869,1.046210437925195
3870,1.1043612519068626
3871,1.0656296961659575
3872,1.0663328917654085
3873,1.0520307740466333
3874,1.206470566757847
3875,1.1161841682942149
3876,1.070532745340163
3877,1.2223428600236221
3878,1.086607668891719
3879,1.0681777977091786
3880,1.0599320267667793
3881,1.0787618430384607
3882,1.0655377569723405
3883,1.1661537748483985
3884,1.0657085440814371
3885,1.1571725075015251
3886,1.264863569819282
3887,1.116677648975541
3888,1.1219911963639764
3889,1.0932126221730403
3890,1.0617654489583541
3891,1.2112816589774231
3892,1.1783806918161905
3893,1.1987002713961268
3894,1.1618583319499034
3895,1.084316473137429
3896,1.1116766938261298
3897,1.106703367263523
3898,1.0423775727383793
3899,1.1458817858499806
3900,1.1417170823578173
3901,1.1212135878021918
3902,1.093621199308997
3903,1.0619524587689297
3904,1.160078946860987
3905,1.0964766187821162
3906,1.0569451062084085
3907,1.18343364217463
3908,1.10236596680064
3909,1.0417651704383537
3910,1.123967467414662
3911,1.198094789141801
3912,1.166125119588614
3913,1.1058630848168192
3914,1.0905637196186844
3915,1.0699475955143523
3916,1.0801073637422163
3917,1.070415598665883
3918,1.1217688593463682
3919,1.149613852563272
3920,1.1415477906735272
3921,1.07859505104403
3922,1.1457718709238196
3923,1.2719077719159213
3924,1.0518765030144994
3925,1.0316238239431252
3926,1.0497471473876725
3927,1.309470151685224
3928,1.2209108312988823
3929,1.1612732392717033
3930,1.2209078424352064
3931,1.0544572422100473
3932,1.1741383154269707
3933,1.1521074641468823
3934,1.0813717152887365
3935,1.2532480237315005
3936,1.085648014157314
3937,1.1374263445859698
3938,1.1146478022351938
3939,1.0924654361238504
3940,1.0760860825666918
3941,1.0734431178454085
3942,1.026912897508295
3943,1.0435629828547643
3944,1.118525575894789
3945,1.061143381237256
3946,1.085193656061551
3947,1.1359429516198645
3948,1.0572905548641682
3949,1.1216758780922362
3950,1.05151571212601
3951,1.0729914599260388
3952,1.0397268942164184
3953,1.0721041184015352
3954,1.0381578143051828
3955,1.0524201060149339
3956,1.0538245387720142
3957,1.0676291591982323
3958,1.0543803316594853
3959,1.0654124833202623
3960,1.0539818523475797
3961,1.0465262434344043
3962,1.097675053500962
3963,1.1301001556250014
3964,1.0924904712009538
3965,1.0513369916713555
3966,1.1236175481336033
3967,1.0981961021690951
3968,1.0971527692695535
3969,1.0791093318244138
3970,1.1416679432028016
3971,1.0517697420733645
3972,1.1576547673507736
3973,1.141484569933189
3974,1.2718143019916601
3975,1.0202150598407451
3976,1.279103653674958
3977,1.087187624372482
3978,1.2249986850170738
3979,1.0877508459310572
3980,1.2466831088445605
3981,1.1644279383040856
3982,1.0604377630977069
3983,1.214688749416997
3984,1.1066243374601794
3985,1.1050452656064185
3986,1.208245129766209
3987,1.077330373052898
3988,1.0770745103167256
3989,1.0501172906793153
3990,1.0699475955143523
3991,1.1688541686186882
3992,1.0838323900034086
3993,1.0568766134855716
3994,1.1314760517282205
3995,1.1378428580967253
3996,1.050348259295877
3997,1.204417131469941
3998,1.130920699080281
3999,1.0861457361825848
4000,1.0632927790457383
4001,1.1916505314697188
4002,1.0806041271516706
4003,1.1241464060027884
4004,1.1736422521596013
4005,1.1477997667933493
4006,1.2871300963439845
4007,1.2171529081577468
4008,1.0549034360503031
4009,1.0659722207017737
4010,1.2244123119539618
4011,1.1557005163437994
4012,1.0898103534546035
4013,1.1254559603693433
4014,1.0910626983872243
4015,1.038045755837229
4016,1.0442117280676657
4017,1.1701238332126773
4018,1.0992033344355863
4019,1.0801927959174598
4020,1.1980844006955802
4021,1.1214337296911063
4022,1.080714409965919
4023,1.1846160409428867
4024,1.1078665711091118
4025,1.1196846753076533
4026,1.1114422835638216
4027,1.1987002713961268
4028,1.0615359854915867
4029,1.1346297843460351
4030,1.1429397070444296
4031,1.066688392914862
4032,1.1328646586882976
4033,1.0385985197940766
4034,1.1731879119199193
4035,1.1446387513796261
4036,1.188964629268749
4037,1.0842335460899253
4038,1.0464834196772925
4039,1.0601626275279592
4040,1.0570034485720927
4041,1.0704098346286244
4042,1.1987002713961268
4043,1.065980448892847
4044,1.1259691613037524
4045,1.1345773453271881
4046,1.0857647638394894
4047,1.1490203180940655
4048,1.0772977088052633
4049,1.1562489255880732
4050,1.1529402048957285
4051,1.20801274736315
4052,1.076733476525435
4053,1.0463165255871973
4054,1.1290454708055666
4055,1.0832252385637244
4056,1.27872744954638
4057,1.3181651476290481
4058,1.158994260393928
4059,1.1020999209102738
4060,1.101700137420009
4061,1.085487290473816
4062,1.09697690618768
4063,1.1330489976499323
4064,1.1177979794811497
4065,1.0656012095218008
4066,1.2924328496795998
4067,1.0559428255779038
4068,1.1480158518287684
4069,1.074990842111308
4070,1.2033315545206065
4071,1.0758564637759374
4072,1.1014989011759815
4073,1.262058644973974
4074,1.1004234323804514
4075,1.079994241831473
4076,1.0303579689344677
4077,1.0285512095669609
4078,1.214688749416997
4079,1.1417971512128657
4080,1.1687003046738487
4081,1.2133079619417706
4082,1.0879629625331808
4083,1.056951760453252
4084,1.0343819504086882
4085,1.1219714486263805
4086,1.1557005163437994
4087,1.0607550479603662
4088,1.1204722703523207
4089,1.066559841154969
4090,1.1740500928922524
4091,1.2865282696415756
4092,1.2140742173149282
4093,1.070893259838546
4094,1.1980844006955802
4095,1.0851552641060416
4096,1.1392555821341053
4097,1.1166092965963044
4098,1.2587751915234515
4099,1.0564654778468503
4100,1.1510019529044953
4101,1.0917342790762916
4102,1.053055495455615
4103,1.1323987629456564
4104,1.056951760453252
4105,1.2512710975310095
4106,1.1077148976526021
4107,1.097173149751164
4108,1.0660706020396087
4109,1.2498808614614614
4110,1.034659213860841
4111,1.2212639644511296
4112,1.1229415586949967
4113,1.1330678530839342
4114,1.1433690781364672
4115,1.280183914997876
4116,1.2466831088445605
4117,1.1172589945260185
4118,1.0589784466313104
4119,1.1100748255244548
4120,1.1379927593511903
4121,1.1661448781114345
4122,1.1395929572231305
4123,1.0671340119002697
4124,1.0841203218160531
4125,1.0546493803927284
4126,1.0745966625933983
4127,1.052421997099033
4128,1.1320574860644523
4129,1.102172562761981
4130,1.1596870680934799
4131,1.1058281302481499
4132,1.0656296961659575
4133,1.0411914711849204
4134,1.2629207399778122
4135,1.1030245332281137
4136,1.1211035545200105
4137,1.0926029433382338
4138,1.077330373052898
4139,1.1211981226953591
4140,1.135054915334696
4141,1.0341830623196984
4142,1.1868045959541513
4143,1.1225532058258711
4144,1.1192694276033153
4145,1.1678323384780613
4146,1.1016587271137566
4147,1.0974543968680184
4148,1.182744552161988
4149,1.0979366638514776
4150,1.0693268890284364
4151,1.2402423379860874
4152,1.0658542709923675
4153,1.1270428577061065
4154,1.072287327260911
4155,1.2124159112979909
4156,1.2330536095902687
4157,1.2217478986146595
4158,1.0268770576757673
4159,1.0491116350659366
4160,1.0903953754488735
4161,1.4199973627459543
4162,1.0783481758972717
4163,1.1160665536905974
4164,1.1133721578419529
4165,1.100380693580888
4166,1.1600105281401374
4167,1.165083834588057
4168,1.1412995095065768
4169,1.089009771054436
4170,1.1119336881669246
4171,1.0957285377567108
4172,1.1585716126950085
4173,1.0447594239291584
4174,1.1770151984927208
4175,1.0406225953633157
4176,1.1327832409375111
4177,1.1448736424084722
4178,1.2391307528605222
4179,1.1764759636884052
4180,1.058883486586442
4181,1.0575874144188628
4182,1.066792508611408
4183,1.0588592721274477
4184,1.1301001556250014
4185,1.125318155332521
4186,1.0716679997911756
4187,1.032693566394757
4188,1.3310447945534751
4189,1.1525384318056315
4190,1.1424479873237925
4191,1.1478622976235158
4192,1.2696341096220494
4193,1.0720748628620755
4194,1.0610501970777362
4195,1.2117806700974825
4196,1.086607668891719
4197,1.1793566411643526
4198,1.618171540314586
4199,1.2328849072111603
4200,1.080216515426276
4201,1.1190059242228536
4202,1.0515264585350348
4203,1.1628849998357687
4204,1.19630894210695
4205,1.140436863053322
4206,1.141449944326642
4207,1.0559428255779038
4208,1.1227688142346643
4209,1.089936082147035
4210,1.0814775756127546
4211,1.1269259224304269
4212,1.2046712329273848
4213,1.060313866150237
4214,1.0725822373412102
4215,1.0656305429871178
4216,1.4231644727823476
4217,1.1521726858904806
4218,1.1794046172227344
4219,1.1111415440972263
4220,1.1765901522573843
4221,1.0199884751129813
4222,1.2450817682986173
4223,1.0407377541308136
4224,1.0790317773198033
4225,1.2252525182660592
4226,1.1706102692479379
4227,1.134990773845639
4228,1.181193465942144
4229,1.1349205278524412
4230,1.0756762419293948
4231,1.0539818523475797
4232,1.0523043539461334
4233,1.225367775088483
4234,1.1586596250947039
4235,1.3310447945534751
4236,1.107067758993693
4237,1.0549458755157382
4238,1.0799332997703555
4239,1.0863062318814753
4240,1.241562837892035
4241,1.0875140234605487
4242,1.1993807337161875
4243,1.0706068924026624
4244,1.121107202286091
4245,1.132561743916806
4246,1.1128394621768822
4247,1.2252525182660592
4248,1.129415324027406
4249,1.2092156403744814
4250,1.07515626692593
4251,1.0909916687828174
4252,1.0861457361825848
4253,1.085280982295016
4254,1.0561022192552625
4255,1.0497471473876725
4256,1.0797115773060393
4257,1.1330105747835757
4258,1.0656012095218008
4259,1.1216822135773243
4260,1.2631724294593767
4261,1.1639257513883206
4262,1.1081071766501398
4263,1.073309094353109
4264,1.2347601088780153
4265,1.1133721578419529
4266,1.135902476478387
4267,1.1989786943719116
4268,1.0835942221081396
4269,1.1431024161049705
4270,1.1709595205256138
4271,1.0372502762702196
4272,1.2360897587194517
4273,1.0276283117285034
4274,1.1887546560416198
4275,1.070211079414343
4276,1.1759617859921632
4277,1.2450697125446593
4278,1.1026621996745378
4279,1.0512772264868984
4280,1.1371605027655687
4281,1.1336952233545015
4282,1.10236596680064
4283,1.3141332773121879
4284,1.0646314014263876
4285,1.3301749963709437
4286,1.0560924167068704
4287,1.0408708536968785
4288,1.0922431158868575
4289,1.0924117626593024
4290,1.1647298254285563
4291,1.0859017214252125
4292,1.1020938204910986
4293,1.1669659666116348
4294,1.141884598758777
4295,1.0992063067596756
4296,1.0536316128049792
4297,1.0876822834577857
4298,1.0719887474166592
4299,1.0819628362920186
4300,1.1238449205727261
4301,1.0885115454319605
4302,1.110870234943206
4303,1.0345557929000901
4304,1.0683038750302343
4305,1.0478433333588668
4306,1.2039146178765054
4307,1.0557050845412825
4308,1.1382782367643431
4309,1.0621967512903536
4310,1.0733265906364124
4311,1.0422129387015915
4312,1.1001657294619926
4313,1.1970864283673044
4314,1.0551703471807083
4315,1.0441145504419023
4316,1.1060011207341809
4317,1.0588291124539546
4318,1.0910743200359132
4319,1.0729914599260388
4320,1.0825840565052454
4321,1.147348321310658
4322,1.1529590788382598
4323,1.0340742714365447
4324,1.2373870711605326
4325,1.082559215845805
4326,1.0664558949725667
4327,1.2336737695163096
4328,1.1628236514935415
4329,1.0931703371667676
4330,1.0910626983872243
4331,1.125885837966762
4332,1.082488125221999
4333,1.2102043145264318
4334,1.1064840854915021
4335,1.0587276391966702
4336,1.1109366695062932
4337,1.0623289795666309
4338,1.0926411293894074
4339,1.0699159565749705
4340,1.1505293355501065
4341,1.1257039446741566
4342,1.069979632999641
4343,1.1175765194813405
4344,1.2871300963439845
4345,1.1451349477874155
4346,1.1223947532537806
4347,1.107115486947494
4348,1.1339340915625622
4349,1.0352280124333957
4350,1.069634019900339
4351,1.1337386146778254
4352,1.1330489976499323
4353,1.2627520913736623
4354,1.0651914192693042
4355,1.1008647449485496
4356,1.2228985416552465
4357,1.1670628167987027
4358,1.0742456707950914
4359,1.214086473524966
4360,1.240310193480213
4361,1.2466788198319443
4362,1.0870079622609876
4363,1.0624875481988016
4364,1.0653802567154105
4365,1.0680352651866556
4366,1.1378533908064448
4367,1.1573747889563106
4368,1.0992453364286265
4369,1.1839726685533565
4370,1.040359506984661
4371,1.061305403687492
4372,1.0428220970555142
4373,1.0562067714031025
4374,1.1928609352057664
4375,1.2485899482805702
4376,1.2146616440653486
4377,1.0258090610789412
4378,1.0809415028057543
4379,1.1662156835150994
4380,1.061292911427776
4381,1.1235040058943198
4382,1.2245537629704213
4383,1.2373870711605326
4384,1.0501221056709584
4385,1.1156567179304293
4386,1.0449408448935125
4387,1.0890219455330359
4388,1.1882617680562308
4389,1.1009511555163334
4390,1.040204624356169
4391,1.1397846049683131
4392,1.1668063302827265
4393,1.1052515570189132
4394,1.0573614502010655
4395,1.0869809046379362
4396,1.084407880388139
4397,1.067121742226509
4398,1.112407730495189
4399,1.1095387878901828
4400,1.1222824382099204
4401,1.1939134126585242
4402,1.171990782245478
4403,1.1453886695182152
4404,1.1813794889251068
4405,1.0817218464812117
4406,1.1397213577981598
4407,1.0656012095218008
4408,1.0721570629151553
4409,1.2763729462523468
4410,1.1560998729660175
4411,1.0827563418185366
4412,1.155420530432268
4413,1.089535587989348
4414,1.223080423303751
4415,1.0381578143051828
4416,1.125421611662439
4417,1.2083582819722898
4418,1.2566065695189303
4419,1.1081113581450817
4420,1.2839132979135042
4421,1.1184757686440672
4422,1.1170735010240525
4423,1.0682305744831864
4424,1.1143964111423517
4425,1.0679981568994756
4426,1.1230207861825396
4427,1.173097891476298
4428,1.0570896473310154
4429,1.1197071669369423
4430,1.0804493581041135
4431,1.1644533653983937
4432,1.039085411801422
4433,1.190432046647515
4434,1.233044912281078
4435,1.0258090610789412
4436,1.0780960616762907
4437,1.1506674097959182
4438,1.0813773504001052
4439,1.1288111993253174
4440,1.057404297492207
4441,1.1712494631167343
4442,1.0315866879196383
4443,1.183770821641416
4444,1.478115556529855
4445,1.0895106782192914
4446,1.14893473062442
4447,1.2438549455303511
4448,1.1678323384780613
4449,1.0690743577487205
4450,1.1211035545200105
4451,1.1050413205603173
4452,1.0864033786729286
4453,1.0793519105767064
4454,1.0788041872002747
4455,1.0315866879196383
4456,1.296599596336738
4457,1.1022596617709655
4458,1.089936082147035
4459,1.1254559603693433
4460,1.0878357489669084
4461,1.066073682816674
4462,1.0841203218160531
4463,1.1272200852700625
4464,1.0593979664871187
4465,1.1371605027655687
4466,1.1363752642336589
4467,1.2369832104721827
4468,1.1068210605048423
4469,1.1435354276785799
4470,1.0949812410593311
4471,1.114466779871114
4472,1.2057051450363705
4473,1.2808013983982416
4474,1.0905637196186844
4475,1.1054821276995033
4476,1.1405389673177793
4477,1.2366962361942446
4478,1.1229756459951978
4479,1.089936082147035
4480,1.2137886508813873
4481,1.2034853838086914
4482,1.0461402889185916
4483,1.1686993780777575
4484,1.0660875814320134
4485,1.1423594978839016
4486,1.110342907982506
4487,1.1394595244155579
4488,1.1664925825817554
4489,1.1559540563494972
4490,1.1373573330692635
4491,1.0626601888052853
4492,1.1371644453987224
4493,1.618171540314586
4494,1.178298805095257
4495,1.049685680874769
4496,1.1219503634414367
4497,1.115354829004223
4498,1.0895106782192914
4499,1.062578774378304
4500,1.1116766938261298
4501,1.0603584234266044
4502,1.054091218044221
4503,1.190005458126146
4504,1.1923028075564965
4505,1.1418571425864132
4506,1.2098163157024868
4507,1.1353868785428567
4508,1.1586596250947039
4509,1.051432199964511
4510,1.0850409608407596
4511,1.072020401647832
4512,1.104915141344869
4513,1.1236757575403906
4514,1.1522646980187947
4515,1.0829929974271697
4516,1.100685155124807
4517,1.19630894210695
4518,1.1363752642336589
4519,1.0389384238085253
4520,1.0443477390651303
4521,1.0509793355733887
4522,1.0895160978040632
4523,1.2192913141277268
4524,1.1164533800985679
4525,1.0589071745370975
4526,1.0356058523941716
4527,1.2827766175355528
4528,1.124050035547041
4529,1.1085926939748452
4530,1.0899719281819633
4531,1.074504305557185
4532,1.0418857553199419
4533,1.2045843499813207
4534,1.177512026959436
4535,1.3464073982231053
4536,1.1148498959033617
4537,1.1268758041891336
4538,1.1254721237079723
4539,1.2007419112068838
4540,1.0710480054703653
4541,1.1706102692479379
4542,1.2194145080462446
4543,1.0486231638044554
4544,1.0916745954677018
4545,1.129232735138765
4546,1.0873146541176357
4547,1.086570814386434
4548,1.049299837637005
4549,1.0779751287594217
4550,1.0520549716023961
4551,1.0429372186313925
4552,1.1254559603693433
4553,1.0570487613391593
4554,1.1890983221967053
4555,1.0885196619829869
4556,1.1846160409428867
4557,1.124250879555584
4558,1.3099042021508343
4559,1.1026621996745378
4560,1.126469706571463
4561,1.1541738303698081
4562,1.020577012385278
4563,1.07020629651598
4564,1.2639621411534536
4565,1.1204722703523207
4566,1.1806881752998923
4567,1.080732759539496
4568,1.3000561626098084
4569,1.1479152142354356
4570,1.0797352496416983
4571,1.163233813269627
4572,1.183770821641416
4573,1.1297317939259333
4574,1.1570934551505114
4575,1.0859105171672865
4576,1.1020559335039413
4577,1.0867388539655118
4578,1.1489736892737088
4579,1.1412995095065768
4580,1.045169887378469
4581,1.0783978183436518
4582,1.2401255741903408
4583,1.1760204455603969
4584,1.0833918797886921
4585,1.0717445504435394
4586,1.051076172039985
4587,1.1839683303007218
4588,1.1664898108424158
4589,1.060255346887148
4590,1.1364946043487318
4591,1.167772269983631
4592,1.147596640526717
4593,1.0710926159071754
4594,1.0611004170653706
4595,1.1234835910571273
4596,1.2530176243964928
4597,1.0441768088992225
4598,1.2418524438802407
4599,1.0349703646626454
4600,1.052421997099033
4601,1.173448707242147
4602,1.0611004170653706
4603,1.3021659001710566
4604,1.0470668520752047
4605,1.1423594978839016
4606,1.0436606011581038
4607,1.203140152531137
4608,1.1314393424002835
4609,1.13378825914809
4610,1.126469706571463
4611,1.0371293913549422
4612,1.0619524587689297
4613,1.2252525182660592
4614,1.0845980237095634
4615,1.058327032974939
4616,1.0517697420733645
4617,1.1505282037762838
4618,1.0765383023081114
4619,1.0561022192552625
4620,1.0641349704297414
4621,1.05985697333399
4622,1.079181472045593
4623,1.1410427943709411
4624,1.117589248586983
4625,1.1678882530574468
4626,1.073565815034875
4627,1.0791404100959867
4628,1.0668631731783524
4629,1.077330373052898
4630,1.1049705028665886
4631,1.0912706106343422
4632,1.2700357203245138
4633,1.1736549033612356
4634,1.0934775423406775
4635,1.1097273687112295
4636,1.190029866952177
4637,1.3630970425000497
4638,1.029903995041778
4639,1.1197108671588512
4640,1.093621199308997
4641,1.118525575894789
4642,1.1542744251747346
4643,1.0543241458882773
4644,1.0501221056709584
4645,1.0846036113468438
4646,1.0579184445438041
4647,1.0606191497702795
4648,1.1004446414132314
4649,1.0901119616500605
4650,1.083894638661474
4651,1.0998383880291582
4652,1.0471870053597485
4653,1.0356829658108253
4654,1.0721059466749518
4655,1.0463613320454306
4656,1.0834408893011507
4657,1.2498808614614614
4658,1.198094789141801
4659,1.0493549241315876
4660,1.2545813164078556
4661,1.0688472406271046
4662,1.0939633393519608
4663,1.1224233946732312
4664,1.087975926108588
4665,1.0574352802459328
4666,1.1236175481336033
4667,1.0995010377156187
4668,1.1004234323804514
4669,1.0937976792596054
4670,1.2759523824784158
4671,1.0656213264619794
4672,1.0867388539655118
4673,1.0923132811703549
4674,1.1479667066010375
4675,1.2405327069733199
4676,1.0458891229337142
4677,1.0911129859147233
4678,1.068921473816021
4679,1.2345637234730333
4680,1.1161841682942149
4681,1.0592365157071242
4682,1.0795321464467365
4683,1.1978839800315852
4684,1.2187552084836493
4685,1.1941560811981806
4686,1.1759940999551517
4687,1.3002384676823695
4688,1.085344082710241
4689,1.0305707629108463
4690,1.2640555624874275
4691,1.2587751915234515
4692,1.034030733065298
4693,1.1600258716513887
4694,1.1070486170330935
4695,1.1678929904853566
4696,1.0821099729782198
4697,1.2747926655175805
4698,1.054032048691451
4699,1.0715818441105533
4700,1.07467729766046
4701,1.1365869382372789
4702,1.2718143019916601
4703,1.1413887021316618
4704,1.076733476525435
4705,1.1081071766501398
4706,1.2140774797643412
4707,1.0633029750958387
4708,1.0415925277693046
4709,1.1088153354780503
4710,1.0743422396207776
4711,1.180579786044654
4712,1.0627471741275225
4713,1.1705759484851905
4714,1.0612080978539313
4715,1.1319123361372625
4716,1.0507401701658723
4717,1.1681071756285661
4718,1.0631582430195965
4719,1.0903195622247956
4720,1.0635077635712515
4721,1.0995010377156187
4722,1.1479307249389774
4723,1.0705833277572512
