obs_index,rhat
1,1.0070754478440676
2,1.0065269918028619
3,1.0145151266449366
4,1.0108471198973177
5,1.0062408614090572
6,1.0131121668488738
7,1.0113891012819758
8,1.0121233666613623
9,1.0202203164809323
10,1.0398051625491354
11,1.0088838020495343
12,1.0158621942455575
13,1.0093370169869458
14,1.0047806236572328
15,1.0512893942123374
16,1.0292451441564634
17,1.0090414584277283
18,1.0445581013558063
19,1.031769280014117
20,1.0052458408606624
21,1.002643529586903
22,1.0191387975051076
23,1.0342652808715227
24,1.0170342012141145
25,1.001765786835536
26,1.0038586490568073
27,1.023686879455575
28,1.0075658214769623
29,1.0020177995696684
30,1.0063974462032534
31,1.0012861009948435
32,1.042124065798262
33,1.0172371362560588
34,1.0104682382693286
35,1.0079981984619109
36,1.005640600704643
37,1.0100322743234136
38,1.049385205230848
39,1.0153646756089043
40,1.003479754223782
41,1.0153288886668121
42,1.0330890823653607
43,1.0305984369036132
44,1.0011988911226197
45,1.0035464850021294
46,1.0343110389906789
47,1.0076011489431913
48,1.0063746622867678
49,1.0424898270240424
50,1.0078926064224751
51,1.024206457275097
52,1.005760358222094
53,1.0078227220323308
54,1.0016673258252855
55,1.0109800605263493
56,1.0028173804889429
57,1.023876394858478
58,1.0124770891080994
59,1.0202768146711234
60,1.0172371362560588
61,1.0065788289061692
62,1.0062408614090572
63,1.0191566205317788
64,1.0082332969660661
65,1.005160506397815
66,1.0013481288814232
67,1.0398173129053556
68,1.0206796346825664
69,1.0067337582828302
70,1.0038911171210234
71,1.0227450377195708
72,1.0031547051179064
73,1.003490068485062
74,1.0107368707115745
75,1.014819703975649
76,1.0097312893475139
77,1.007577296959627
78,1.0055685505693324
79,1.0162913921093661
80,1.0085203385087511
81,1.0129222420731314
82,1.022546226303979
83,1.0025619097793343
84,1.0143373408907597
85,1.0063746622867678
86,1.0098361311023247
87,1.0032506224364122
88,1.0044449539143883
89,1.0153288886668121
90,1.0134864811628768
91,1.004737216565179
92,1.0115126800857823
93,1.0087236883248296
94,1.0062778783197655
95,1.0036257609664985
96,1.0175138768007348
97,1.0082332969660661
98,1.0105906625784629
99,1.0076579813642261
100,1.0343110389906789
101,1.0367566970051614
102,1.0016673258252855
103,1.0105121907399348
104,1.0216026288349644
105,1.0041676061891442
106,1.0356644769182977
107,1.000823485374068
108,1.0021011163645455
109,1.0151968573356787
110,1.0014300293941523
111,1.04523347787926
112,1.0299436352157614
113,1.0114672837037035
114,1.0281327750422988
115,1.0083965026362742
116,1.0062778783197655
117,1.0101550169290707
118,1.0104320631915664
119,1.0039050038868675
120,1.0105893252212788
121,1.0353798406354748
122,1.0094946238029459
123,1.0021426730776102
124,1.0086713729805186
125,1.0086753458107163
126,1.0179827616530013
127,1.0095469726175796
128,1.0097563174478663
129,1.0057370703183288
130,1.0217462944235987
131,1.0065688463909535
132,1.0064118448045958
133,1.0129297801060972
134,1.0469620957307488
135,1.0067769223427052
136,1.0118025242943436
137,1.0100441907238749
138,1.009017705902547
139,1.0041950779555342
140,1.0056565341458057
141,1.0054583620022661
142,1.008944323610829
143,1.00201362364737
144,1.0045436263284113
145,1.0129346116326008
146,1.00931566725604
147,1.0217417454830482
148,1.012076075614769
149,1.0088838020495343
150,1.0077823209559145
151,1.007847542688259
152,1.006917723222734
153,1.0176476407184774
154,1.0172621089765623
155,1.0191387975051076
156,1.012485882097317
157,1.0442795349918443
158,1.021185066114323
159,1.0039741351494298
160,1.0087114677514684
161,1.0064118448045958
162,1.0190317463097367
163,1.0098034827760498
164,1.006024403986214
165,1.0097092472122995
166,1.0163781735380568
167,1.0309094355682846
168,1.0216447932471109
169,1.0113673177590643
170,1.0025473715761324
171,1.00375018258124
172,1.01629400828606
173,1.010071949491874
174,1.0145151266449366
175,1.0096022306152772
176,1.0448899225972523
177,1.005160506397815
178,1.0028173804889429
179,1.0279391511881326
180,1.0202491367938573
181,1.0107682302705656
182,1.0107368707115745
183,1.0117074842402805
184,1.0017261043113468
185,1.0127684823197667
186,1.0398173129053556
187,1.0106267858603595
188,1.002307570906872
189,1.020107779780377
190,1.026098409752713
191,1.0117525346933776
192,1.0398173129053556
193,1.0115126800857823
194,1.0063577157322061
195,1.005160506397815
196,1.0048834860493225
197,1.005056932600419
198,1.0106499109066216
199,1.0143373408907597
200,1.0038172853826792
201,1.018350787247654
202,1.0070684596083608
203,1.0171754747443642
204,1.0073228702145087
205,1.0063746622867678
206,1.0110607018400521
207,1.0123394934232273
208,1.0065688463909535
209,1.0527680836649316
210,1.0088146685344541
211,1.0231024887915172
212,1.012735993059157
213,1.0062410377427136
214,1.0089186714963756
215,1.0135310952343426
216,1.0132183052201182
217,1.014292250254971
218,1.006204444534009
219,1.0033012824262109
220,1.0044493449133491
221,1.0726953404912654
222,1.005032943139275
223,1.0032728616569766
224,1.0328682284045114
225,1.0056140143642724
226,1.000359140890886
227,1.0172371362560588
228,1.0017167951066617
229,1.002867645183421
230,1.0028292077819834
231,1.0128866178581237
232,1.0142384164547238
233,1.0129222420731314
234,1.0038610007311857
235,1.0086753458107163
236,1.0151968573356787
237,1.0086166667049632
238,1.033155889633577
239,1.027427044229315
240,1.0227450377195708
241,1.0249317596927392
242,1.0157214032516573
243,1.0379525648435552
244,1.0047668463020738
245,1.0079160918172756
246,1.0096022306152772
247,1.00476825705829
248,1.0639189797828423
249,1.0097312893475139
250,1.0076915427968396
251,1.0272378620864977
252,1.0339433865931045
253,1.0139461681163493
254,1.0110262322868484
255,1.0028642014203257
256,1.003348477478139
257,1.0049239037007167
258,1.0111952471223171
259,1.0100441907238749
260,1.0089186714963756
261,1.0076915427968396
262,1.013227947052376
263,1.0045370292593252
264,1.0060003522086263
265,1.0114088248330528
266,1.0031748483378087
267,1.0309094355682846
268,1.008550258367804
269,1.007077933199884
270,1.0038366704709185
271,1.0068722398522862
272,1.0067411771001011
273,1.0089630144606767
274,1.0040435793583231
275,1.033155889633577
276,1.0375915570326668
277,1.0139900507741382
278,1.0083965026362742
279,1.010814883773259
280,1.0092625702058038
281,1.0084248599896488
282,1.0123072330802882
283,1.000823485374068
284,1.007822134400766
285,1.0241251848414776
286,1.0121233666613623
287,1.0223518286061333
288,1.023810447277083
289,1.0110852982755727
290,1.0050353317374252
291,1.0162628008203571
292,1.0065631334366854
293,1.0145151266449366
294,1.0134056645617018
295,1.0123394934232273
296,1.0158518683870412
297,1.004029128118124
298,1.0098332810901254
299,1.0115320769599057
300,1.0065631334366854
301,1.0098358488256105
302,1.0124770891080994
303,1.0162628008203571
304,1.026098409752713
305,1.0014300293941523
306,1.0088146685344541
307,1.0050353317374252
308,1.0065507963661464
309,1.01203047349483
310,1.010814883773259
311,1.0259944620278703
312,1.0137376658120567
313,1.0312033670072842
314,1.0073546073455528
315,1.012076075614769
316,1.0098332810901254
317,1.0034377355061277
318,1.0031748483378087
319,1.0070684596083608
320,1.020107779780377
321,1.0727844252421648
322,1.0038547240482738
323,1.0044919361592604
324,1.0176324491780446
325,1.0105543197202218
326,1.0043353399291122
327,1.0469620957307488
328,1.0028936444784453
329,1.0046101677436732
330,1.0030195498378032
331,1.0056140143642724
332,1.0028936444784453
333,1.0064853069949045
334,1.0038547240482738
335,1.0094946238029459
336,1.0226513763325416
337,1.0168326633568656
338,1.0076255125788272
339,1.0067411771001011
340,1.008724217287194
341,1.028362537340197
342,1.0281327750422988
343,1.014476178631211
344,1.0036257609664985
345,1.001765786835536
346,1.0052619070952928
347,1.019306716310535
348,1.002307570906872
349,1.0161332410778037
350,1.0223518286061333
351,1.0211892102737388
352,1.0215060796683293
353,1.0078227220323308
354,1.0529169471570805
355,1.0038586490568073
356,1.0098034827760498
357,1.0042563791357006
358,1.0110607018400521
359,1.005324523439004
360,1.0070684596083608
361,1.0396079953780972
362,1.049385205230848
363,1.0068955692478911
364,1.0152263080335795
365,1.033072836527827
366,1.0161093195468538
367,1.0150216854128506
368,1.003479754223782
369,1.0087870798049734
370,1.074313064238544
371,1.0102267618803888
372,1.0068722398522862
373,1.0484745979531287
374,1.0126847779616823
375,1.0062874829909623
376,1.0373392383312448
377,1.0068913406569102
378,1.0067769223427052
379,1.0139226638553804
380,1.0117074842402805
381,1.0177857693898973
382,1.0228039259092465
383,1.0520279027858037
384,1.0132183052201182
385,1.020819085651468
386,1.018274028912619
387,1.0303742863249052
388,1.006264631196538
389,1.006326099425711
390,1.010071949491874
391,1.019377866528231
392,1.0303742863249052
393,1.011754743569946
394,1.0726953404912654
395,1.0039820261764676
396,1.018540875814024
397,1.0377962633250224
398,1.018458289844008
399,1.007274881644874
400,1.0102914313900322
401,1.0047690643246079
402,1.0090414584277283
403,1.0158411752077194
404,1.0448899225972523
405,1.0151968573356787
406,1.0076579813642261
407,1.0078926064224751
408,1.0113772169962656
409,1.0094177026082884
410,1.0000777549507527
411,1.0424898270240424
412,1.051165857764275
413,1.0202768146711234
414,1.0063543472286274
415,1.0098332810901254
416,1.0135809480304083
417,1.0037011334899482
418,1.004444859807469
419,1.007764340526167
420,1.0020813601582215
421,1.048176789059427
422,1.0047690643246079
423,1.0512893942123374
424,1.018350787247654
425,1.007847542688259
426,1.0052458408606624
427,1.0100985414324
428,1.0079330674739728
429,1.0047668463020738
430,1.013227947052376
431,1.0100274412494568
432,1.0354774203437251
433,1.0096990402922132
434,1.0067411771001011
435,1.0062648778034722
436,1.0050662594742594
437,1.0279391511881326
438,1.027988260280004
439,1.0141696299630505
440,1.0153646756089043
441,1.0726953404912654
442,1.0181264832057881
443,1.0049239037007167
444,1.0170297771544083
445,1.019306716310535
446,1.0065251769932522
447,1.0448899225972523
448,1.0083965026362742
449,1.0152107234351628
450,1.0095760764259678
451,1.0217462944235987
452,1.0014300293941523
453,1.0093370169869458
454,1.003479754223782
455,1.0093034621330434
456,1.0101947846482202
457,1.0373392383312448
458,1.011956786848712
459,1.0068919924437671
460,1.0150591457662363
461,1.0052619070952928
462,1.0091608457614216
463,1.0137376658120567
464,1.0167342477236045
465,1.0098584056924356
466,1.0164768045894865
467,1.018855652250162
468,1.0181264832057881
469,1.022901884547285
470,1.0063543472286274
471,1.0055764156200484
472,1.0014917058733548
473,1.0236816003361124
474,1.0129346116326008
475,1.0109800605263493
476,1.021275416628802
477,1.018057236168379
478,1.0087603644675216
479,1.0163762775023717
480,1.0494155537964382
481,1.017218337311878
482,1.015885471058694
483,1.0398772810368888
484,1.0330890823653607
485,1.006807737531088
486,1.0141187322425416
487,1.0192316202359832
488,1.0033091567332386
489,1.0187038535511683
490,1.009348676712392
491,1.0215060796683293
492,1.0361500489706432
493,1.0089630144606767
494,1.0020074974867397
495,1.0287744726642494
496,1.01510509908073
497,1.0135943539743157
498,1.0134056645617018
499,1.0087156301671156
500,1.002867645183421
501,1.0153288886668121
502,1.0292451441564634
503,1.0047929490973617
504,1.016917729091349
505,1.0025473715761324
506,1.0032662658857492
507,1.0091239200831752
508,1.007577296959627
509,1.0134864811628768
510,1.0198991883203703
511,1.018534128129893
512,1.0116395140235068
513,1.0104336828173626
514,1.002106004083514
515,1.0152364254130521
516,1.0028173804889429
517,1.0096530599898716
518,1.0062408614090572
519,1.0115126800857823
520,1.0045569535131278
521,1.0128866178581237
522,1.0639189797828423
523,1.005160506397815
524,1.0088838020495343
525,1.0198495965475651
526,1.0274437296270267
527,1.0258913597250163
528,1.0123549290331981
529,1.0223518286061333
530,1.0096530599898716
531,1.0057771533976625
532,1.0092205298209813
533,1.0028346289223757
534,1.0062408614090572
535,1.021990453129832
536,1.0013481288814232
537,1.0065269918028619
538,1.0063577157322061
539,1.009017705902547
540,1.0345388423383843
541,1.0117584411119787
542,1.0173479271400625
543,1.007577296959627
544,1.0040332647622396
545,1.0305984369036132
546,1.0379498186035605
547,1.0097563174478663
548,1.0101947846482202
549,1.0010730556938305
550,1.0100678278144648
551,1.006901199033911
552,1.004737216565179
553,1.0038717723169783
554,1.00426275640532
555,1.0520279027858037
556,1.0196299947645802
557,1.0139461681163493
558,1.006057043430439
559,1.0036958614794702
560,1.0032668023375901
561,1.003847554994025
562,1.0413810412612665
563,1.023016716966342
564,1.0194275405880149
565,1.0115467783044996
566,1.0229569642060907
567,1.0043659179335314
568,1.0047899556440463
569,1.0191475880703278
570,1.0158621942455575
571,1.0041818165198773
572,1.0303211784522506
573,1.0405121563701374
574,1.003764021681712
575,1.0092205298209813
576,1.004087787182847
577,1.0026162797615727
578,1.0099421024401025
579,1.0104682382693286
580,1.008767937814223
581,1.0154759315140747
582,1.0126020496874861
583,1.0318477177233956
584,1.0220883683697504
585,1.023133531232659
586,1.0085428499156488
587,1.0097955158519132
588,1.0076351432958872
589,1.0113772169962656
590,1.0527680836649316
591,1.008767937814223
592,1.0072068458706955
593,1.0038717723169783
594,1.0013481288814232
595,1.005847502898068
596,1.020834214913059
597,1.0017261043113468
598,1.0208867875570433
599,1.0291254742310745
600,1.0079981984619109
601,1.011314134281911
602,1.0081753069207422
603,1.001881755061136
604,1.0108486230575067
605,1.0076915427968396
606,1.0076579813642261
607,1.0028271327600509
608,1.039761578830973
609,1.0105250989447214
610,1.0412469802019826
611,1.0162231071054264
612,1.080167346474687
613,1.0103860377230143
614,1.0067881063671087
615,1.0113891012819758
616,1.016557460549757
617,1.0275161565571962
618,1.016557460549757
619,1.0578006268878173
620,1.018855652250162
621,1.0212800863170464
622,1.0229569642060907
623,1.0074422507237444
624,1.0041950779555342
625,1.0561926031225868
626,1.020743867449457
627,1.002643529586903
628,1.0056140143642724
629,1.0088699971392106
630,1.0038911171210234
631,1.0141187322425416
632,1.0052676523696864
633,1.0208867875570433
634,1.00613473434436
635,1.0202203164809323
636,1.0139900507741382
637,1.0141306837467163
638,1.0141588740180796
639,1.0124047819029094
640,1.0113580528727186
641,1.0064441298053555
642,1.0110607018400521
643,1.0217417454830482
644,1.0162661488066933
645,1.002307570906872
646,1.0125872363148976
647,1.0072295146316665
648,1.0084248599896488
649,1.0163781735380568
650,1.0129222420731314
651,1.000823485374068
652,1.027547458182116
653,1.0106652235720772
654,1.0064647072109971
655,1.0081195785182007
656,1.007474582474033
657,1.0096409365183356
658,1.0113940676211355
659,1.0042563791357006
660,1.0105906625784629
661,1.0021426730776102
662,1.0065788289061692
663,1.0120480843517463
664,1.0101837084202954
665,1.0098681881684088
666,1.0281327750422988
667,1.0397980050291196
668,1.0087973823675842
669,1.0191566205317788
670,1.0034377355061277
671,1.0031748483378087
672,1.0107368707115745
673,1.0085203385087511
674,1.031723027890068
675,1.024206457275097
676,1.014520653519603
677,1.014669670414785
678,1.0116395140235068
679,1.0079277041166963
680,1.0039741351494298
681,1.0104320631915664
682,1.0113772169962656
683,1.0304608238126134
684,1.0121401977521431
685,1.0043353399291122
686,1.005760358222094
687,1.007169435026221
688,1.0173479271400625
689,1.0071445062716176
690,1.0097312893475139
691,1.033072836527827
692,1.0219055546135725
693,1.013313074411436
694,1.0139226638553804
695,1.0164768045894865
696,1.0139047063565434
697,1.0158411752077194
698,1.0158411752077194
699,1.0440846550443186
700,1.0173266468025588
701,1.003139746142265
702,1.0088204732390997
703,1.013747650472485
704,1.015721473434791
705,1.0059669615311455
706,1.0151310997356657
707,1.0041676061891442
708,1.0148160559347028
709,1.0055218996374327
710,1.0047723851949848
711,1.0198416020283683
712,1.0079672735330205
713,1.0084248599896488
714,1.0148815058173895
715,1.0063936813812173
716,1.0239892545074762
717,1.0063974462032534
718,1.0085011057067612
719,1.0021527869362787
720,1.0094946238029459
721,1.0234744478686835
722,1.0268931422560212
723,1.0038547240482738
724,1.0245744274563215
725,1.0055885524131385
726,1.0102914313900322
727,1.0052458408606624
728,1.002307570906872
729,1.00800857050515
730,1.0047690643246079
731,1.0090414584277283
732,1.0123067732695452
733,1.0216447932471109
734,1.0241251848414776
735,1.0088146685344541
736,1.0025619097793343
737,1.0106652235720772
738,1.0047806236572328
739,1.0061095567003497
740,1.0527680836649316
741,1.0098804361954603
742,1.0202491367938573
743,1.0206796346825664
744,1.0032803590887265
745,1.01607108700043
746,1.0161093195468538
747,1.0097945250641582
748,1.003987952883368
749,1.0147448542008024
750,1.0039057056967482
751,1.00133395658453
752,1.022865865405162
753,1.0066427290204685
754,1.0149103508333772
755,1.004087787182847
756,1.0032803590887265
757,1.0494155537964382
758,1.0141187322425416
759,1.0070684596083608
760,1.0084385014176864
761,1.015721473434791
762,1.00975014066598
763,1.0235433301105712
764,1.0021437185277904
765,1.000823485374068
766,1.003987952883368
767,1.0123549290331981
768,1.00931566725604
769,1.0148285446314742
770,1.0208367517255457
771,1.0096022306152772
772,1.049385205230848
773,1.010506548400219
774,1.0141714624202545
775,1.0028173804889429
776,1.002669500677992
777,1.0113673177590643
778,1.0013248676188982
779,1.007623930679119
780,1.0078424166682198
781,1.0047282911168696
782,1.0114672837037035
783,1.0086713729805186
784,1.0076915427968396
785,1.01139127909335
786,1.0162913921093661
787,1.0158621942455575
788,1.018184258661014
789,1.0593130921449552
790,1.0103807663779054
791,1.0040332647622396
792,1.0021011163645455
793,1.001293621670473
794,1.0093034621330434
795,1.0219724606924414
796,1.0266002108376338
797,1.0273648409805445
798,1.023686879455575
799,1.0161499209997473
800,1.0085203385087511
801,1.004610000312689
802,1.0087973823675842
803,1.0017261043113468
804,1.0297173745078227
805,1.0254382874204573
806,1.0427538470880164
807,1.0055685505693324
808,1.0071780557594834
809,1.0156194163315915
810,1.0208867875570433
811,1.0223518286061333
812,1.035193342381581
813,1.0578006268878173
814,1.003571564530597
815,1.00643408944041
816,1.0058974934221994
817,1.007577296959627
818,1.0527680836649316
819,1.007761753127325
820,1.006940893966718
821,1.0094177026082884
822,1.0129222420731314
823,1.0113009215502085
824,1.0099031707374504
825,1.0098034827760498
826,1.0469620957307488
827,1.0031748483378087
828,1.0136562851818927
829,1.015721473434791
830,1.0116157909723846
831,1.0039820261764676
832,1.0098352360777143
833,1.0150216854128506
834,1.018350787247654
835,1.0098804361954603
836,1.0117611926442098
837,1.0198991883203703
838,1.0098681881684088
839,1.0092625702058038
840,1.0077781226396842
841,1.0139461681163493
842,1.023016716966342
843,1.0204126482390716
844,1.0021702109193258
845,1.0088699971392106
846,1.0047690643246079
847,1.0162661488066933
848,1.002682693731653
849,1.0115126800857823
850,1.023016716966342
851,1.0172621089765623
852,1.0132985236717955
853,1.0052676523696864
854,1.0104917805697626
855,1.0235433301105712
856,1.0091483011532638
857,1.018855652250162
858,1.005760358222094
859,1.012435391655534
860,1.0057083676431464
861,1.0131008011042355
862,1.0114906297434787
863,1.0141187322425416
864,1.0196760366620419
865,1.0242234592892898
866,1.014478173568283
867,1.0171959384423004
868,1.0044465711941135
869,1.0210816280810555
870,1.012001596604979
871,1.0083558901607943
872,1.0110607018400521
873,1.022901884547285
874,1.0231024887915172
875,1.069533433283801
876,1.01145076616662
877,1.017288642746109
878,1.0307530540852463
879,1.017018916658819
880,1.0118025242943436
881,1.0181279095545028
882,1.0037011334899482
883,1.0014917058733548
884,1.02865451760478
885,1.0106652235720772
886,1.008550258367804
887,1.0038547240482738
888,1.006617937181945
889,1.0249317596927392
890,1.00736295707583
891,1.0356644769182977
892,1.0032803590887265
893,1.0056436848947856
894,1.005032943139275
895,1.0097092472122995
896,1.0050803509379402
897,1.011314134281911
898,1.0277616939731469
899,1.0107682302705656
900,1.0102267618803888
901,1.0090414584277283
902,1.0118249143666715
903,1.0071060818218602
904,1.0048533468051717
905,1.0162231071054264
906,1.005032943139275
907,1.008418936053054
908,1.0071060818218602
909,1.0056008362055997
910,1.0336233011351448
911,1.041867097247978
912,1.0042563791357006
913,1.007031777201993
914,1.0017261043113468
915,1.0076579813642261
916,1.00736295707583
917,1.0091266305518962
918,1.0096409365183356
919,1.023133531232659
920,1.020819085651468
921,1.0153646756089043
922,1.0126273744421292
923,1.0377962633250224
924,1.0132183052201182
925,1.023876394858478
926,1.0115126800857823
927,1.0048723465285827
928,1.0078926064224751
929,1.0223518286061333
930,1.012735993059157
931,1.0025619097793343
932,1.0009630623188852
933,1.0071930554723185
934,1.020839573599918
935,1.0155623239110136
936,1.0191475880703278
937,1.080167346474687
938,1.0119991951523557
939,1.051165857764275
940,1.0111952471223171
941,1.0063936813812173
942,1.042124065798262
943,1.027427044229315
944,1.0188622712473971
945,1.051165857764275
946,1.0038016907540035
947,1.051165857764275
948,1.056859267701436
949,1.0057771533976625
950,1.0377962633250224
951,1.012485882097317
952,1.0102267618803888
953,1.031723027890068
954,1.0032624152923848
955,1.0021011163645455
956,1.0067337582828302
957,1.006024403986214
958,1.0069814534770933
959,1.0068913406569102
960,1.0030702630074653
961,1.006950272376216
962,1.0106923716583989
963,1.0096409365183356
964,1.0230207889854461
965,1.0104917805697626
966,1.007031777201993
967,1.0095650881614773
968,1.0579651514104698
969,1.006204444534009
970,1.002643529586903
971,1.0288554084384505
972,1.005716442340832
973,1.0043659179335314
974,1.0164768045894865
975,1.021990453129832
976,1.0055218996374327
977,1.0091116383714132
978,1.0105969846015705
979,1.0098446031138695
980,1.0291254742310745
981,1.0152364254130521
982,1.0097945250641582
983,1.0120480843517463
984,1.010162372224099
985,1.0072295146316665
986,1.0103807663779054
987,1.0086021589155958
988,1.017025660628257
989,1.014478173568283
990,1.0162783966727902
991,1.0066933671249678
992,1.0239892545074762
993,1.0086517946398084
994,1.0398173129053556
995,1.0122271301798618
996,1.018350787247654
997,1.0191566205317788
998,1.0414560074724577
999,1.028362537340197
1000,1.01265471581862
1001,1.0177857693898973
1002,1.013918821912818
1003,1.0065251769932522
1004,1.0158411752077194
1005,1.0110607018400521
1006,1.0021527869362787
1007,1.0128359530322864
1008,1.0009450915291564
1009,1.0079160918172756
1010,1.0033238452733237
1011,1.0077781226396842
1012,1.0021437185277904
1013,1.0005048165069454
1014,1.006024403986214
1015,1.0263840306437577
1016,1.0142113954416694
1017,1.0254382874204573
1018,1.002867645183421
1019,1.0173983390555599
1020,1.0476738361284605
1021,1.0125310341125273
1022,1.0017410896737136
1023,1.0077781226396842
1024,1.0038547240482738
1025,1.0031135149588604
1026,1.005847502898068
1027,1.0176324491780446
1028,1.006635709330208
1029,1.035383586072183
1030,1.0077962092308632
1031,1.0102371746204164
1032,1.0110852982755727
1033,1.0287744726642494
1034,1.0073462157492235
1035,1.0548736659916749
1036,1.0113673177590643
1037,1.005711541054288
1038,1.0163781735380568
1039,1.0727844252421648
1040,1.0116761860887886
1041,1.0216026288349644
1042,1.0079160918172756
1043,1.0608259557473882
1044,1.0155541186166555
1045,1.0076915427968396
1046,1.0262047692632645
1047,1.0195054096799918
1048,1.0406647785956935
1049,1.0056034482371117
1050,1.0117525346933776
1051,1.007623930679119
1052,1.014478173568283
1053,1.0204135037224928
1054,1.0478998087458367
1055,1.0169421298589656
1056,1.0139900507741382
1057,1.002106004083514
1058,1.0052933295660156
1059,1.0153646756089043
1060,1.0187799129227113
1061,1.0094228324792298
1062,1.000823485374068
1063,1.0176476407184774
1064,1.0150591457662363
1065,1.0047690643246079
1066,1.0354774203437251
1067,1.006024403986214
1068,1.0163762775023717
1069,1.0185890084673752
1070,1.0240855639588873
1071,1.013863024782968
1072,1.0045436263284113
1073,1.0058778990405735
1074,1.0081719970479281
1075,1.0177947024917757
1076,1.0070217144269809
1077,1.0075658214769623
1078,1.0442795349918443
1079,1.0065688463909535
1080,1.011982777188478
1081,1.0389654181363643
1082,1.0151968573356787
1083,1.0079672735330205
1084,1.0013481288814232
1085,1.0110607018400521
1086,1.003280811693573
1087,1.014476178631211
1088,1.0044809338729104
1089,1.0100441907238749
1090,1.005053904245331
1091,1.0101364930721985
1092,1.02865451760478
1093,1.0086753458107163
1094,1.0367566970051614
1095,1.0073462157492235
1096,1.0152107234351628
1097,1.0187856425860964
1098,1.0064210117722476
1099,1.0305984369036132
1100,1.0122271301798618
1101,1.0085053870156446
1102,1.035157545077851
1103,1.0079620915287706
1104,1.0126847779616823
1105,1.0038366704709185
1106,1.0171804170692
1107,1.0118319007769325
1108,1.017218337311878
1109,1.0066933671249678
1110,1.0317851400303961
1111,1.0123083154327672
1112,1.004442054409316
1113,1.0044602180492732
1114,1.0241251848414776
1115,1.0158676366861517
1116,1.009101947160113
1117,1.005915080605007
1118,1.0354774203437251
1119,1.0062408614090572
1120,1.0091239200831752
1121,1.0115467783044996
1122,1.0013481288814232
1123,1.0108696124416425
1124,1.0144614229880426
1125,1.0151755875335244
1126,1.0163538094581026
1127,1.0019622914340498
1128,1.0078926064224751
1129,1.005053904245331
1130,1.0330890823653607
1131,1.0093370169869458
1132,1.0054583620022661
1133,1.005056932600419
1134,1.0173710684877963
1135,1.0088699971392106
1136,1.0328682284045114
1137,1.0016673258252855
1138,1.0099421024401025
1139,1.0155796244076432
1140,1.0086713729805186
1141,1.007474582474033
1142,1.002652772416717
1143,1.0328125873176315
1144,1.0118152697616474
1145,1.0105094524374054
1146,1.0098446031138695
1147,1.0170342012141145
1148,1.0173710684877963
1149,1.0255560393023875
1150,1.0076255125788272
1151,1.0014917058733548
1152,1.0249317596927392
1153,1.0215060796683293
1154,1.0228039259092465
1155,1.0131008011042355
1156,1.0137346870135173
1157,1.012735993059157
1158,1.0032595124110537
1159,1.0032728616569766
1160,1.0304608238126134
1161,1.0081753069207422
1162,1.008484271041225
1163,1.0025619097793343
1164,1.013022289997515
1165,1.00375018258124
1166,1.0031135149588604
1167,1.0163781735380568
1168,1.020743867449457
1169,1.0096025607309544
1170,1.0237581408103515
1171,1.007583514943148
1172,1.0121401977521431
1173,1.0033974035678528
1174,1.0059669615311455
1175,1.010585577863737
1176,1.0048394750857874
1177,1.0038610007311857
1178,1.0317851400303961
1179,1.0083162065493454
1180,1.023876394858478
1181,1.0102517214510243
1182,1.0142806722796724
1183,1.0083965026362742
1184,1.0164559836823681
1185,1.0073263230405445
1186,1.0047615839382231
1187,1.0052619070952928
1188,1.0048834860493225
1189,1.05455371806333
1190,1.008550258367804
1191,1.0088838020495343
1192,1.0038547240482738
1193,1.0148285446314742
1194,1.0050662594742594
1195,1.0159955293395968
1196,1.018855652250162
1197,1.0097092472122995
1198,1.0146693807264444
1199,1.031769280014117
1200,1.0231024887915172
1201,1.0139900507741382
1202,1.0083566521223
1203,1.0061095567003497
1204,1.0063974462032534
1205,1.0039741351494298
1206,1.008438559798729
1207,1.010388809839363
1208,1.0198954879195454
1209,1.019993950816291
1210,1.0048723465285827
1211,1.0061761531554299
1212,1.0122271301798618
1213,1.0088676918693222
1214,1.0239502687001298
1215,1.0100441907238749
1216,1.0173243109764616
1217,1.0162661488066933
1218,1.0114672837037035
1219,1.0091116383714132
1220,1.00934525759201
1221,1.0157966916985504
1222,1.0055167568095356
1223,1.0202659843442397
1224,1.026098409752713
1225,1.018350787247654
1226,1.0081011828651285
1227,1.0075981672105339
1228,1.0210816280810555
1229,1.0427538470880164
1230,1.007847542688259
1231,1.0116493219168883
1232,1.0146018492222466
1233,1.006635709330208
1234,1.0098034827760498
1235,1.017218337311878
1236,1.0033238452733237
1237,1.049720369628842
1238,1.0026162797615727
1239,1.0234744478686835
1240,1.0105121907399348
1241,1.0047929490973617
1242,1.0060149829523868
1243,1.0151755875335244
1244,1.0084248599896488
1245,1.0039820261764676
1246,1.0102267618803888
1247,1.0123549290331981
1248,1.0108114996741377
1249,1.0071101543979875
1250,1.0093034621330434
1251,1.010805442804828
1252,1.009820758256097
1253,1.023810447277083
1254,1.0065507963661464
1255,1.0064679052958505
1256,1.0032728616569766
1257,1.0151571695173975
1258,1.0116795822233562
1259,1.0130682479488606
1260,1.0126273744421292
1261,1.0077962092308632
1262,1.017025660628257
1263,1.0083558901607943
1264,1.0099031707374504
1265,1.0041126929596464
1266,1.0527680836649316
1267,1.0117074842402805
1268,1.0148160559347028
1269,1.0336233011351448
1270,1.0272378620864977
1271,1.0217485898121919
1272,1.0202850935122243
1273,1.010805442804828
1274,1.0083566521223
1275,1.0111110075276273
1276,1.0080276536375719
1277,1.0122271301798618
1278,1.0133160735357587
1279,1.0168436415981914
1280,1.0356644769182977
1281,1.0082898339567592
1282,1.0150027163204467
1283,1.0056436848947856
1284,1.017501833864229
1285,1.008678397301268
1286,1.0226513763325416
1287,1.0037462663592878
1288,1.017025660628257
1289,1.0060149829523868
1290,1.0110717982134578
1291,1.0052933295660156
1292,1.0116157909723846
1293,1.0154759315140747
1294,1.021185066114323
1295,1.0168326633568656
1296,1.005324523439004
1297,1.049385205230848
1298,1.0032668023375901
1299,1.0144347823117654
1300,1.0026162797615727
1301,1.0061761531554299
1302,1.0207558697698997
1303,1.00201362364737
1304,1.0111952471223171
1305,1.0169421298589656
1306,1.0041676061891442
1307,1.006340615290998
1308,1.0147108424648277
1309,1.0427538470880164
1310,1.0219055546135725
1311,1.0139154941041992
1312,1.0087784685436438
1313,1.0223760305979965
1314,1.014476178631211
1315,1.00201362364737
1316,1.014728008965272
1317,1.015885471058694
1318,1.0064729205315628
1319,1.005160506397815
1320,1.0078721134915396
1321,1.008597323291975
1322,1.0119863513804808
1323,1.0075981672105339
1324,1.0110262322868484
1325,1.0053754748905452
1326,1.0070944601127831
1327,1.016419903668499
1328,1.0726953404912654
1329,1.0036517617673022
1330,1.0014300293941523
1331,1.0086517946398084
1332,1.004450715966412
1333,1.008418936053054
1334,1.0071445062716176
1335,1.012160581015256
1336,1.0071445062716176
1337,1.0187856425860964
1338,1.0000777549507527
1339,1.010537536958822
1340,1.0177947024917757
1341,1.0013248676188982
1342,1.0113940676211355
1343,1.0170342012141145
1344,1.0105969846015705
1345,1.0096349954059223
1346,1.027427044229315
1347,1.049385205230848
1348,1.032523352186022
1349,1.010911534465824
1350,1.0424898270240424
1351,1.0099421024401025
1352,1.05455371806333
1353,1.0064729205315628
1354,1.0136562851818927
1355,1.0100985414324
1356,1.0028173804889429
1357,1.0185397829475706
1358,1.002307570906872
1359,1.020743867449457
1360,1.0169421298589656
1361,1.0249317596927392
1362,1.023686879455575
1363,1.0150824720764298
1364,1.018540875814024
1365,1.003995521725271
1366,1.016557460549757
1367,1.0064118448045958
1368,1.0355378929900656
1369,1.0085053870156446
1370,1.007410731150037
1371,1.0175138768007348
1372,1.0086753458107163
1373,1.0160714015958865
1374,1.018057236168379
1375,1.0098358488256105
1376,1.0202203164809323
1377,1.0110717982134578
1378,1.0056971639929873
1379,1.0124047819029094
1380,1.040039490968112
1381,1.0084385014176864
1382,1.0115954246618215
1383,1.0176324491780446
1384,1.0091239200831752
1385,1.0210816280810555
1386,1.013684220452188
1387,1.0057083676431464
1388,1.0159844921651915
1389,1.0056008362055997
1390,1.015794424545322
1391,1.014478173568283
1392,1.0258601522173392
1393,1.0231024887915172
1394,1.0108628776368223
1395,1.0151571695173975
1396,1.0163762775023717
1397,1.0198495965475651
1398,1.025109984332626
1399,1.0168436415981914
1400,1.0343110389906789
1401,1.0031135149588604
1402,1.006807737531088
1403,1.0093370169869458
1404,1.0167838312712358
1405,1.0121320684208674
1406,1.005760358222094
1407,1.0074509155866913
1408,1.0158411752077194
1409,1.013227947052376
1410,1.0162783966727902
1411,1.0098804361954603
1412,1.0026653435178394
1413,1.0137346870135173
1414,1.0049880431909457
1415,1.048176789059427
1416,1.0051668173227186
1417,1.0144347823117654
1418,1.0103860377230143
1419,1.0121233666613623
1420,1.0352286380808704
1421,1.0021437185277904
1422,1.0173983390555599
1423,1.0164559836823681
1424,1.0105250989447214
1425,1.005032943139275
1426,1.0091266305518962
1427,1.0140362351515047
1428,1.0185397829475706
1429,1.0134502626495603
1430,1.006608697471628
1431,1.0291254742310745
1432,1.0117584411119787
1433,1.0578006268878173
1434,1.0235433301105712
1435,1.0579651514104698
1436,1.01145076616662
1437,1.0198416020283683
1438,1.0096025607309544
1439,1.007761753127325
1440,1.0036958614794702
1441,1.0164559836823681
1442,1.027351558588273
1443,1.0519771612113002
1444,1.0130074191430265
1445,1.0159955293395968
1446,1.0135809480304083
1447,1.0017736523795582
1448,1.0379498186035605
1449,1.0155796244076432
1450,1.0593130921449552
1451,1.00759375404016
1452,1.0208367517255457
1453,1.0050687597045256
1454,1.0077781226396842
1455,1.0079160918172756
1456,1.0173479271400625
1457,1.003348477478139
1458,1.0013248676188982
1459,1.0144614229880426
1460,1.0151182594754502
1461,1.0109595474785982
1462,1.0162783966727902
1463,1.0076915427968396
1464,1.0032624152923848
1465,1.0255583456412036
1466,1.0083566521223
1467,1.0098681881684088
1468,1.008420711352096
1469,1.0102914313900322
1470,1.0104682382693286
1471,1.027988260280004
1472,1.0145442266347868
1473,1.01607108700043
1474,1.0355979372523427
1475,1.022865865405162
1476,1.004442054409316
1477,1.0135310952343426
1478,1.015297379210662
1479,1.007764340526167
1480,1.0150002656321304
1481,1.016557460549757
1482,1.0114088248330528
1483,1.0038366704709185
1484,1.0104917805697626
1485,1.0129297801060972
1486,1.0087156301671156
1487,1.0065788289061692
1488,1.0202768146711234
1489,1.0273648409805445
1490,1.0170297771544083
1491,1.0133060182855045
1492,1.0044465711941135
1493,1.000281542322396
1494,1.0202203164809323
1495,1.0130299241225418
1496,1.0202850935122243
1497,1.0161931507287831
1498,1.0168326633568656
1499,1.0379070072500962
1500,1.0081011828651285
1501,1.0130074191430265
1502,1.0104051534804863
1503,1.031769280014117
1504,1.0076040433021074
1505,1.0174700193552229
1506,1.080167346474687
1507,1.0144614229880426
1508,1.008070575120222
1509,1.0130299241225418
1510,1.0132985236717955
1511,1.0090275896377772
1512,1.0135943539743157
1513,1.0227450377195708
1514,1.0027243500393337
1515,1.01395742800954
1516,1.0159955293395968
1517,1.005711541054288
1518,1.0086166667049632
1519,1.0168326633568656
1520,1.0059669615311455
1521,1.0102150123051692
1522,1.005711541054288
1523,1.0067881063671087
1524,1.0115954246618215
1525,1.004711110396324
1526,1.0047806236572328
1527,1.0139900507741382
1528,1.0087973823675842
1529,1.0164435876068116
1530,1.0173983390555599
1531,1.0017167951066617
1532,1.016557460549757
1533,1.0100322743234136
1534,1.039761578830973
1535,1.0161332410778037
1536,1.0259944620278703
1537,1.022546226303979
1538,1.027427044229315
1539,1.00455148711768
1540,1.0389654181363643
1541,1.0142113954416694
1542,1.004020037419863
1543,1.0129222420731314
1544,1.0194275405880149
1545,1.0071080396234207
1546,1.004737216565179
1547,1.0126574168999283
1548,1.0148387511659784
1549,1.0046101677436732
1550,1.0081719970479281
1551,1.0527680836649316
1552,1.0210624861270199
1553,1.0193676256351234
1554,1.018184258661014
1555,1.020819085651468
1556,1.0017167951066617
1557,1.0043353399291122
1558,1.0304608238126134
1559,1.0091483011532638
1560,1.0151571695173975
1561,1.0239892545074762
1562,1.0079391596927167
1563,1.0061761531554299
1564,1.0281327750422988
1565,1.0105906625784629
1566,1.021200531235509
1567,1.0092625702058038
1568,1.0153288886668121
1569,1.0052700273832358
1570,1.0071445062716176
1571,1.0050353317374252
1572,1.014819703975649
1573,1.0070754302402323
1574,1.0082898339567592
1575,1.003987952883368
1576,1.019593683247785
1577,1.0052700273832358
1578,1.0061095567003497
1579,1.0087784685436438
1580,1.023810447277083
1581,1.0106652235720772
1582,1.0318413229255137
1583,1.0076040433021074
1584,1.0052700273832358
1585,1.0072887536538517
1586,1.0123394934232273
1587,1.0223204661839962
1588,1.0048394750857874
1589,1.0049409931465327
1590,1.0114718773641036
1591,1.0181279095545028
1592,1.0078424166682198
1593,1.0135943539743157
1594,1.0194275405880149
1595,1.027351558588273
1596,1.01203047349483
1597,1.0208867875570433
1598,1.010537536958822
1599,1.0239304515881773
1600,1.0356644769182977
1601,1.0109800605263493
1602,1.006807737531088
1603,1.0079277041166963
1604,1.008340275923096
1605,1.0191475880703278
1606,1.0105250989447214
1607,1.0079330674739728
1608,1.0068413814018964
1609,1.0163762775023717
1610,1.0328682284045114
1611,1.0163538094581026
1612,1.0016673258252855
1613,1.0255560393023875
1614,1.0224655286535287
1615,1.0031748483378087
1616,1.0032822247768758
1617,1.0208867875570433
1618,1.0109800605263493
1619,1.0137346870135173
1620,1.00975014066598
1621,1.0225399088977603
1622,1.008944323610829
1623,1.0398051625491354
1624,1.013022289997515
1625,1.0122271301798618
1626,1.0122271301798618
1627,1.0519771612113002
1628,1.0389654181363643
1629,1.0013481288814232
1630,1.048176789059427
1631,1.0020813601582215
1632,1.007577296959627
1633,1.0115320769599057
1634,1.0123394934232273
1635,1.0037011334899482
1636,1.0100985414324
1637,1.0039741351494298
1638,1.0111952471223171
1639,1.0087973823675842
1640,1.0037011334899482
1641,1.0254088878561027
1642,1.0082332969660661
1643,1.0170016144648664
1644,1.0223518286061333
1645,1.0156194163315915
1646,1.0098358488256105
1647,1.008678397301268
1648,1.0111110075276273
1649,1.0076040433021074
1650,1.023810447277083
1651,1.0064118448045958
1652,1.0170342012141145
1653,1.0135809480304083
1654,1.0099421024401025
1655,1.0139047063565434
1656,1.016198269559382
1657,1.0103807663779054
1658,1.0130299241225418
1659,1.0235116534013238
1660,1.0090275896377772
1661,1.003792091240003
1662,1.005324523439004
1663,1.0036257609664985
1664,1.006340615290998
1665,1.0092084489583362
1666,1.0063974462032534
1667,1.0205225861846638
1668,1.0449747197569244
1669,1.0318413229255137
1670,1.007847542688259
1671,1.0058778990405735
1672,1.0115535913392988
1673,1.0123067732695452
1674,1.0026162797615727
1675,1.0020780492753285
1676,1.011603139139621
1677,1.0206796346825664
1678,1.0111110075276273
1679,1.0273648409805445
1680,1.005053904245331
1681,1.0091239200831752
1682,1.051425479286264
1683,1.0299436352157614
1684,1.0079620915287706
1685,1.0406647785956935
1686,1.0031241883011581
1687,1.008597323291975
1688,1.0078926064224751
1689,1.000823485374068
1690,1.0190864047195556
1691,1.005632603045905
1692,1.0049880431909457
1693,1.0148815058173895
1694,1.0156747794995165
1695,1.0116157909723846
1696,1.0030593807014843
1697,1.0144498257268904
1698,1.0131008011042355
1699,1.102614368801738
1700,1.0113772169962656
1701,1.0148093528895756
1702,1.020743867449457
1703,1.0057160254731539
1704,1.00455148711768
1705,1.0218058069448999
1706,1.008340275923096
1707,1.0168436415981914
1708,1.0220883683697504
1709,1.0235433301105712
1710,1.0013248676188982
1711,1.0033091567332386
1712,1.0126273744421292
1713,1.0077065629110726
1714,1.004029128118124
1715,1.0406647785956935
1716,1.0092205298209813
1717,1.0052676523696864
1718,1.0117584411119787
1719,1.0110607018400521
1720,1.0045370292593252
1721,1.009101947160113
1722,1.0355378929900656
1723,1.0158518683870412
1724,1.0095650881614773
1725,1.0051668173227186
1726,1.0191475880703278
1727,1.0087236883248296
1728,1.0079330674739728
1729,1.0040435793583231
1730,1.0113580528727186
1731,1.008340275923096
1732,1.0220883683697504
1733,1.008340275923096
1734,1.018855652250162
1735,1.017018916658819
1736,1.0076128999780531
1737,1.0151310997356657
1738,1.0460367376174737
1739,1.0071080396234207
1740,1.0097312893475139
1741,1.0191475880703278
1742,1.003987952883368
1743,1.0233849307983789
1744,1.0171804170692
1745,1.0117525346933776
1746,1.0063577157322061
1747,1.008767937814223
1748,1.006950272376216
1749,1.004737216565179
1750,1.0237581408103515
1751,1.0064118448045958
1752,1.0062128361744964
1753,1.0130682479488606
1754,1.004087787182847
1755,1.0026968736753743
1756,1.006024403986214
1757,1.0252135530822262
1758,1.0198416020283683
1759,1.011754743569946
1760,1.0232833133035877
1761,1.0040435793583231
1762,1.00613473434436
1763,1.0354774203437251
1764,1.0217417454830482
1765,1.0020074974867397
1766,1.0299436352157614
1767,1.009591354112146
1768,1.014669670414785
1769,1.0013300464548334
1770,1.0076507972558197
1771,1.018458289844008
1772,1.0460367376174737
1773,1.012602429948053
1774,1.0063386552734688
1775,1.027988260280004
1776,1.0021426730776102
1777,1.0088431295538336
1778,1.0367566970051614
1779,1.015794424545322
1780,1.020107779780377
1781,1.0013481288814232
1782,1.0256530867211582
1783,1.016419903668499
1784,1.0079981984619109
1785,1.0299436352157614
1786,1.0085203385087511
1787,1.0167342477236045
1788,1.008070575120222
1789,1.0162783966727902
1790,1.0128026631841185
1791,1.011754743569946
1792,1.0086713729805186
1793,1.0271925574068548
1794,1.0130074191430265
1795,1.0118072323636051
1796,1.0098352360777143
1797,1.0185890084673752
1798,1.00975014066598
1799,1.0063577157322061
1800,1.0578006268878173
1801,1.0128359530322864
1802,1.005760358222094
1803,1.0212215018502127
1804,1.0086753458107163
1805,1.0522320339128999
1806,1.0181264832057881
1807,1.0048533468051717
1808,1.0150591457662363
1809,1.0031157974766258
1810,1.0063095807815374
1811,1.0070944601127831
1812,1.0033238452733237
1813,1.0104336828173626
1814,1.006326099425711
1815,1.009210758692437
1816,1.0608259557473882
1817,1.013313074411436
1818,1.0405121563701374
1819,1.0032595124110537
1820,1.0055885524131385
1821,1.014272676598987
1822,1.0075097831041722
1823,1.0091608457614216
1824,1.0049880431909457
1825,1.006950272376216
1826,1.0100985414324
1827,1.0058974934221994
1828,1.0180139711833929
1829,1.0202491367938573
1830,1.0121220756486733
1831,1.0092625702058038
1832,1.0049393657114079
1833,1.0021437185277904
1834,1.02179480906587
1835,1.004737216565179
1836,1.0133731318261268
1837,1.0057370703183288
1838,1.0102517214510243
1839,1.0115126800857823
1840,1.0127684823197667
1841,1.0045524461815083
1842,1.0073546073455528
1843,1.0198416020283683
1844,1.009348676712392
1845,1.0239892545074762
1846,1.0271925574068548
1847,1.0153288886668121
1848,1.0305984369036132
1849,1.0048723465285827
1850,1.00736295707583
1851,1.0071780557594834
1852,1.0219751387437894
1853,1.0064118448045958
1854,1.0092084489583362
1855,1.0179827616530013
1856,1.0087870798049734
1857,1.0026162797615727
1858,1.0115320769599057
1859,1.0069814534770933
1860,1.0041950779555342
1861,1.0252135530822262
1862,1.0141187322425416
1863,1.033072836527827
1864,1.0105543197202218
1865,1.0075097831041722
1866,1.0017167951066617
1867,1.0151182594754502
1868,1.012735993059157
1869,1.0052458408606624
1870,1.0083566521223
1871,1.069533433283801
1872,1.0113772169962656
1873,1.007577296959627
1874,1.0177857693898973
1875,1.0049239037007167
1876,1.002669500677992
1877,1.0090414584277283
1878,1.0066164301218128
1879,1.0053038674130301
1880,1.0252135530822262
1881,1.0460367376174737
1882,1.0144498257268904
1883,1.005640600704643
1884,1.02179480906587
1885,1.0176476407184774
1886,1.0047538026027012
1887,1.0086753458107163
1888,1.0040332647622396
1889,1.0098034827760498
1890,1.0102371746204164
1891,1.0031241883011581
1892,1.0153646756089043
1893,1.01265471581862
1894,1.015885471058694
1895,1.0158411752077194
1896,1.0336233011351448
1897,1.0328682284045114
1898,1.0128359530322864
1899,1.0078926064224751
1900,1.0229208434860584
1901,1.0055167568095356
1902,1.0099341668166184
1903,1.003792091240003
1904,1.0639189797828423
1905,1.0130074191430265
1906,1.0099031707374504
1907,1.014721231386145
1908,1.0074734092992121
1909,1.0098361311023247
1910,1.0085428499156488
1911,1.00613473434436
1912,1.0064210117722476
1913,1.0336271961061485
1914,1.0044809338729104
1915,1.0139154941041992
1916,1.0073263230405445
1917,1.0087916076673327
1918,1.017321792334692
1919,1.0045569535131278
1920,1.0047806236572328
1921,1.0240855639588873
1922,1.0204126482390716
1923,1.002675659271531
1924,1.0397980050291196
1925,1.0032728616569766
1926,1.0231539660647668
1927,1.0113580528727186
1928,1.0051298750641124
1929,1.0051298750641124
1930,1.0519771612113002
1931,1.0217417454830482
1932,1.0100441907238749
1933,1.013863024782968
1934,1.003139746142265
1935,1.010071949491874
1936,1.0106652235720772
1937,1.002106004083514
1938,1.0126169164943954
1939,1.017501833864229
1940,1.0028936444784453
1941,1.0150027163204467
1942,1.003995521725271
1943,1.0133060182855045
1944,1.004087787182847
1945,1.014478173568283
1946,1.0229814607936578
1947,1.0101298660807105
1948,1.0093034621330434
1949,1.0084248599896488
1950,1.0013248676188982
1951,1.0129912622117538
1952,1.0062408614090572
1953,1.027547458182116
1954,1.0069056552474198
1955,1.074313064238544
1956,1.0047723851949848
1957,1.000359140890886
1958,1.0173266468025588
1959,1.0056008362055997
1960,1.0011999707837913
1961,1.0343110389906789
1962,1.0009630623188852
1963,1.0168326633568656
1964,1.0064047920309938
1965,1.0154759315140747
1966,1.0055764156200484
1967,1.0141187322425416
1968,1.0052676523696864
1969,1.0143373408907597
1970,1.0176476407184774
1971,1.0171804170692
1972,1.0134060158862719
1973,1.011754743569946
1974,1.0219055546135725
1975,1.013406285919433
1976,1.0104336828173626
1977,1.013313074411436
1978,1.014272676598987
1979,1.0055697507652768
1980,1.011956786848712
1981,1.019306716310535
1982,1.0098446031138695
1983,1.00613473434436
1984,1.0153646756089043
1985,1.01257464085877
1986,1.0045769431610807
1987,1.0050687597045256
1988,1.0123894096621606
1989,1.028006307458906
1990,1.0028173804889429
1991,1.005831461788211
1992,1.0120480843517463
1993,1.0148815058173895
1994,1.006608697471628
1995,1.039761578830973
1996,1.0027243500393337
1997,1.051165857764275
1998,1.0088204732390997
1999,1.005760358222094
2000,1.0239304515881773
2001,1.0019622914340498
2002,1.008418936053054
2003,1.0037472898178332
2004,1.0040332647622396
2005,1.0484745979531287
2006,1.0152263080335795
2007,1.0142806722796724
2008,1.0090414584277283
2009,1.0254979375703919
2010,1.0094228324792298
2011,1.0146018492222466
2012,1.027988260280004
2013,1.0118072323636051
2014,1.0159844921651915
2015,1.0063936813812173
2016,1.005831461788211
2017,1.0214778551136594
2018,1.0169421298589656
2019,1.0187038535511683
2020,1.005387686330661
2021,1.0028936444784453
2022,1.0103059908853895
2023,1.0164768045894865
2024,1.0227450377195708
2025,1.0223518286061333
2026,1.033155889633577
2027,1.102614368801738
2028,1.0715611050498366
2029,1.0031142100039507
2030,1.0567687788912932
2031,1.0077904430587716
2032,1.0020387041298613
2033,1.0054634656510362
2034,1.0015040360448444
2035,1.0193888123948747
2036,1.0242649876924945
2037,1.0374102350347034
2038,1.0086786235208942
2039,1.0207930672843912
2040,1.0140768051876548
2041,1.001360019486999
2042,1.0082316143985024
2043,1.0206778369845289
2044,1.005686307508879
2045,1.0305353386869016
2046,1.0235553590675626
2047,1.0086805794517897
2048,1.0022126851298685
2049,1.0092415730038193
2050,1.037532740125381
2051,1.0114849768870462
2052,1.0083890811226819
2053,1.0215680429883742
2054,1.0033402107241143
2055,1.0154962646077688
2056,1.0027175285048202
2057,1.0006439806277652
2058,1.043250298288886
2059,1.0342354424994418
2060,1.0036970822290305
2061,1.0063105725337724
2062,1.0128807489342844
2063,1.0354344284895818
2064,1.0094930407313276
2065,1.044520617195636
2066,1.0090306551013135
2067,1.0122904135745616
2068,1.0171472262844603
2069,1.0034250878440931
2070,1.0196319913315504
2071,1.0075594006471784
2072,1.0163680127209933
2073,1.0589076627795502
2074,1.0135225241658892
2075,1.0060432573064428
2076,1.009631922406345
2077,1.0116278251378175
2078,1.001008965786969
2079,1.0055044713040076
2080,1.0114071392620319
2081,1.0311200320455856
2082,1.018883700396852
2083,1.0136010159544975
2084,1.017156612620169
2085,1.0118814800047204
2086,1.006676433989044
2087,1.0081068917772131
2088,1.0345475752909643
2089,1.0145122909175759
2090,1.0187296613047503
2091,1.0037057256416844
2092,1.0245173746470428
2093,1.0087258696284689
2094,1.0046575741143065
2095,1.002861378525415
2096,1.02138790994358
2097,1.003364614401749
2098,1.0122904135745616
2099,1.0119863310955504
2100,1.0415901997579131
2101,1.0127729619424828
2102,1.0083890811226819
2103,1.0642762826275178
2104,1.0105251442325256
2105,1.0063763848104428
2106,1.0433617133532702
2107,1.0109424703796406
2108,1.0086364673223558
2109,1.0628066040803426
2110,1.001978944161446
2111,1.0153237059712323
2112,1.010171579479945
2113,1.008632785341082
2114,1.0341848747030824
2115,1.005269758995548
2116,1.0069198550442655
2117,1.0109606508855453
2118,1.0022387933182308
2119,1.0371138787068603
2120,1.002483043119341
2121,1.0048617423368633
2122,1.0051851277889428
2123,1.0212559774203394
2124,1.0328801680235675
2125,1.023473414057887
2126,1.004740783303686
2127,1.0069686949227654
2128,1.0195470440437466
2129,1.0076694571586737
2130,1.0214207296479034
2131,1.0434171271162809
2132,1.0117751670612478
2133,1.0105279685877686
2134,1.0152577170910049
2135,1.0116743922028562
2136,1.011437297054513
2137,1.007810470520273
2138,1.0035154226872554
2139,1.031481889548179
2140,1.0172435361787144
2141,1.0092903658149432
2142,1.0140819932341627
2143,1.0826781957164024
2144,1.0012513228978717
2145,1.0073839510260032
2146,1.0341848747030824
2147,1.0206329283597888
2148,1.0288330002907617
2149,1.0047453807349267
2150,1.0227273765292837
2151,1.000402443629024
2152,1.073823557372527
2153,1.0287345751055992
2154,1.005882199704872
2155,1.0117243821772595
2156,1.0434177311766308
2157,1.0066440422868714
2158,1.0086524408711264
2159,1.0255185178121806
2160,1.0075188797376873
2161,1.0111208992612792
2162,1.018637291583643
2163,1.0136989049655143
2164,1.0057583410164215
2165,1.0031064118348298
2166,1.0122904135745616
2167,1.0189400612344708
2168,1.0123978326627616
2169,1.0175739202959155
2170,1.0337102519424073
2171,1.0262003617366637
2172,1.0267301693601592
2173,1.0085663246033685
2174,1.0477242944363034
2175,1.0088147571325525
2176,1.0333219347262237
2177,1.0051459039719624
2178,1.0121204227415113
2179,1.0028196076409226
2180,1.0116792573265145
2181,1.00855633657176
2182,1.0097990189356765
2183,1.0086600059516848
2184,1.0056775657897548
2185,1.037296941975931
2186,1.0019260381916921
2187,1.0133532086984645
2188,1.0017837437689612
2189,1.0132639972639985
2190,1.02088974922313
2191,1.0084171638769128
2192,1.0089374257296013
2193,1.0229764485515487
2194,1.0136659340369778
2195,1.044264905285259
2196,1.005864117384057
2197,1.009725308106443
2198,1.03935652772548
2199,1.056133436362184
2200,1.0214455956826995
2201,1.0075510576766233
2202,1.0185739055300946
2203,1.0147124300068884
2204,1.0271201180256586
2205,1.0138942158819055
2206,1.0114357163793781
2207,1.020850209792094
2208,1.0083219111002026
2209,1.0011199719791701
2210,1.0340387322210596
2211,1.0127729619424828
2212,1.0052115439662945
2213,1.0202091639356505
2214,1.0157637087328508
2215,1.0156312963690628
2216,1.0413334699204588
2217,1.0177511627404654
2218,1.0140924568795355
2219,1.0091823403494975
2220,1.0225501267106878
2221,1.012991865799384
2222,1.0033766236646828
2223,1.0109678957032373
2224,1.0225663071955062
2225,1.0179300089214232
2226,1.0109205155615029
2227,1.0339686982361656
2228,1.0104782706793831
2229,1.0195969882827471
2230,1.048092931834856
2231,1.0141440079036388
2232,1.008416920032302
2233,1.0323114049019444
2234,1.002823446165742
2235,1.0087258696284689
2236,1.0132739978881211
2237,1.0064650725832562
2238,1.0146814591640658
2239,1.0056430795014217
2240,1.0043984487450088
2241,1.0048123964927198
2242,1.0417955630145188
2243,1.007430314748803
2244,1.0166642607291274
2245,1.018077387106412
2246,1.0229811762139533
2247,1.020820841940148
2248,1.0157933672306063
2249,1.0082706954950933
2250,1.0374102350347034
2251,1.0131586492638833
2252,1.0061089919516195
2253,1.0264992405657571
2254,1.0119210160111642
2255,1.0419639760025086
2256,1.0039588975715554
2257,1.0289811853132536
2258,1.0226187899102843
2259,1.0034612872724389
2260,1.017994688778175
2261,1.0117812068997247
2262,1.0325653728067596
2263,1.0113070984030055
2264,1.036426150939026
2265,1.0185763166413269
2266,1.0081439007011623
2267,1.0298461154595637
2268,1.0268650978182754
2269,1.0119112208455603
2270,1.0114357163793781
2271,1.0110387734362392
2272,1.0072881726966818
2273,1.0635684051125929
2274,1.0074808553897843
2275,1.0194535245943104
2276,1.0220675658426237
2277,1.0060800480167809
2278,1.0363518810670649
2279,1.0351330720989016
2280,1.0253274553843097
2281,1.0074342256961433
2282,1.0213358699066657
2283,1.0173017294704232
2284,1.0623041715243502
2285,1.0125853754299274
2286,1.0332877325804788
2287,1.0219122333933839
2288,1.0046575741143065
2289,1.0323114049019444
2290,1.0026313370929414
2291,1.0060831618585484
2292,1.003407124971293
2293,1.0051766701613503
2294,1.015311127693355
2295,1.012215534099049
2296,1.0167927564291297
2297,1.0242410801578177
2298,1.026433403555265
2299,1.0084646837251114
2300,1.0055222236360963
2301,1.006661641344656
2302,1.0143071291919052
2303,1.0067489374884961
2304,1.0764197894827032
2305,1.0100286939101186
2306,1.0056775657897548
2307,1.0139631229516448
2308,1.0080460861697182
2309,1.0263388864648662
2310,1.0095939965980882
2311,1.010131469759968
2312,1.0030956296277351
2313,1.010673116151262
2314,1.0145384653557954
2315,1.009687145120193
2316,1.0265077300519614
2317,1.0177647291812817
2318,1.030516138177595
2319,1.003077081186487
2320,1.0076426704274892
2321,1.0106776669640272
2322,1.0330704022920083
2323,1.0149814265833939
2324,1.0048123964927198
2325,1.0118595132687915
2326,1.0149654896984153
2327,1.0212423862608397
2328,1.0069555499332394
2329,1.0062670923195862
2330,1.0117751670612478
2331,1.0064455321631953
2332,1.012134726047152
2333,1.0232837099741776
2334,1.0101312189650435
2335,1.0022437168796667
2336,1.0106388694066464
2337,1.0448375355575026
2338,1.0034568837499547
2339,1.0039648469694675
2340,1.0026959298872302
2341,1.0065706224757185
2342,1.0087113688187903
2343,1.0056430795014217
2344,1.0102688238348765
2345,1.0034503319220853
2346,1.003802804107945
2347,1.0313712324905207
2348,1.0108890766841205
2349,1.0034394099084292
2350,1.0048153303341651
2351,1.0029938349365475
2352,1.0191716090654084
2353,1.0052076912267822
2354,1.0260073771611358
2355,1.009562861707994
2356,1.0092268754371412
2357,1.0236307105316533
2358,1.0009639312934413
2359,1.0084923115926385
2360,1.017377687749787
2361,1.0164060580551875
2362,1.0161894870649089
2363,1.0174147524932045
2364,1.0074183619492911
2365,1.011742548402947
2366,1.0097165176119964
2367,1.006043055921079
2368,1.0130729833625123
2369,1.015713238788262
2370,1.0027650744549532
2371,1.0080460861697182
2372,1.0018049648530174
2373,1.0283301842160608
2374,1.012098168884843
2375,1.0071055246624425
2376,1.0336232147387932
2377,1.0159936696918639
2378,1.0126810828005794
2379,1.0119105329733797
2380,1.0095664510224704
2381,1.011869434811831
2382,1.0109428462665762
2383,1.0104500225436996
2384,1.0111043045739143
2385,1.008873755947547
2386,1.031359542604957
2387,1.0312081273764473
2388,1.0431200289823501
2389,1.0042740819840974
2390,1.0391274755288886
2391,1.0355577996536962
2392,1.0170946025734218
2393,1.0138131479888786
2394,1.0195411715575213
2395,1.0060831618585484
2396,1.0180035517664168
2397,1.007148841413311
2398,1.0041287860635117
2399,1.0049781074752895
2400,1.0178369608999713
2401,1.0099967412415065
2402,1.020850209792094
2403,1.0147020976041587
2404,1.0107317421222326
2405,1.0130456878254512
2406,1.018465079811455
2407,1.0161586694782634
2408,1.0053174175267463
2409,1.0337844420954339
2410,1.0215823544329634
2411,1.0011801599985979
2412,1.0534817427319392
2413,1.0454950532605667
2414,1.0138851217816265
2415,1.0192386881678162
2416,1.0161220090214182
2417,1.0325645524574623
2418,1.0155679644859266
2419,1.0126558095488736
2420,1.0151273408279144
2421,1.0102798475469066
2422,1.0085324102074118
2423,1.0073532445085533
2424,1.0225501267106878
2425,1.0111964057796459
2426,1.0100107924927486
2427,1.0339686982361656
2428,1.0132898917305648
2429,1.0322184940323127
2430,1.0202715111889515
2431,1.001350646186922
2432,1.0134888491757827
2433,1.0007597098223378
2434,1.0192205582348526
2435,1.0142796219177668
2436,1.009970269106874
2437,1.0116656332896892
2438,1.0028280645616607
2439,1.0231907260177995
2440,1.026705713678169
2441,1.0144034291417592
2442,1.020909051414924
2443,1.0287026537219777
2444,1.021769680803219
2445,1.0897142147066297
2446,1.023539569117377
2447,1.0173459736992991
2448,1.0086600059516848
2449,1.0307440260278364
2450,1.0125258162822908
2451,1.007251916527367
2452,1.0166012682961427
2453,1.0106776669640272
2454,1.011618432724464
2455,1.0136250176712953
2456,1.016996506014869
2457,1.011143020487206
2458,1.0500628134039622
2459,1.0111617235788384
2460,1.0267734908060266
2461,1.0123710151567669
2462,1.0264326435758344
2463,1.027190346707237
2464,1.0044589847336163
2465,1.041337124208254
2466,1.0042932717298034
2467,1.01627283383223
2468,1.0070669360320859
2469,1.0489446848943191
2470,1.0388175826001176
2471,1.0249591521887111
2472,1.0453205201661386
2473,1.0070813830113947
2474,1.0068809261119889
2475,1.0201837692311273
2476,1.043686101828921
2477,1.014561214937011
2478,1.0716004650648134
2479,1.0121456669370115
2480,1.0337102519424073
2481,1.022267358158512
2482,1.0120220020907433
2483,1.0025174666765193
2484,1.035160175278516
2485,1.002486251048702
2486,1.0071713641572764
2487,1.003701089496431
2488,1.0028333669169733
2489,1.0826781957164024
2490,1.0303850341082155
2491,1.0205522954323096
2492,1.0119629458328414
2493,1.0306263312142152
2494,1.027634568101007
2495,1.0098004729196388
2496,1.016067622006132
2497,1.0033398160035916
2498,1.0289104245360585
2499,1.0156065930417166
2500,1.0073343766172485
2501,1.0253274553843097
2502,1.0097726604643515
2503,1.0657482518476016
2504,1.011767188721038
2505,1.0300321541755841
2506,1.0041287860635117
2507,1.0047297873456296
2508,1.0408708329841625
2509,1.0069536589295172
2510,1.0368578328022682
2511,1.0037056817207906
2512,1.011983648284595
2513,1.0519288956819253
2514,1.047307708814807
2515,1.019121989144673
2516,1.0070996517616835
2517,1.0828428574194848
2518,1.0423402832734072
2519,1.013021756936759
2520,1.0226828722594266
2521,1.0052005619287874
2522,1.01627283383223
2523,1.0100488911475307
2524,1.0132739978881211
2525,1.0069467290044973
2526,1.002546655256125
2527,1.055108800532339
2528,1.0177647291812817
2529,1.0261462959935241
2530,1.0136350498658284
2531,1.0155297042920917
2532,1.021422933207991
2533,1.0052825382515207
2534,1.0132739978881211
2535,1.0139631229516448
2536,1.0444787783257206
2537,1.0171419110005253
2538,1.0166623000984067
2539,1.043867032817191
2540,1.0275331930794918
2541,1.0116762511988602
2542,1.0391935589256929
2543,1.012916065095231
2544,1.014163857329732
2545,1.010290284246156
2546,1.0110511596608174
2547,1.0162436760684554
2548,1.0047055987008915
2549,1.0049829517349484
2550,1.0153090261727535
2551,1.0095159971310592
2552,1.0033766236646828
2553,1.0159175138027587
2554,1.0204946545702012
2555,1.0094366833643795
2556,1.0131782508390859
2557,1.0173973650020165
2558,1.004147527146435
2559,1.0071369565064088
2560,1.0222883043853204
2561,1.0140590154572204
2562,1.0375353102739944
2563,1.0255272201339631
2564,1.01306727778427
2565,1.0232481179472828
2566,1.0219647041481672
2567,1.002995057130337
2568,1.0196191719421819
2569,1.0246013249900627
2570,1.016430690208529
2571,1.0079638760543363
2572,1.0364433615462145
2573,1.001646491172151
2574,1.0042803858903957
2575,1.0237473279858444
2576,1.009065897274876
2577,1.0199203414647395
2578,1.0433573036950432
2579,1.0503001663444564
2580,1.0065611849084541
2581,1.0046316560059523
2582,1.014071311662702
2583,1.0289252115524339
2584,1.0175065145201085
2585,1.007134123585558
2586,1.038058708062476
2587,1.0361475023274027
2588,1.021587042255077
2589,1.0057361121195807
2590,1.004722349934782
2591,1.0407379839730257
2592,1.0515780481103443
2593,1.0235149785104847
2594,1.0248967491882417
2595,1.0044883835163894
2596,1.0156268622299882
2597,1.0170547498549696
2598,1.0047631214396622
2599,1.0103787149328827
2600,1.0029629524790917
2601,1.0028140542171493
2602,1.036725398634324
2603,1.0063481096071336
2604,1.0144034291417592
2605,1.0173459736992991
2606,1.01061952641951
2607,1.0152154686631152
2608,1.0127141434936233
2609,1.0048646593868507
2610,1.006347707071742
2611,1.0081551930091972
2612,1.026804153009791
2613,1.017045297959937
2614,1.0034265092335544
2615,1.009887606348433
2616,1.009762460646442
2617,1.00762401958394
2618,1.0162137565071558
2619,1.0129413992861638
2620,1.0117976071039856
2621,1.010962871024905
2622,1.0126400454681281
2623,1.0158348089533689
2624,1.0349727868030911
2625,1.0185739055300946
2626,1.009466209693572
2627,1.0044684443037326
2628,1.0268489239630467
2629,1.0110310898534998
2630,1.007897171362055
2631,1.0150275121890837
2632,1.0099967412415065
2633,1.005261080198059
2634,1.012211211792288
2635,1.017390927235518
2636,1.0132739978881211
2637,1.011901460923004
2638,1.0109531833206427
2639,1.012217115904036
2640,1.0060325149597598
2641,1.0226098384742923
2642,1.0053321118305765
2643,1.0085103106959439
2644,1.0221398979178073
2645,1.0027407155170367
2646,1.0092068842169968
2647,1.0206283125802467
2648,1.021213715255706
2649,1.0047297873456296
2650,1.0189062015440071
2651,1.0099945045407217
2652,1.0069904503607674
2653,1.0023251017358699
2654,1.0075594006471784
2655,1.0093201714548254
2656,1.0009160585287242
2657,1.0179102499688601
2658,1.0068367201993744
2659,1.051688002296449
2660,1.002739099519132
2661,1.0064702778668089
2662,1.0243560613516978
2663,1.0250855691576586
2664,1.0175581785268797
2665,1.048991373255742
2666,1.0085509502085288
2667,1.0150206453531931
2668,1.0107195819437598
2669,1.0040785250910673
2670,1.0052203520576712
2671,1.0030229555493944
2672,1.0111339845372491
2673,1.0076427115382003
2674,1.0207930672843912
2675,1.0045757425029649
2676,1.0318182832784175
2677,1.0126987485535035
2678,1.0047304148264626
2679,1.0052072468204016
2680,1.0093324541876219
2681,1.0092366753915902
2682,1.0360863317893427
2683,1.0070669360320859
2684,1.0041999282582708
2685,1.0033831934862398
2686,1.0107640779741558
2687,1.0124876931161277
2688,1.0164060580551875
2689,1.009631922406345
2690,1.0140884537538268
2691,1.016519517542681
2692,1.0154050551753175
2693,1.0092094323550709
2694,1.0424862823584857
2695,1.0575061365272609
2696,1.0064934129382836
2697,1.0123638153704826
2698,1.0190266085075446
2699,1.0253274553843097
2700,1.0088286627289809
2701,1.0491061777412607
2702,1.0022349382502653
2703,1.0158113957640114
2704,1.0095664510224704
2705,1.0151608655897797
2706,1.003071558941005
2707,1.00855633657176
2708,1.0152154686631152
2709,1.025627041245224
2710,1.034969440849946
2711,1.014573036779977
2712,1.0043693871539376
2713,1.0023744136307844
2714,1.0592543099810605
2715,1.00372887604441
2716,1.017994688778175
2717,1.001646491172151
2718,1.0310947027552995
2719,1.0185449665576403
2720,1.0035764017202697
2721,1.0170266971432196
2722,1.0134401508096769
2723,1.0808314916175081
2724,1.0221398979178073
2725,1.0212912109755894
2726,1.002019401089987
2727,1.012395356752363
2728,1.013905751329487
2729,1.060845650169912
2730,1.021567318688181
2731,1.017377687749787
2732,1.0117968314716734
2733,1.0065217052290052
2734,1.0090724140830063
2735,1.0239306180521357
2736,1.0177855879420037
2737,1.000678222421893
2738,1.0017049199597652
2739,1.0138131479888786
2740,1.0099762726466377
2741,1.0481889111765605
2742,1.0302481210412404
2743,1.0060920651157734
2744,1.0326251211529491
2745,1.0068087943377169
2746,1.0331013420157118
2747,1.0066450459889438
2748,1.0042503979464323
2749,1.0321940221761106
2750,1.0063275976312895
2751,1.0070535319081728
2752,1.0333156731884257
2753,1.0102968727583206
2754,1.006271270997428
2755,1.0035701836866626
2756,1.010904574360806
2757,1.0027423941621603
2758,1.037789255433965
2759,1.0036332985678582
2760,1.0121456669370115
2761,1.0049829517349484
2762,1.0043497953971368
2763,1.016935803251372
2764,1.0034721082350337
2765,1.0310196279731212
2766,1.0145384653557954
2767,1.0100971852572136
2768,1.0039890149688995
2769,1.0034785450132149
2770,1.00921268628027
2771,1.0083962258748809
2772,1.019161833265049
2773,1.011369200225153
2774,1.0063763848104428
2775,1.0439720419812375
2776,1.0075327108643455
2777,1.0050606251173855
2778,1.0047453807349267
2779,1.0068844735879208
2780,1.0232481179472828
2781,1.0093618075697137
2782,1.0522878234286777
2783,1.0093615175888835
2784,1.0174614678734564
2785,1.003431055712989
2786,1.0649022572544673
2787,1.0085103106959439
2788,1.0065322084689288
2789,1.007226803385768
2790,1.0106525205689723
2791,1.0130878864850268
2792,1.0011502439439164
2793,1.0086786235208942
2794,1.0009160585287242
2795,1.0021666197323862
2796,1.007518421495748
2797,1.0147894196571692
2798,1.0136869782017357
2799,1.0503001663444564
2800,1.0234114238845975
2801,1.0093323353762367
2802,1.0331760078042704
2803,1.0246044199725006
2804,1.0657482518476016
2805,1.014682767396938
2806,1.0088954409085238
2807,1.0021638339339403
2808,1.0131478514907393
2809,1.0096018531043705
2810,1.0146997648191736
2811,1.008433689442751
2812,1.0111122728142552
2813,1.009189650292722
2814,1.0377310852557102
2815,1.0129009779741391
2816,1.00855633657176
2817,1.0251485661769348
2818,1.0152785941516165
2819,1.0253258257172086
2820,1.003028443525337
2821,1.0163890197153633
2822,1.092358493627869
2823,1.016013006833253
2824,1.014686812348703
2825,1.0227754327206147
2826,1.0105592529446128
2827,1.0112859878772364
2828,1.0113964872452488
2829,1.0195514566128128
2830,1.0050445127418073
2831,1.0125594694100681
2832,1.009003079580887
2833,1.0089012114707825
2834,1.0466335982662929
2835,1.010624762259723
2836,1.054935948702511
2837,1.0237332501701282
2838,1.0178432963442385
2839,1.039950417894157
2840,1.014573036779977
2841,1.0058714877479453
2842,1.0146941573273496
2843,1.0259427862080783
2844,1.014828317445323
2845,1.0154892662838086
2846,1.0320583747637506
2847,1.00615507052542
2848,1.0170449948893021
2849,1.004479682470759
2850,1.0220359603459825
2851,1.011747566742085
2852,1.0250686993421276
2853,1.0181629501072134
2854,1.0282969783518314
2855,1.0140983232910497
2856,1.0227995069651445
2857,1.0497665467112431
2858,1.0500628134039622
2859,1.005828108747667
2860,1.016853186427239
2861,1.0576510878533512
2862,1.019782140448527
2863,1.0073343766172485
2864,1.009065897274876
2865,1.021950793785282
2866,1.0066436097974583
2867,1.0062643498581003
2868,1.0283113744031704
2869,1.017105850518554
2870,1.003833291560156
2871,1.0076359191430062
2872,1.0278923235468307
2873,1.0007305978843974
2874,1.0088561304331831
2875,1.036725398634324
2876,1.0169385728434979
2877,1.0444151758224436
2878,1.0149118699073956
2879,1.004998675264265
2880,1.0052419770515126
2881,1.0150069035265776
2882,1.021213715255706
2883,1.085624237126349
2884,1.0137792027601837
2885,1.0066148687303667
2886,1.026570800201741
2887,1.0379956822900909
2888,1.0327510385787044
2889,1.0140485900933398
2890,1.0044425014678915
2891,1.0110337901398057
2892,1.0094837425570793
2893,1.0589076627795502
2894,1.0035706563304418
2895,1.0391935589256929
2896,1.0334882634052276
2897,1.0135399592991816
2898,1.0954985484591464
2899,1.0083909662499806
2900,1.0065298229229807
2901,1.0113424395926236
2902,1.0032315038621886
2903,1.003846099546454
2904,1.0128451704059585
2905,1.0130729833625123
2906,1.0057336140915598
2907,1.0275468471419276
2908,1.0086314603654847
2909,1.0960140034240178
2910,1.0119286295107495
2911,1.0193955092977138
2912,1.006368094483885
2913,1.0035706563304418
2914,1.0065274210263435
2915,1.0206818699018105
2916,1.0031821172759559
2917,1.0098299277782652
2918,1.0126964106908554
2919,1.0007597098223378
2920,1.0102798475469066
2921,1.016939551092776
2922,1.0497950196939696
2923,1.0021638339339403
2924,1.0107640779741558
2925,1.014450316376406
2926,1.0112954760217459
2927,1.0445490837243305
2928,1.0089189733525423
2929,1.0503467696433828
2930,1.0139173205164087
2931,1.00767218302967
2932,1.0081485930703848
2933,1.0167886879143848
2934,1.0140485900933398
2935,1.0797929321382445
2936,1.0123616916112852
2937,1.0022437168796667
2938,1.0048366497209897
2939,1.025121787588398
2940,1.017632576093519
2941,1.0069627598459674
2942,1.0284160370688307
2943,1.0101887877131914
2944,1.015211965542935
2945,1.0026959298872302
2946,1.0222883043853204
2947,1.0704760356815248
2948,1.01698364249285
2949,1.007251916527367
2950,1.0576510878533512
2951,1.0060208740740197
2952,1.0066244451883029
2953,1.011369701610073
2954,1.0264326435758344
2955,1.031697361748946
2956,1.0166721386919308
2957,1.0190820458152137
2958,1.0020981949318117
2959,1.0112771929965283
2960,1.0302478893881672
2961,1.017889086141609
2962,1.0205522954323096
2963,1.0120609383329373
2964,1.0011009426705568
2965,1.03065635169417
2966,1.0302481210412404
2967,1.00274226627481
2968,1.0424788013962858
2969,1.005828108747667
2970,1.0270273759364086
2971,1.0029938349365475
2972,1.0103787640728157
2973,1.0094873932617987
2974,1.0033398160035916
2975,1.005127723776711
2976,1.0164310837562016
2977,1.0778230351280298
2978,1.0165536120214496
2979,1.0180585049891728
2980,1.0037781522695453
2981,1.0107275979350456
2982,1.0065717769669882
2983,1.0050445127418073
2984,1.0103978912509073
2985,1.012568643894253
2986,1.0233928971055124
2987,1.0071729005662742
2988,1.0015376633231055
2989,1.022267358158512
2990,1.0497000120259887
2991,1.0284331717531474
2992,1.0086993827814896
2993,1.0071934718285755
2994,1.0095321482457578
2995,1.0065676826177048
2996,1.0139882337135102
2997,1.004431109614781
2998,1.0040080560847928
2999,1.047129804654395
3000,1.05161501760669
3001,1.008276455526196
3002,1.012991935299108
3003,1.0737290249850318
3004,1.0039600866530494
3005,1.0082356688233005
3006,1.0050347866869456
3007,1.0070081765000574
3008,1.0283301842160608
3009,1.0131478514907393
3010,1.0097284032640723
3011,1.0262003617366637
3012,1.0108890766841205
3013,1.01590522294265
3014,1.0048334465847792
3015,1.0052547499711473
3016,1.0242053691176054
3017,1.017430568081654
3018,1.048991373255742
3019,1.0331400076515789
3020,1.0144582755753637
3021,1.012310866321643
3022,1.038294165301091
3023,1.0163323780725317
3024,1.020528544173461
3025,1.0128570560764034
3026,1.033287336191254
3027,1.0136890251305906
3028,1.0062626683540974
3029,1.0118458448609304
3030,1.0081439007011623
3031,1.0223425249539397
3032,1.0099668165897904
3033,1.0029629524790917
3034,1.0341553970520652
3035,1.0042248011642652
3036,1.0577757019984142
3037,1.0132260739465717
3038,1.0025636189199432
3039,1.0060172079185237
3040,1.0084530448036004
3041,1.016182920242134
3042,1.0092169324361795
3043,1.0012840769763596
3044,1.0253274553843097
3045,1.0104500225436996
3046,1.015711720952987
3047,1.0034785450132149
3048,1.0265944875663575
3049,1.0136250176712953
3050,1.0048323003902528
3051,1.0128232758547921
3052,1.015510475204428
3053,1.046435515952584
3054,1.0230759674578045
3055,1.0174435171306608
3056,1.009077978413079
3057,1.0083962258748809
3058,1.0031304237010081
3059,1.0095393131339616
3060,1.033287336191254
3061,1.0027407155170367
3062,1.0083245732462136
3063,1.0060438266549931
3064,1.0169125796274237
3065,1.0139482613944921
3066,1.0339685998269563
3067,1.0066450459889438
3068,1.0119829780591039
3069,1.0096835336378256
3070,1.0320991700104114
3071,1.0417542643162594
3072,1.0127468412194545
3073,1.0320811722994272
3074,1.0490771284421154
3075,1.0024319626990654
3076,1.0075327108643455
3077,1.0076410868552519
3078,1.0146502728287667
3079,1.0015005388434481
3080,1.0119629458328414
3081,1.0208400246167433
3082,1.0113424395926236
3083,1.008873755947547
3084,1.0110511596608174
3085,1.013066259894428
3086,1.0434425366547198
3087,1.008542388018987
3088,1.0124395251247025
3089,1.01137828798135
3090,1.0074585516653483
3091,1.039950417894157
3092,1.0064702778668089
3093,1.0109907665873126
3094,1.0336966517318633
3095,1.0011199719791701
3096,1.004280015931316
3097,1.004539035919082
3098,1.0172217165200779
3099,1.0079135574976412
3100,1.0111413910408626
3101,1.0109531833206427
3102,1.0503001663444564
3103,1.0043340862564925
3104,1.0217213832195269
3105,1.022889541274962
3106,1.0111470178964508
3107,1.010728858878736
3108,1.003701089496431
3109,1.020913973408175
3110,1.0225663071955062
3111,1.0019982195587955
3112,1.004763975470209
3113,1.0024701123573088
3114,1.0084534351885204
3115,1.0032686761451302
3116,1.0226098384742923
3117,1.0035049629065071
3118,1.0464068938579945
3119,1.0037056817207906
3120,1.0172670304511537
3121,1.0180999101507757
3122,1.0177483319925487
3123,1.0093820452404596
3124,1.0034803494100186
3125,1.0218158182193864
3126,1.0336966517318633
3127,1.0033198654813686
3128,1.0340399957238946
3129,1.0464068938579945
3130,1.0006157998847987
3131,1.0212765725375723
3132,1.0142153690852054
3133,1.0236180653969722
3134,1.0183101211890602
3135,1.03211779287115
3136,1.012083959197176
3137,1.0339308681373052
3138,1.013230820733364
3139,1.0156448991753202
3140,1.0122365267341134
3141,1.0123978326627616
3142,1.013040503211559
3143,1.0181579547567439
3144,1.0185620455411248
3145,1.00855633657176
3146,1.0052404560879602
3147,1.0051630131738276
3148,1.0029008968142143
3149,1.019606620029591
3150,1.009466209693572
3151,1.0064702778668089
3152,1.0143071291919052
3153,1.0070669360320859
3154,1.0055908051029454
3155,1.0264257864990154
3156,1.022889541274962
3157,1.0085008362037005
3158,1.0086524408711264
3159,1.0287026537219777
3160,1.0230549044198822
3161,1.010056770904825
3162,1.0311200320455856
3163,1.0087113688187903
3164,1.0128187010949739
3165,1.0739273126152329
3166,1.0075682150746257
3167,1.023606833582673
3168,1.0169222751294145
3169,1.0379853542250055
3170,1.009600249573919
3171,1.0148224179647003
3172,1.0026787065776228
3173,1.0043968951832827
3174,1.0960140034240178
3175,1.0108943719606
3176,1.0064523694684697
3177,1.0152468100184222
3178,1.0197607214960505
3179,1.000774872726325
3180,1.0047544224482012
3181,1.0057361121195807
3182,1.0215627257805533
3183,1.0100042531367255
3184,1.0315931319048701
3185,1.0053564005272344
3186,1.0242410801578177
3187,1.035749312637123
3188,1.0060203642000711
3189,1.0107275979350456
3190,1.0025688625682827
3191,1.002079622834913
3192,1.0204723565303324
3193,1.0339686982361656
3194,1.0954985484591464
3195,1.01542494573708
3196,1.0214207296479034
3197,1.009839526823224
3198,1.0073532445085533
3199,1.0100286939101186
3200,1.0195969882827471
3201,1.0075510576766233
3202,1.0072835227890014
3203,1.0299740165395528
3204,1.0088682051964208
3205,1.0144581552479088
3206,1.025745094302778
3207,1.0102688238348765
3208,1.0252483433498278
3209,1.0309723671526798
3210,1.002019401089987
3211,1.0296792781732593
3212,1.0084599108329144
3213,1.0335571716588305
3214,1.0196922443510574
3215,1.0051556852323753
3216,1.0086600059516848
3217,1.025121787588398
3218,1.0100531265135586
3219,1.048130910877418
3220,1.0377199415047536
3221,1.006137245775599
3222,1.0075433853529778
3223,1.0047806692016843
3224,1.009512651893083
3225,1.0075992198887709
3226,1.0097990189356765
3227,1.006455506773313
3228,1.0567687788912932
3229,1.003049731038299
3230,1.0071992077103824
3231,1.0088269624165616
3232,1.010290284246156
3233,1.0057880803491235
3234,1.0130202697834045
3235,1.0119091037662675
3236,1.0178474378408966
3237,1.0081358914929244
3238,1.0152217745157177
3239,1.008276455526196
3240,1.0342258571435992
3241,1.0029222535819085
3242,1.0388679308007924
3243,1.0105801451325638
3244,1.0171028171870693
3245,1.0306263312142152
3246,1.0052072468204016
3247,1.0384467973495966
3248,1.0174174577451287
3249,1.0598960765308267
3250,1.0121903333049473
3251,1.0240246197205618
3252,1.0581528185536575
3253,1.018077387106412
3254,1.0035857158728507
3255,1.0136756430004765
3256,1.0087691819649827
3257,1.02164848307198
3258,1.0079982442859063
3259,1.0083905956493984
3260,1.002823446165742
3261,1.0051082854613589
3262,1.0169222751294145
3263,1.0116840099234496
3264,1.017823235996619
3265,1.0453205201661386
3266,1.004140874814269
3267,1.005953629657999
3268,1.0109424703796406
3269,1.0584022975230223
3270,1.0310041330216262
3271,1.012532640721111
3272,1.0049781074752895
3273,1.0788717559669612
3274,1.007874278402198
3275,1.007744759587982
3276,1.0052825382515207
3277,1.0105807624511194
3278,1.0345669668314352
3279,1.0104008267603295
3280,1.0120421946665867
3281,1.014288312741686
3282,1.0075706952626762
3283,1.0101743885565149
3284,1.0379853542250055
3285,1.0045724087469394
3286,1.0062518405279937
3287,1.0430124675904675
3288,1.0280514997441665
3289,1.0184538864373622
3290,1.0042805260354701
3291,1.071877950097451
3292,1.015466991434326
3293,1.0404762466256225
3294,1.0097165176119964
3295,1.0254967504935615
3296,1.0047297873456296
3297,1.0171875296727515
3298,1.0051459039719624
3299,1.0280514997441665
3300,1.023006282755431
3301,1.012090498485498
3302,1.014923542985355
3303,1.0099072196475636
3304,1.0339686982361656
3305,1.0149571322301607
3306,1.0311200320455856
3307,1.0033299868258578
3308,1.0364433615462145
3309,1.0096443523963432
3310,1.0099967412415065
3311,1.0146591881312208
3312,1.0050606251173855
3313,1.0365811489635772
3314,1.0176007562986409
3315,1.0124096668909754
3316,1.0171465817768195
3317,1.0431200289823501
3318,1.0237332501701282
3319,1.0200891684907423
3320,1.018374475357785
3321,1.01593847889854
3322,1.0168356543652453
3323,1.0395549296980777
3324,1.002678264715572
3325,1.0261863009050978
3326,1.0799013707693543
3327,1.0112511020546393
3328,1.0179626997512818
3329,1.0030166788573216
3330,1.0460162531929795
3331,1.0076535750964306
3332,1.0336966517318633
3333,1.0252443097398853
3334,1.0053666619486743
3335,1.0327510385787044
3336,1.0088257531283527
3337,1.0276333697677178
3338,1.0121290281620128
3339,1.054935948702511
3340,1.006340026009054
3341,1.010099800415938
3342,1.0183838071504725
3343,1.0288262519484872
3344,1.0098910878949257
3345,1.0156312963690628
3346,1.0058285199448338
3347,1.0176032674387654
3348,1.0202580924107711
3349,1.0042503979464323
3350,1.0070199490642402
3351,1.0336966517318633
3352,1.025627041245224
3353,1.007806821922784
3354,1.0138466130148134
3355,1.003364614401749
3356,1.0181595536153973
3357,1.0049951434588404
3358,1.0083413500752043
3359,1.0086805794517897
3360,1.011489237758931
3361,1.0304859880185102
3362,1.0260397946558173
3363,1.025787529143506
3364,1.0592543099810605
3365,1.0260397946558173
3366,1.0067594309916341
3367,1.0099721214653856
3368,1.012500007579524
3369,1.0174614678734564
3370,1.0049106956341924
3371,1.0161586694782634
3372,1.0179626997512818
3373,1.0164831275242587
3374,1.0052547499711473
3375,1.0055353305400665
3376,1.0071006222115535
3377,1.0201970284006607
3378,1.0386869364935856
3379,1.0114505666659264
3380,1.0265811280468378
3381,1.0129604910764232
3382,1.0108352851454514
3383,1.0154025692841249
3384,1.0119074542045579
3385,1.0358887494734141
3386,1.0012513228978717
3387,1.0148026824970782
3388,1.0402949658112128
3389,1.0089175150617957
3390,1.023006282755431
3391,1.007392734753795
3392,1.0109205155615029
3393,1.028157611518261
3394,1.017654669064946
3395,1.006455506773313
3396,1.0083851167608537
3397,1.0167173982148336
3398,1.0649022572544673
3399,1.0194157664291306
3400,1.011592560650125
3401,1.0115819393915555
3402,1.0073532445085533
3403,1.0064455321631953
3404,1.0243560613516978
3405,1.016292430246363
3406,1.0075483927515083
3407,1.0075187849881075
3408,1.0114448920702903
3409,1.0088156365013772
3410,1.0063772994134428
3411,1.0079870899103598
3412,1.0356568450618175
3413,1.0123135829283545
3414,1.0140884537538268
3415,1.0142422199524626
3416,1.0017049199597652
3417,1.0314261573122974
3418,1.014750136623295
3419,1.0064925350911549
3420,1.0668293380037939
3421,1.0159619574620231
3422,1.0161930640540806
3423,1.0082509614617077
3424,1.0683596276695093
3425,1.0484329274144153
3426,1.0092442883500385
3427,1.0018667031838422
3428,1.0113354455533825
3429,1.0044684443037326
3430,1.0104999454351575
3431,1.007844080329671
3432,1.0154658862649284
3433,1.0119629458328414
3434,1.0309723671526798
3435,1.00855633657176
3436,1.0260397946558173
3437,1.0788717559669612
3438,1.0065274210263435
3439,1.0047063321570935
3440,1.016860857805094
3441,1.0115846352616735
3442,1.0091059152387905
3443,1.0226098384742923
3444,1.0105940305157268
3445,1.0178716814887216
3446,1.0062670923195862
3447,1.0063377233774071
3448,1.0242649876924945
3449,1.0104622957880838
3450,1.0221840021400788
3451,1.0487245655927742
3452,1.0070199490642402
3453,1.0350517518676021
3454,1.0223425249539397
3455,1.001423445114092
3456,1.0116656332896892
3457,1.0732094962049596
3458,1.0031821172759559
3459,1.0097252858715369
3460,1.0026313370929414
3461,1.00499833033208
3462,1.00536754599032
3463,1.00882365757254
3464,1.0017126145926634
3465,1.0192298287333543
3466,1.0096018531043705
3467,1.0224453596221939
3468,1.0096446789935005
3469,1.0465867197583043
3470,1.0136480927856817
3471,1.0086364673223558
3472,1.0181579547567439
3473,1.0280509532885616
3474,1.006018997242393
3475,1.019990202107438
3476,1.0022349382502653
3477,1.0286768532094817
3478,1.0203771366727765
3479,1.0100531265135586
3480,1.0113554846010784
3481,1.0716004650648134
3482,1.0084287242457124
3483,1.0130536229432912
3484,1.0175729966204319
3485,1.0179261959549932
3486,1.0218572288580863
3487,1.0133731574640512
3488,1.0970478605862655
3489,1.015510475204428
3490,1.0092888169436611
3491,1.0048646593868507
3492,1.0060831618585484
3493,1.0035255422050369
3494,1.009631922406345
3495,1.0162569905552772
3496,1.0158202083269516
3497,1.013783761099369
3498,1.0067489374884961
3499,1.0280509532885616
3500,1.0146416644027048
3501,1.0311200320455856
3502,1.0136196151771775
3503,1.014319828527335
3504,1.0415627610815394
3505,1.010620398380244
3506,1.0123648427490912
3507,1.0074342256961433
3508,1.0089456898843185
3509,1.0246013249900627
3510,1.017632576093519
3511,1.0051630131738276
3512,1.0257782467852228
3513,1.0318927273754406
3514,1.0122788468893333
3515,1.0104236074117443
3516,1.0226187899102843
3517,1.06375452682326
3518,1.006284727413949
3519,1.0095636106311245
3520,1.0099041837539486
3521,1.0282969783518314
3522,1.0031604756739276
3523,1.0112746392963343
3524,1.0279151984973032
3525,1.0048123964927198
3526,1.0052419770515126
3527,1.044136846452038
3528,1.0231480393458083
3529,1.0106299525736688
3530,1.0137343693916787
3531,1.0168578857769066
3532,1.0159408021782523
3533,1.0076410868552519
3534,1.021385222941532
3535,1.006628203307601
3536,1.006196231694247
3537,1.005261080198059
3538,1.0170831083809344
3539,1.0132260739465717
3540,1.0233928971055124
3541,1.0415901997579131
3542,1.0218279072288758
3543,1.012759334586002
3544,1.0169577202529105
3545,1.0050347866869456
3546,1.0053347960322367
3547,1.0081551930091972
3548,1.01137828798135
3549,1.0122697842765727
3550,1.0075496116558296
3551,1.0034495214540724
3552,1.0355718250577255
3553,1.0281779879929747
3554,1.010430340074396
3555,1.0439720419812375
3556,1.0212423862608397
3557,1.0164060580551875
3558,1.0141794658433556
3559,1.0108771302809438
3560,1.0095029619317306
3561,1.002861378525415
3562,1.0096376416221193
3563,1.0164831275242587
3564,1.0231274115044098
3565,1.0300488290255319
3566,1.0484865473763259
3567,1.0036941858747621
3568,1.0142895708100577
3569,1.006134478328422
3570,1.016665793634742
3571,1.051688002296449
3572,1.0040949176252696
3573,1.004539035919082
3574,1.0081068917772131
3575,1.0073571680386357
3576,1.0099360650412097
3577,1.0196339430005175
3578,1.020756195909922
3579,1.011284938292515
3580,1.026617931011186
3581,1.0054557042468677
3582,1.0069198550442655
3583,1.0259150771972732
3584,1.0206329283597888
3585,1.0128687214558214
3586,1.0065730714901115
3587,1.068112832937495
3588,1.0058511242359662
3589,1.0082316143985024
3590,1.0118814800047204
3591,1.06375452682326
3592,1.0084171638769128
3593,1.008572423074798
3594,1.0032686761451302
3595,1.0227010680271227
3596,1.020909051414924
3597,1.00588275256977
3598,1.0032328992375361
3599,1.0052243539284729
3600,1.0453985307960656
3601,1.0080666641418687
3602,1.012405875718904
3603,1.0180999101507757
3604,1.0192205582348526
3605,1.0194192594992957
3606,1.000645950074503
3607,1.009003079580887
3608,1.0304335602889811
3609,1.0318170683871348
3610,1.0157683367383765
3611,1.011642311311039
3612,1.0128840024338992
3613,1.0147269574451552
3614,1.008673766479834
3615,1.009226666193737
3616,1.0142009641561482
3617,1.0486831519622695
3618,1.009684001124971
3619,1.007377055695829
3620,1.0133532086984645
3621,1.000392170950318
3622,1.0346309850838387
3623,1.0355577996536962
3624,1.0805858361611318
3625,1.022279076755046
3626,1.0646330721873805
3627,1.0117968314716734
3628,1.0287999838364172
3629,1.0243463547483824
3630,1.0110001608334078
3631,1.00834614432875
3632,1.0216588841837688
3633,1.015835181480063
3634,1.030283057899991
3635,1.0091636448744536
3636,1.0068317773886784
3637,1.009466209693572
3638,1.0262243131440403
3639,1.0181629501072134
3640,1.0107195819437598
3641,1.0103286979617203
3642,1.0125760727828352
3643,1.0099814902112032
3644,1.0189062015440071
3645,1.0097361599039076
3646,1.0442123068711755
3647,1.0925720759718909
3648,1.0183712531138818
3649,1.0224642884948523
3650,1.008304900131461
3651,1.00318507008198
3652,1.0145384653557954
3653,1.0271527124577648
3654,1.0178830218281074
3655,1.004870484876385
3656,1.0167886879143848
3657,1.007961395169335
3658,1.015844019973759
3659,1.0052835810039338
3660,1.0171942459252619
3661,1.0069627598459674
3662,1.0136219728787925
3663,1.0032702801944169
3664,1.0088156365013772
3665,1.009631922406345
3666,1.0141587811761497
3667,1.0187296613047503
3668,1.03914604760227
3669,1.0515449121608311
3670,1.0080573729882536
3671,1.0101313491257102
3672,1.023284761421517
3673,1.0150069035265776
3674,1.0040759917166735
3675,1.0037401743508727
3676,1.0046210590473363
3677,1.0288262519484872
3678,1.0312105198969814
3679,1.0799013707693543
3680,1.011983648284595
3681,1.0040409259618668
3682,1.0121903333049473
3683,1.0023251017358699
3684,1.003319327617392
3685,1.0076359191430062
3686,1.0017126145926634
3687,1.0135988878566413
3688,1.0039378707740838
3689,1.0068104412892085
3690,1.0018708606496902
3691,1.0776953157414708
3692,1.033343213682788
3693,1.0326542978550082
3694,1.0576510878533512
3695,1.026804153009791
3696,1.012259558239474
3697,1.0092530642758486
3698,1.0466335982662929
3699,1.0283301842160608
3700,1.0064934129382836
3701,1.0360617742843379
3702,1.0100651657319448
3703,1.00092861997475
3704,1.0092692693930418
3705,1.0047544224482012
3706,1.0027560214703501
3707,1.0188553977196566
3708,1.0175729966204319
3709,1.0112823522931311
3710,1.007226803385768
3711,1.0188341792632551
3712,1.0383838854922116
3713,1.0021634945136404
3714,1.009398740678275
3715,1.010620398380244
3716,1.0140819932341627
3717,1.0305723174739054
3718,1.009123818116912
3719,1.0023463453813073
3720,1.0258005830896912
3721,1.0127584503865523
3722,1.012991865799384
3723,1.0042503979464323
3724,1.0040235079118538
3725,1.0253899735127576
3726,1.0354344284895818
3727,1.022224091369563
3728,1.00815112663924
3729,1.0107640779741558
3730,1.012351835377754
3731,1.0421145595797605
3732,1.0088488544353684
3733,1.03705604119933
3734,1.0194202619828614
3735,1.0176699399115297
3736,1.005261080198059
3737,1.0090306551013135
3738,1.0066244451883029
3739,1.020820841940148
3740,1.0161220090214182
3741,1.003164726071832
3742,1.0101743885565149
3743,1.014163857329732
3744,1.0040785250910673
3745,1.0047666246956561
3746,1.0111617235788384
3747,1.0071369565064088
3748,1.0281779879929747
3749,1.001628616729003
3750,1.0168673720470713
3751,1.0149817859289223
3752,1.0251485661769348
3753,1.0141440079036388
3754,1.0154807618748307
3755,1.0227010680271227
3756,1.0190268863349459
3757,1.0170973923898996
3758,1.0063128445314542
3759,1.0109119633426398
3760,1.0029938349365475
3761,1.0105279685877686
3762,1.0089142529626303
3763,1.0096356557560706
3764,1.00536754599032
3765,1.0069157095167325
3766,1.0368733494068731
3767,1.0075788108316595
3768,1.0093615175888835
3769,1.0124834048835178
3770,1.0151149864831561
3771,1.0183739832254721
3772,1.0152468100184222
3773,1.0113554846010784
3774,1.0155123977674976
3775,1.0050347866869456
3776,1.012083959197176
3777,1.013585772713667
3778,1.002433482352708
3779,1.0088074773102145
3780,1.007477638773103
3781,1.0030769633613912
3782,1.0088682051964208
3783,1.0066737906950565
3784,1.009515250256302
3785,1.0065101574158613
3786,1.0134199622160527
3787,1.005261080198059
3788,1.007823946612329
3789,1.0267301693601592
3790,1.0067464843734795
3791,1.063129349725937
3792,1.0051497068463664
3793,1.0434177311766308
3794,1.020850209792094
3795,1.012259558239474
3796,1.0045545725126734
3797,1.0175940583758307
3798,1.0126964106908554
3799,1.0394212603645967
3800,1.0065611849084541
3801,1.03483127124493
3802,1.015172988723098
3803,1.0069977164038049
3804,1.0104571714190125
3805,1.006347707071742
3806,1.0103996375539201
3807,1.0167532407918123
3808,1.0646330721873805
3809,1.0290878197423694
3810,1.0147152937854818
3811,1.0065395713906269
3812,1.0064639361908245
3813,1.0368733494068731
3814,1.029616674508657
3815,1.0099721214653856
3816,1.0076083586661857
3817,1.002135900409735
3818,1.0046947178160737
3819,1.0096830494404276
3820,1.0127734456953839
3821,1.0031523435169234
3822,1.0070058166828693
3823,1.0118060227569097
3824,1.0034503319220853
3825,1.0233890711820348
3826,1.0056095062946222
3827,1.0113964872452488
3828,1.0052160473048057
3829,1.0058330864747438
3830,1.0077530231129863
3831,1.0998394791185155
3832,1.011842362115625
3833,1.032724613423719
3834,1.0116743922028562
3835,1.021482015567918
3836,1.0157265767150445
3837,1.005261080198059
3838,1.0168673720470713
3839,1.0268545807546752
3840,1.038672229796816
3841,1.0240923302177989
3842,1.011618432724464
3843,1.0290744391200022
3844,1.0074585516653483
3845,1.0175102461925232
3846,1.0453205201661386
3847,1.003328842008187
3848,1.0128709042983108
3849,1.0031142100039507
3850,1.0065395713906269
3851,1.0047472163222968
3852,1.0075788108316595
3853,1.02408235934949
3854,1.0043693871539376
3855,1.003234088080873
3856,1.0252443097398853
3857,1.0158601730015309
3858,1.0111594655148617
3859,1.0102173770268061
3860,1.0330238854830007
3861,1.0311200320455856
3862,1.0553473093121146
3863,1.0054056843296584
3864,1.0007597098223378
3865,1.0077838033421822
3866,1.0041091171622993
3867,1.0061076673739042
3868,1.0515449121608311
3869,1.0062134442720911
3870,1.030760643754479
3871,1.0104150135628658
3872,1.0046293741148449
3873,1.008807640657154
3874,1.0053119257358611
3875,1.0071713641572764
3876,1.0423035473731215
3877,1.0157849025978274
3878,1.007251916527367
3879,1.0049557205761075
3880,1.0114293672296357
3881,1.0045620588443185
3882,1.0104008267603295
3883,1.0151329838537992
3884,1.007887330120028
3885,1.0393714310277522
3886,1.009762460646442
3887,1.0173591086998854
3888,1.0097560443976517
3889,1.0083150308999687
3890,1.0103046205419735
3891,1.0211462555521786
3892,1.0293032294676985
3893,1.0503001663444564
3894,1.028105365650261
3895,1.0049154146547385
3896,1.0036955981506295
3897,1.0059167853991033
3898,1.0184465823555333
3899,1.0099762726466377
3900,1.0170504589077316
3901,1.0239117741329067
3902,1.0349009853286217
3903,1.0094735381216333
3904,1.0108237821779944
3905,1.0149629157685078
3906,1.0143958905783843
3907,1.0065524061497573
3908,1.011143020487206
3909,1.0106955356798553
3910,1.0577757019984142
3911,1.0107275979350456
3912,1.0576458350712892
3913,1.0109508035076014
3914,1.0085862058863575
3915,1.0076426704274892
3916,1.008873402114683
3917,1.0032234856165323
3918,1.0077091730526846
3919,1.001360019486999
3920,1.032057577444014
3921,1.0075510576766233
3922,1.0253258257172086
3923,1.0177647291812817
3924,1.0380033564442481
3925,1.0055353305400665
3926,1.0012681790591242
3927,1.025486024746093
3928,1.0079982442859063
3929,1.044264905285259
3930,1.0088561304331831
3931,1.0076359191430062
3932,1.0125594694100681
3933,1.0149817859289223
3934,1.0247720464190673
3935,1.0581528185536575
3936,1.0198610215852209
3937,1.0030166788573216
3938,1.003219565717856
3939,1.0127879626305185
3940,1.0076057758433505
3941,1.0184427866457788
3942,1.004461569216639
3943,1.010164156243265
3944,1.0134199622160527
3945,1.0058059605951863
3946,1.0111208992612792
3947,1.0124876931161277
3948,1.0058511242359662
3949,1.0123238146126197
3950,1.0061800344509149
3951,1.0185449665576403
3952,1.0071142082707445
3953,1.0057862524552847
3954,1.0066550755906316
3955,1.0110335351479505
3956,1.0109371712429247
3957,1.0076107752420909
3958,1.020598052725969
3959,1.0225249276888457
3960,1.0384467973495966
3961,1.0011274585631733
3962,1.0494028593956175
3963,1.0092971229533425
3964,1.027237311606766
3965,1.0308338798337058
3966,1.0070042102435488
3967,1.0047472163222968
3968,1.0439720419812375
3969,1.005953629657999
3970,1.011029798813767
3971,1.009096604762779
3972,1.009253481189895
3973,1.015660026967825
3974,1.057968366367255
3975,1.0071676460236954
3976,1.0235376706154053
3977,1.0167927564291297
3978,1.0192386881678162
3979,1.0117776069677926
3980,1.007392734753795
3981,1.0218572288580863
3982,1.0032328992375361
3983,1.0153300564950472
3984,1.009648950504216
3985,1.0042152150034631
3986,1.0159565665474322
3987,1.0009684982008606
3988,1.0103747070013134
3989,1.0183739832254721
3990,1.0076426704274892
3991,1.026804153009791
3992,1.0164767485870505
3993,1.021567318688181
3994,1.0077891848362266
3995,1.0238795579199522
3996,1.0089236428650532
3997,1.0354344284895818
3998,1.010121486513333
3999,1.0051630131738276
4000,1.006134478328422
4001,1.01137828798135
4002,1.004579498898068
4003,1.0066077883485078
4004,1.002861378525415
4005,1.01306727778427
4006,1.0173509495239597
4007,1.0892204789350959
4008,1.0033382202132468
4009,1.0185739055300946
4010,1.013957916357186
4011,1.014231710839007
4012,1.0138466130148134
4013,1.0376133591029972
4014,1.0133853068184762
4015,1.0103996375539201
4016,1.0200891684907423
4017,1.0054634656510362
4018,1.0062353479158779
4019,1.0056095062946222
4020,1.0114306462380211
4021,1.0088074773102145
4022,1.0161111095080175
4023,1.0115428709293621
4024,1.0024701123573088
4025,1.015207199818532
4026,1.0085078215787915
4027,1.0503001663444564
4028,1.0079135574976412
4029,1.0138193381514389
4030,1.0123676593381181
4031,1.002128805036138
4032,1.012728537955433
4033,1.0005589614438715
4034,1.085624237126349
4035,1.0052547499711473
4036,1.0052237141452232
4037,1.0147269574451552
4038,1.0023730074609438
4039,1.0146532368983905
4040,1.031194130181443
4041,1.0082791776654536
4042,1.0503001663444564
4043,1.0223425249539397
4044,1.0147152937854818
4045,1.00562471706352
4046,1.0061089919516195
4047,1.0172591209712878
4048,1.0092530642758486
4049,1.051230838927113
4050,1.0125958652141387
4051,1.0214207736290923
4052,1.0031770433517895
4053,1.0075992198887709
4054,1.0153060389889614
4055,1.0067368026589258
4056,1.0338519367732626
4057,1.0798265789233774
4058,1.0838205707652349
4059,1.0060724179738871
4060,1.0066311736635782
4061,1.0245173746470428
4062,1.0248550350613845
4063,1.0096018531043705
4064,1.002483043119341
4065,1.011626160195493
4066,1.0095393131339616
4067,1.0034750202246476
4068,1.0113964872452488
4069,1.0052503103891908
4070,1.0132014546482653
4071,1.0024395684645004
4072,1.0053666619486743
4073,1.0076571194069215
4074,1.0145384653557954
4075,1.0423402832734072
4076,1.0061987970102153
4077,1.0204540790742254
4078,1.0153300564950472
4079,1.0039795987218085
4080,1.0045474835310193
4081,1.008264232298615
4082,1.0065596164977344
4083,1.0227834951777386
4084,1.0076247578173567
4085,1.004722349934782
4086,1.014231710839007
4087,1.0087217446822976
4088,1.0084534351885204
4089,1.0358887494734141
4090,1.0152468100184222
4091,1.0363359986456206
4092,1.0424148285953019
4093,1.0108943719606
4094,1.0114306462380211
4095,1.014226822693292
4096,1.0523290568387818
4097,1.0103154274302308
4098,1.1261402290941853
4099,1.0004577247519724
4100,1.006860245161675
4101,1.0167730207569843
4102,1.001192496305395
4103,1.0165874193256323
4104,1.0227834951777386
4105,1.0204946545702012
4106,1.004228402967036
4107,1.009092837966794
4108,1.0102365658855192
4109,1.0139482613944921
4110,1.0095029619317306
4111,1.0094647924394107
4112,1.0115846352616735
4113,1.0314173360956416
4114,1.031928912008264
4115,1.0275468471419276
4116,1.007392734753795
4117,1.0836608904898597
4118,1.0108553233228394
4119,1.0107963866194412
4120,1.0203461573798138
4121,1.0131975413883183
4122,1.0150153084899172
4123,1.0048334465847792
4124,1.0086559226108867
4125,1.0050676083193175
4126,1.0175543725872214
4127,1.017045297959937
4128,1.0077373939651384
4129,1.0163680127209933
4130,1.0273365713503728
4131,1.009845059121828
4132,1.0104150135628658
4133,1.0064748558457492
4134,1.0236517523332092
4135,1.013905751329487
4136,1.0779381748840546
4137,1.005009619676606
4138,1.0009684982008606
4139,1.0071077639369668
4140,1.0287587917349013
4141,1.0074585516653483
4142,1.0559181556158046
4143,1.0051459039719624
4144,1.0230146541363698
4145,1.005882199704872
4146,1.0287026537219777
4147,1.007819577563173
4148,1.0220359603459825
4149,1.0152577170910049
4150,1.0398383332468517
4151,1.001615786938875
4152,1.0037125681120702
4153,1.0095140043440516
4154,1.073823557372527
4155,1.014849562844811
4156,1.0157955631584388
4157,1.0491257168130437
4158,1.003264856414677
4159,1.0061410529005634
4160,1.0036585413461558
4161,1.035160175278516
4162,1.016056530583559
4163,1.0071992077103824
4164,1.0421145595797605
4165,1.0089142529626303
4166,1.017823235996619
4167,1.0084974927945258
4168,1.0254011280218907
4169,1.031148648749664
4170,1.0270226935546027
4171,1.013792095093593
4172,1.0097139824713015
4173,1.0066312347812514
4174,1.0315382818465486
4175,1.0128451704059585
4176,1.015024610560111
4177,1.0146013973594357
4178,1.0029804439576961
4179,1.025851176628641
4180,1.0077514939198755
4181,1.0486136986268804
4182,1.023764695788553
4183,1.002587486579308
4184,1.0092971229533425
4185,1.0052882649487886
4186,1.0151924972485613
4187,1.017745565766262
4188,1.0542819022771834
4189,1.0093827961560629
4190,1.0279040990529114
4191,1.0349169578723256
4192,1.0111882339616276
4193,1.0076587528701022
4194,1.0072020155289485
4195,1.0144034291417592
4196,1.007251916527367
4197,1.0142680927588286
4198,1.008052866286391
4199,1.01231564162419
4200,1.0149571322301607
4201,1.0424788013962858
4202,1.010673116151262
4203,1.0317169248310347
4204,1.0091823403494975
4205,1.0154252485927542
4206,1.0127407201563705
4207,1.0034750202246476
4208,1.0108290018108497
4209,1.0062437287951007
4210,1.0220383211750768
4211,1.0081490826396626
4212,1.016824790827043
4213,1.0371100231632753
4214,1.0213155929613984
4215,1.048991373255742
4216,1.060845650169912
4217,1.0272631784891875
4218,1.0084923115926385
4219,1.0087717213340681
4220,1.0004821785942433
4221,1.012187274970027
4222,1.0310041330216262
4223,1.003159609821336
4224,1.0024087117997524
4225,1.008201071164224
4226,1.0101312189650435
4227,1.0205627214713844
4228,1.054129956554594
4229,1.007107608221259
4230,1.0439236725770842
4231,1.0384467973495966
4232,1.0388175826001176
4233,1.1154672823277227
4234,1.0122697842765727
4235,1.0542819022771834
4236,1.0034612872724389
4237,1.0091059152387905
4238,1.0031064118348298
4239,1.0123978326627616
4240,1.0159936696918639
4241,1.0116840099234496
4242,1.0075187849881075
4243,1.0443195448176963
4244,1.0195560104140913
4245,1.0093618075697137
4246,1.0157265767150445
4247,1.008201071164224
4248,1.0182878752037277
4249,1.0527798281110397
4250,1.0260073771611358
4251,1.016788347096121
4252,1.0051630131738276
4253,1.0032702801944169
4254,1.0177160887796075
4255,1.0012681790591242
4256,1.0031523435169234
4257,1.0129654189891482
4258,1.011626160195493
4259,1.0112921425277874
4260,1.0247269533344867
4261,1.0454265912850438
4262,1.0156312963690628
4263,1.0417955630145188
4264,1.020138061554146
4265,1.0421145595797605
4266,1.018077387106412
4267,1.001350646186922
4268,1.0092692693930418
4269,1.0265811280468378
4270,1.0113895416376362
4271,1.0095636106311245
4272,1.0150069035265776
4273,1.0061076673739042
4274,1.0200865676499393
4275,1.0496433174532376
4276,1.0161005526946552
4277,1.0033831934862398
4278,1.0169711381540123
4279,1.0159956235433534
4280,1.0062648547742556
4281,1.0025636189199432
4282,1.011143020487206
4283,1.0168903030957996
4284,1.0069788844710086
4285,1.0853200980708766
4286,1.0148224179647003
4287,1.0094223656184427
4288,1.0098299277782652
4289,1.0043746992204554
4290,1.0097284032640723
4291,1.0047990853215136
4292,1.0030229555493944
4293,1.00921268628027
4294,1.0105129923080225
4295,1.002019401089987
4296,1.0270643448096024
4297,1.007844080329671
4298,1.0140485900933398
4299,1.009374979806662
4300,1.0123710151567669
4301,1.000774872726325
4302,1.0205522954323096
4303,1.011484064101656
4304,1.0075693219073076
4305,1.0037401743508727
4306,1.0303850341082155
4307,1.0074076138977315
4308,1.0195924531706841
4309,1.004462028687722
4310,1.0077000912608294
4311,1.036247240096527
4312,1.037996521322757
4313,1.0141745847233923
4314,1.0092579841586535
4315,1.0122365267341134
4316,1.0264326435758344
4317,1.012656723958691
4318,1.0182038961357511
4319,1.0185449665576403
4320,1.0020046134817564
4321,1.0009044681764374
4322,1.0133425730110808
4323,1.0058421474233692
4324,1.029979559989935
4325,1.0057880803491235
4326,1.0108188228443862
4327,1.0635090974076622
4328,1.0140590154572204
4329,1.003802804107945
4330,1.0133853068184762
4331,1.0072835227890014
4332,1.013336902476949
4333,1.0142493363350011
4334,1.020715156695899
4335,1.0114505666659264
4336,1.0092888987915745
4337,1.008812170251341
4338,1.0155823037503613
4339,1.015172988723098
4340,1.0128121922004694
4341,1.0035678390281102
4342,1.043385107997972
4343,1.0065730714901115
4344,1.0173509495239597
4345,1.0386869364935856
4346,1.0563113642846576
4347,1.0119286295107495
4348,1.0072899876518921
4349,1.0219122333933839
4350,1.001837415709826
4351,1.0071733621559034
4352,1.0096018531043705
4353,1.0036155334426593
4354,1.0177750433998276
4355,1.0077969806769154
4356,1.0390273678292081
4357,1.0086786235208942
4358,1.0096830494404276
4359,1.0417542643162594
4360,1.0093820452404596
4361,1.06375452682326
4362,1.011489237758931
4363,1.0106940392509882
4364,1.0073932730510229
4365,1.0053174175267463
4366,1.0547407487575036
4367,1.0187296613047503
4368,1.0392946275877437
4369,1.0042477764349802
4370,1.0066609348847753
4371,1.0093435924601157
4372,1.001976228882485
4373,1.0054121239393663
4374,1.0085008362037005
4375,1.048092931834856
4376,1.0128491794180603
4377,1.0001456825174788
4378,1.0008928552140817
4379,1.0028031638201105
4380,1.0019471733932983
4381,1.0126810828005794
4382,1.0219182881343454
4383,1.029979559989935
4384,1.001863685095374
4385,1.0092903658149432
4386,1.018009739654087
4387,1.0096356557560706
4388,1.0355718250577255
4389,1.0169577202529105
4390,1.0340387322210596
4391,1.0192205582348526
4392,1.0171361449804877
4393,1.0061385651519898
4394,1.0027650744549532
4395,1.0135925011358609
4396,1.0426257899138682
4397,1.000403611034759
4398,1.0053564005272344
4399,1.00499833033208
4400,1.0028643859067643
4401,1.0126987485535035
4402,1.0242381135216285
4403,1.002678264715572
4404,1.008733767144695
4405,1.003731257803252
4406,1.0445760448248318
4407,1.011626160195493
4408,1.0022654546235936
4409,1.0110564155424053
4410,1.0185944102708397
4411,1.0039180780711423
4412,1.0170973923898996
4413,1.0096443523963432
4414,1.0100742945252794
4415,1.0066550755906316
4416,1.0077214872319202
4417,1.0199340721499908
4418,1.0433573036950432
4419,1.0144704153032154
4420,1.0174597652080473
4421,1.0107750722788373
4422,1.0221104291919019
4423,1.027190346707237
4424,1.0023463453813073
4425,1.0251193122788214
4426,1.0184538864373622
4427,1.015431914271119
4428,1.006340026009054
4429,1.0116743922028562
4430,1.0245335702766536
4431,1.0532612155483065
4432,1.0158624182857683
4433,1.0162500246889572
4434,1.0136076294421843
4435,1.0001456825174788
4436,1.0150314076759543
4437,1.0091905383285038
4438,1.0374795869080746
4439,1.0047453807349267
4440,1.0120807231124622
4441,1.0155683549879178
4442,1.001263883442839
4443,1.0490859876847407
4444,1.0122506671575868
4445,1.0050613720660861
4446,1.0063660940651997
4447,1.007884214615853
4448,1.005882199704872
4449,1.0190825877029668
4450,1.0779381748840546
4451,1.0107629054785925
4452,1.0046575741143065
4453,1.0346094746658887
4454,1.0166110203420136
4455,1.001263883442839
4456,1.0062444548360436
4457,1.014416976869655
4458,1.0062437287951007
4459,1.0376133591029972
4460,1.0044684443037326
4461,1.0062626683540974
4462,1.0086559226108867
4463,1.0340399957238946
4464,1.022502147392925
4465,1.0062648547742556
4466,1.0151771013974207
4467,1.012065860412138
4468,1.013094898226931
4469,1.021344465722778
4470,1.009631922406345
4471,1.0144386482524488
4472,1.0084646837251114
4473,1.010290284246156
4474,1.0085862058863575
4475,1.0119916130527327
4476,1.0115045422493483
4477,1.062478256257947
4478,1.0101385713813986
4479,1.0062437287951007
4480,1.0372609052233197
4481,1.0074808553897843
4482,1.007674449241475
4483,1.0025174666765193
4484,1.02088974922313
4485,1.020148715027261
4486,1.009211458306471
4487,1.0313712324905207
4488,1.0748220779240756
4489,1.0089175150617957
4490,1.0033360798676791
4491,1.0085685955384767
4492,1.011742548402947
4493,1.008052866286391
4494,1.0138942158819055
4495,1.0098323079541838
4496,1.0175203226370042
4497,1.0137436430223914
4498,1.0050613720660861
4499,1.0032033802283944
4500,1.0036955981506295
4501,1.0170303233608537
4502,1.0059663691865615
4503,1.0132240497162834
4504,1.0297053941184493
4505,1.0352634976420514
4506,1.0250069955901442
4507,1.061215003478661
4508,1.0122697842765727
4509,1.0387179281216212
4510,1.0227995069651445
4511,1.0083703687320613
4512,1.0041287860635117
4513,1.028157611518261
4514,1.0076427115382003
4515,1.0165536120214496
4516,1.0058637020647472
4517,1.0091823403494975
4518,1.0151771013974207
4519,1.0026402023562417
4520,1.0206329283597888
4521,1.0267569781376755
4522,1.006196231694247
4523,1.0187225781525735
4524,1.0087312013603107
4525,1.0305353386869016
4526,1.0012513228978717
4527,1.0129526133214106
4528,1.0129709930033337
4529,1.0064650725832562
4530,1.0788717559669612
4531,1.008577980672592
4532,1.0163323780725317
4533,1.0049106956341924
4534,1.0198822777405616
4535,1.0193955092977138
4536,1.0357254691867943
4537,1.0221163924440613
4538,1.0255255153222296
4539,1.0215004575870865
4540,1.0064572177960518
4541,1.0101312189650435
4542,1.0175146313126369
4543,1.0171982007102807
4544,1.0067692615921493
4545,1.007523601203983
4546,1.0153237456652664
4547,1.0108890766841205
4548,1.0083856073910011
4549,1.014288312741686
4550,1.018465079811455
4551,1.0022387933182308
4552,1.0376133591029972
4553,1.0176007562986409
4554,1.0151012896831322
4555,1.001971865239715
4556,1.0115428709293621
4557,1.0145065443688477
4558,1.044512370886416
4559,1.0169711381540123
4560,1.0335571716588305
4561,1.020873767202116
4562,1.0337844420954339
4563,1.0087691819649827
4564,1.0266708462289627
4565,1.0084534351885204
4566,1.03914604760227
4567,1.0040128034316347
4568,1.0168673720470713
4569,1.0029604260016198
4570,1.0056455736778458
4571,1.0332164699649162
4572,1.0490859876847407
4573,1.0063715650007545
4574,1.0175607648303981
4575,1.0068367201993744
4576,1.0057012484708323
4577,1.0111964057796459
4578,1.019137883617707
4579,1.0254011280218907
4580,1.003234088080873
4581,1.0040872650635309
4582,1.0073753727301973
4583,1.0176676111188452
4584,1.012407593940456
4585,1.010772123377626
4586,1.0092068842169968
4587,1.007841972745238
4588,1.0203296028056368
4589,1.0225141333490484
4590,1.0043340791553925
4591,1.0339308681373052
4592,1.044520617195636
4593,1.0060208740740197
4594,1.0079863916077811
4595,1.0216410635503954
4596,1.0031606997974876
4597,1.0059097210984973
4598,1.0600500538394673
4599,1.0459255995720251
4600,1.017045297959937
4601,1.0159305409641233
4602,1.0079863916077811
4603,1.0503467696433828
4604,1.000854324573422
4605,1.020148715027261
4606,1.0093055692716717
4607,1.038526294801245
4608,1.023816630327778
4609,1.005864117384057
4610,1.0335571716588305
4611,1.0214793327443927
4612,1.0094735381216333
4613,1.008201071164224
4614,1.0268545807546752
4615,1.0111617235788384
4616,1.009096604762779
4617,1.0115118981001758
4618,1.0183712531138818
4619,1.0177160887796075
4620,1.0028250834248031
4621,1.0132260974615486
4622,1.0458813021530655
4623,1.0443571735590196
4624,1.0086283560422062
4625,1.0141951241524385
4626,1.007377055695829
4627,1.0014492480546917
4628,1.0062312989332747
4629,1.0009684982008606
4630,1.007823946612329
4631,1.0159040535992263
4632,1.0302478893881672
4633,1.0124395251247025
4634,1.010107882538997
4635,1.0245233960522846
4636,1.026319220672423
4637,1.0259094780951503
4638,1.0394212603645967
4639,1.0221981371392919
4640,1.0349009853286217
4641,1.0134199622160527
4642,1.005962053982132
4643,1.028944962592403
4644,1.001863685095374
4645,1.0046210590473363
4646,1.02028621695167
4647,1.0191386828997588
4648,1.0320991700104114
4649,1.0051556852323753
4650,1.0069588340921203
4651,1.0090887004637972
4652,1.0119365090447174
4653,1.0055344974283078
4654,1.0144934963327255
4655,1.0110520687207893
4656,1.0088156365013772
4657,1.0139482613944921
4658,1.0107275979350456
4659,1.0296822858315473
4660,1.0249181183617775
4661,1.009253579021515
4662,1.005394731795377
4663,1.0135399592991816
4664,1.0120295797128045
4665,1.0060198250971404
4666,1.0070042102435488
4667,1.0169222751294145
4668,1.0145384653557954
4669,1.0013224799249754
4670,1.0459153921806905
4671,1.0043984487450088
4672,1.0111964057796459
4673,1.0142153690852054
4674,1.007559971664792
4675,1.016068817343375
4676,1.0111043045739143
4677,1.0216826822105058
4678,1.0066647336184749
4679,1.0388679308007924
4680,1.0071713641572764
4681,1.012568643894253
4682,1.0246592779052803
4683,1.0188262042841065
4684,1.0364225266778215
4685,1.0693819651079857
4686,1.013899825789851
4687,1.014026829600955
4688,1.0095738219862673
4689,1.0125318401314931
4690,1.0197454048129442
4691,1.1261402290941853
4692,1.028219229074867
4693,1.0210994169774348
4694,1.0080486064945837
4695,1.0038462977559506
4696,1.0136010159544975
4697,1.0198348881189243
4698,1.0189958164119086
4699,1.0098335702439498
4700,1.0111358259373535
4701,1.0108667659348658
4702,1.057968366367255
4703,1.017274565190267
4704,1.0031770433517895
4705,1.0156312963690628
4706,1.0257303324342422
4707,1.0106911814041784
4708,1.0099814902112032
4709,1.002521953087327
4710,1.006137245775599
4711,1.000613082271925
4712,1.007806821922784
4713,1.0360863317893427
4714,1.0088954409085238
4715,1.0267301693601592
4716,1.0118665482188764
4717,1.0023384342350374
4718,1.0052170893368573
4719,1.0199203414647395
4720,1.0089429222633224
4721,1.0169222751294145
4722,1.0230549044198822
4723,1.003523930205295
