obs_index,rhat
1,1.0078707855819595
2,1.0156491212046672
3,1.0163414766466097
4,1.027005472950308
5,1.011379747320511
6,1.0283469057253134
7,1.0219912727033118
8,1.026970593641479
9,1.0238504950150145
10,1.0326181254272804
11,1.0096192890950653
12,1.010131305791675
13,1.013026298716771
14,1.0104204174399714
15,1.0234045007656072
16,1.011264343394639
17,1.0139095058484433
18,1.048294807259286
19,1.0371375100542795
20,1.01631397372421
21,1.012218171448208
22,1.0252224260515101
23,1.0344527588867791
24,1.0276164618838046
25,1.0100437927757118
26,1.0106580370357654
27,1.0294667083661744
28,1.0121061447904316
29,1.004109894245627
30,1.0128780562648472
31,1.0041802255826724
32,1.021049394494669
33,1.0327862885443608
34,1.0048764393941896
35,1.0141269925304948
36,1.012345058341531
37,1.0269794592119201
38,1.0305715789973902
39,1.0449382988445242
40,1.0090598800646644
41,1.0208916789689377
42,1.0463112379755977
43,1.049267195702965
44,1.0092586801966177
45,1.0145174105355839
46,1.0384553650052861
47,1.0272894118638718
48,1.0202780607334032
49,1.0416769642157861
50,1.0216208305890409
51,1.0450487946281823
52,1.0261776739573332
53,1.0365545698491967
54,1.0047146446528596
55,1.0277403264097593
56,1.0143085043871294
57,1.020900239588034
58,1.0080068063357281
59,1.0136966204395057
60,1.0327862885443608
61,1.0194744731488332
62,1.011379747320511
63,1.0198663435137743
64,1.022206298794491
65,1.0009734601421112
66,1.00837343885658
67,1.0300908505812003
68,1.0168710613029301
69,1.0163732972879556
70,1.0085922857978409
71,1.0228099472529344
72,1.0045529463622946
73,1.026301461102809
74,1.0213238972607894
75,1.0247108092119026
76,1.0469064058905853
77,1.0167471701275779
78,1.0070956208548865
79,1.0102905820221648
80,1.0153483520381719
81,1.0260275977652125
82,1.0081418848438757
83,1.0124352060369977
84,1.0149087399627903
85,1.0202780607334032
86,1.0215247109084649
87,1.0110549894974215
88,1.0167855061075208
89,1.0208916789689377
90,1.0231678881220196
91,1.004360468662189
92,1.01830653073643
93,1.0128151541600585
94,1.0046363067793704
95,1.0040276123607088
96,1.015833552262049
97,1.022206298794491
98,1.0144797111235693
99,1.0044217697698976
100,1.0384553650052861
101,1.024618459829601
102,1.0047146446528596
103,1.0171892237470697
104,1.0242510762440296
105,1.0055762916861362
106,1.0396363071415167
107,1.0188985617853143
108,1.0108286949345837
109,1.012399059830636
110,1.0063462434879604
111,1.0302797495713898
112,1.0148165793183357
113,1.0146614981966025
114,1.0304592033670013
115,1.0254247170730935
116,1.0046363067793704
117,1.0177978620350392
118,1.0174105758273642
119,1.0077775806946
120,1.0221564565843742
121,1.0486669815829945
122,1.026770525283477
123,1.0028528086911421
124,1.0145394258459492
125,1.0055386894123859
126,1.0327080586757522
127,1.0109154463787944
128,1.0062304945904275
129,1.0071293953821623
130,1.0104593260185974
131,1.0088640143088348
132,1.012634741809882
133,1.0154755359541363
134,1.0354512358489356
135,1.016834839864963
136,1.0114820632631316
137,1.0114721457962046
138,1.020344743364216
139,1.00986636696779
140,1.013654540020922
141,1.0118032444143907
142,1.01781316043021
143,1.0145898215045064
144,1.0107099577837033
145,1.059665090615395
146,1.011190807871241
147,1.023613979208941
148,1.0158744477676473
149,1.0096192890950653
150,1.0173902937242738
151,1.0089432962433775
152,1.008247194272773
153,1.0538872198039457
154,1.026499385576301
155,1.0252224260515101
156,1.0183246728119932
157,1.056609700652267
158,1.015801445712869
159,1.0079448736574428
160,1.0117647957702876
161,1.012634741809882
162,1.0161614532194074
163,1.015758286529921
164,1.012046065963836
165,1.0092972806073637
166,1.0138081100337974
167,1.0135671281148821
168,1.0284118454363522
169,1.0240059890494395
170,1.0050843043971034
171,1.0050127802264297
172,1.0224820642321701
173,1.0234588178470003
174,1.0163414766466097
175,1.0269481006306929
176,1.026652042809659
177,1.0009734601421112
178,1.0143085043871294
179,1.0296369911641021
180,1.0222061341786017
181,1.0138252856178827
182,1.0213238972607894
183,1.0103361266416242
184,1.0095514281514124
185,1.0113134643755817
186,1.0300908505812003
187,1.0118777192720796
188,1.0026416972930816
189,1.0131337378621954
190,1.0189020884132616
191,1.0200344415403153
192,1.0300908505812003
193,1.01830653073643
194,1.0241726520072238
195,1.0009734601421112
196,1.0458708246478088
197,1.0121857170413624
198,1.0194509719284435
199,1.0149087399627903
200,1.0045341822148606
201,1.0075668965179525
202,1.0059630695230684
203,1.0253732141565832
204,1.00845099596924
205,1.0202780607334032
206,1.0076879502689917
207,1.0074391667258418
208,1.0088640143088348
209,1.0224870439286065
210,1.0382117332438523
211,1.0269956263707498
212,1.0261889537098212
213,1.0117120568526574
214,1.0125377166080636
215,1.0258961844429402
216,1.015633243709329
217,1.0199100523332256
218,1.0122789382659296
219,1.0142462461587787
220,1.0106385516091276
221,1.0416197500743238
222,1.0158477864227018
223,1.0083107774684776
224,1.0277475107217502
225,1.0109337777608254
226,1.0254333398333961
227,1.0327862885443608
228,1.0152177259898185
229,1.0061883309562056
230,1.0101480781274321
231,1.0146242256877775
232,1.032370954042438
233,1.0260275977652125
234,1.0109034006422526
235,1.0055386894123859
236,1.012399059830636
237,1.0062589857865756
238,1.0067314052189633
239,1.0262141650009657
240,1.0228099472529344
241,1.037447042752685
242,1.0307049787738494
243,1.0121243455810742
244,1.017909225459126
245,1.011978407739113
246,1.0269481006306929
247,1.0078553538082873
248,1.0320470306316363
249,1.0469064058905853
250,1.002651499743174
251,1.031596399458287
252,1.0324678996558465
253,1.0181516541477105
254,1.0114384077778733
255,1.0170666623962823
256,1.0074306382911653
257,1.0068833930494887
258,1.0082448604027014
259,1.0114721457962046
260,1.0125377166080636
261,1.002651499743174
262,1.0285145618302023
263,1.0034071191192504
264,1.0116914303511686
265,1.0251257313773223
266,1.007814406593482
267,1.0135671281148821
268,1.0163733505158223
269,1.0212697531686659
270,1.0090262114933937
271,1.0128763319655596
272,1.0204338109257034
273,1.0179958883099063
274,1.0082380496216665
275,1.0067314052189633
276,1.0634926551740829
277,1.014631482359775
278,1.0254247170730935
279,1.0191762528418962
280,1.0155844433988395
281,1.0302006812416553
282,1.0065824073413416
283,1.0188985617853143
284,1.0157436602365195
285,1.0451587653078505
286,1.026970593641479
287,1.0330314600967498
288,1.0228448362467784
289,1.0230786383431836
290,1.0109994003822926
291,1.0123504388843965
292,1.0087087005681326
293,1.0163414766466097
294,1.0108196356892334
295,1.0074391667258418
296,1.0140291535882042
297,1.009409091041994
298,1.0342821314731674
299,1.023260239079962
300,1.0087087005681326
301,1.0267338508195658
302,1.0080068063357281
303,1.0123504388843965
304,1.0189020884132616
305,1.0063462434879604
306,1.0382117332438523
307,1.0109994003822926
308,1.0304397498942355
309,1.0148220114605815
310,1.0191762528418962
311,1.0253221366889398
312,1.0195626568271625
313,1.0356585849577047
314,1.0229882650350968
315,1.0158744477676473
316,1.0342821314731674
317,1.008652743108979
318,1.007814406593482
319,1.0059630695230684
320,1.0131337378621954
321,1.01543123901042
322,1.0038649488502105
323,1.0057796292974464
324,1.014412191595981
325,1.0425274364028354
326,1.0118198650868195
327,1.0354512358489356
328,1.0034770582759867
329,1.0231740621336733
330,1.00853855541856
331,1.0109337777608254
332,1.0034770582759867
333,1.0026506871288468
334,1.0038649488502105
335,1.026770525283477
336,1.0185223514776987
337,1.0217609423716725
338,1.0045706698905195
339,1.0204338109257034
340,1.0185262391522671
341,1.052241060245983
342,1.0304592033670013
343,1.0250778749433922
344,1.0040276123607088
345,1.0100437927757118
346,1.0121366312800784
347,1.0357840495877397
348,1.0026416972930816
349,1.0288217115800748
350,1.0330314600967498
351,1.0285681509596514
352,1.0060795757448324
353,1.0365545698491967
354,1.0355667150586523
355,1.0106580370357654
356,1.015758286529921
357,1.012128838060502
358,1.0076879502689917
359,1.0123691994545456
360,1.0059630695230684
361,1.0124956823769802
362,1.0305715789973902
363,1.0227259499535797
364,1.0315286569402162
365,1.0252987853741282
366,1.00641759855833
367,1.0249287103480045
368,1.0090598800646644
369,1.0337005753629456
370,1.0080676065334295
371,1.020827831816174
372,1.0128763319655596
373,1.0264039248318044
374,1.0094106141918722
375,1.0060752089881082
376,1.0288518225288412
377,1.005111717618684
378,1.016834839864963
379,1.0175846905707715
380,1.0103361266416242
381,1.0142445943920682
382,1.0238621530159604
383,1.0335498194138024
384,1.015633243709329
385,1.034068847865916
386,1.0203056297835187
387,1.0424108189889765
388,1.006952042509381
389,1.0099661532795305
390,1.0234588178470003
391,1.0223482947982492
392,1.0424108189889765
393,1.034617874938878
394,1.0416197500743238
395,1.0235178578264275
396,1.0279715080112577
397,1.0228675129426497
398,1.020287140782966
399,1.0145841559602518
400,1.015673899385716
401,1.0136945867200837
402,1.0139095058484433
403,1.0155110948384076
404,1.026652042809659
405,1.012399059830636
406,1.0044217697698976
407,1.0216208305890409
408,1.0165289129039683
409,1.048259293592277
410,1.0038642513007836
411,1.0416769642157861
412,1.0337205334621693
413,1.0136966204395057
414,1.0141406801284563
415,1.0342821314731674
416,1.0080126636432594
417,1.0207801723517045
418,1.015154578345168
419,1.0187112250006587
420,1.0219347507267915
421,1.031916784337607
422,1.0136945867200837
423,1.0234045007656072
424,1.0075668965179525
425,1.0089432962433775
426,1.01631397372421
427,1.013315542016093
428,1.006873596874061
429,1.017909225459126
430,1.0285145618302023
431,1.048483934643878
432,1.0244588483446213
433,1.0148257380950463
434,1.0204338109257034
435,1.0309387237049885
436,1.0130552635865864
437,1.0296369911641021
438,1.0214933974794569
439,1.0082810420865758
440,1.0449382988445242
441,1.0416197500743238
442,1.018904879277631
443,1.0068833930494887
444,1.009083281843287
445,1.0357840495877397
446,1.01062188939854
447,1.026652042809659
448,1.0254247170730935
449,1.0314914220050353
450,1.0145897396421635
451,1.0104593260185974
452,1.0063462434879604
453,1.013026298716771
454,1.0090598800646644
455,1.0078826949282598
456,1.0214884218964944
457,1.0288518225288412
458,1.0295009575053724
459,1.0192312418465443
460,1.0316693281335427
461,1.0121366312800784
462,1.0126947760609841
463,1.0195626568271625
464,1.0348508382235075
465,1.0134415814354016
466,1.0301550884783208
467,1.017066501747148
468,1.018904879277631
469,1.0527348130490932
470,1.0141406801284563
471,1.023929209944506
472,1.0050896414338397
473,1.0191554186419551
474,1.059665090615395
475,1.0277403264097593
476,1.0206788368269777
477,1.0187804227301245
478,1.013160360304619
479,1.0085528109251296
480,1.0359445048441513
481,1.0045449045184935
482,1.0239803277763062
483,1.0344037473330383
484,1.0463112379755977
485,1.0113557634838075
486,1.003270124795704
487,1.0323117455692694
488,1.0140981354031295
489,1.0326850797906342
490,1.0213490260983984
491,1.0060795757448324
492,1.0309640834847456
493,1.0179958883099063
494,1.0143596774829295
495,1.0405945135316659
496,1.005923545850387
497,1.0431317343089523
498,1.0108196356892334
499,1.0156157104158106
500,1.0061883309562056
501,1.0208916789689377
502,1.011264343394639
503,1.015011667698699
504,1.0141894385785668
505,1.0050843043971034
506,1.0094064265291154
507,1.027440884576805
508,1.0167471701275779
509,1.0231678881220196
510,1.0068224952267002
511,1.0183982476967173
512,1.0097685736212005
513,1.021973022705076
514,1.002301810635352
515,1.0180216186457467
516,1.0143085043871294
517,1.0078218065691467
518,1.011379747320511
519,1.01830653073643
520,1.014720608229551
521,1.0146242256877775
522,1.0320470306316363
523,1.0009734601421112
524,1.0096192890950653
525,1.0275447204914276
526,1.0161005191142305
527,1.0277909271128107
528,1.018415216938453
529,1.0330314600967498
530,1.0078218065691467
531,1.0137232451435194
532,1.008382692703549
533,1.0119363446459775
534,1.011379747320511
535,1.028097349922468
536,1.00837343885658
537,1.0156491212046672
538,1.0241726520072238
539,1.020344743364216
540,1.0279956178703529
541,1.0177757118825639
542,1.0159796622339123
543,1.0167471701275779
544,1.0125167222353624
545,1.049267195702965
546,1.0508447413670643
547,1.0062304945904275
548,1.0214884218964944
549,1.0090126886098645
550,1.020299117131952
551,1.0122236155208397
552,1.004360468662189
553,1.0183385061556562
554,1.0187659417138046
555,1.0335498194138024
556,1.0268224681144518
557,1.0181516541477105
558,1.0046589359647131
559,1.0148895232867448
560,1.0184915593598187
561,1.013699884531571
562,1.0128834422636315
563,1.0119286902738944
564,1.0169058135475906
565,1.0069476987348915
566,1.0579586886059202
567,1.0148939230806115
568,1.0080410757700204
569,1.0199443254960074
570,1.010131305791675
571,1.0065218343708606
572,1.0215955331920985
573,1.0248622973632129
574,1.0131356323070857
575,1.008382692703549
576,1.011580732771486
577,1.003175256858504
578,1.0185297463376914
579,1.0048764393941896
580,1.0178212258040593
581,1.0149971015475265
582,1.0202607847706036
583,1.0275431711333167
584,1.0095351373627504
585,1.0199594252333468
586,1.0044676220993063
587,1.0115438009851732
588,1.007109745435088
589,1.0165289129039683
590,1.0224870439286065
591,1.0178212258040593
592,1.0189017321569036
593,1.0183385061556562
594,1.00837343885658
595,1.009184384473389
596,1.0434494572325286
597,1.0095514281514124
598,1.0319395531873872
599,1.0311088984247232
600,1.0141269925304948
601,1.0304818197884498
602,1.0452028037862342
603,1.0057321418293292
604,1.0362014233109007
605,1.002651499743174
606,1.0044217697698976
607,1.017971969300812
608,1.0364290233483047
609,1.0083699204517864
610,1.0256381634725693
611,1.0102999341660674
612,1.0161457807770629
613,1.015245913274756
614,1.0193819969902462
615,1.0219912727033118
616,1.0223217655728531
617,1.0268961668712873
618,1.0223217655728531
619,1.040408589679888
620,1.017066501747148
621,1.0209725915556187
622,1.0579586886059202
623,1.0211107775063384
624,1.00986636696779
625,1.0261683740779322
626,1.022840125853324
627,1.012218171448208
628,1.0109337777608254
629,1.007193216160344
630,1.0085922857978409
631,1.003270124795704
632,1.006939661944159
633,1.0319395531873872
634,1.028949708287965
635,1.0238504950150145
636,1.014631482359775
637,1.0110090469458635
638,1.0159893755843874
639,1.0339845476307032
640,1.0103574110430202
641,1.0119727468889015
642,1.0076879502689917
643,1.023613979208941
644,1.0184196383479305
645,1.0026416972930816
646,1.0318881801753537
647,1.0145721157669736
648,1.0302006812416553
649,1.0138081100337974
650,1.0260275977652125
651,1.0188985617853143
652,1.030988902443308
653,1.0233049565231935
654,1.0107049365434728
655,1.0258963275174673
656,1.0084495914127027
657,1.014540386024384
658,1.0084639418121155
659,1.012128838060502
660,1.0144797111235693
661,1.0028528086911421
662,1.0194744731488332
663,1.0128736746460638
664,1.021096003589499
665,1.0120888831042594
666,1.0304592033670013
667,1.060546300802826
668,1.0169140444759563
669,1.0198663435137743
670,1.008652743108979
671,1.007814406593482
672,1.0213238972607894
673,1.0153483520381719
674,1.0144612167863214
675,1.0450487946281823
676,1.0045905231970174
677,1.0112096487224245
678,1.0097685736212005
679,1.0065773662880284
680,1.0079448736574428
681,1.0174105758273642
682,1.0165289129039683
683,1.0389399925523128
684,1.0166952302183248
685,1.0118198650868195
686,1.0261776739573332
687,1.019078246474532
688,1.0159796622339123
689,1.0042096164233845
690,1.0469064058905853
691,1.0252987853741282
692,1.0226767649705697
693,1.022944579548305
694,1.0175846905707715
695,1.0301550884783208
696,1.019436395512564
697,1.0155110948384076
698,1.0155110948384076
699,1.0236962784586516
700,1.0208394200575899
701,1.005627850706118
702,1.017370138652568
703,1.0222107106169123
704,1.0207508165074901
705,1.0062246179714005
706,1.0148547050908057
707,1.0055762916861362
708,1.0073701121234109
709,1.0041659225480546
710,1.005943676112179
711,1.0441742881526326
712,1.0126980689711844
713,1.0302006812416553
714,1.025911893345703
715,1.049439870898185
716,1.0249958791942315
717,1.0128780562648472
718,1.044324750887791
719,1.0091697478519932
720,1.026770525283477
721,1.0332863846261937
722,1.052568153821897
723,1.0038649488502105
724,1.0223304615392994
725,1.025421159367076
726,1.015673899385716
727,1.01631397372421
728,1.0026416972930816
729,1.0043116931315499
730,1.0136945867200837
731,1.0139095058484433
732,1.00681779917119
733,1.0284118454363522
734,1.0451587653078505
735,1.0382117332438523
736,1.0124352060369977
737,1.0233049565231935
738,1.0104204174399714
739,1.0014954373907117
740,1.0224870439286065
741,1.0191008138199313
742,1.0222061341786017
743,1.0168710613029301
744,1.0086433398342365
745,1.0173996574053166
746,1.00641759855833
747,1.0074029053125346
748,1.0141094082436795
749,1.0137840543938659
750,1.0176925622658413
751,1.005811851994521
752,1.0292230559587427
753,1.014765403543099
754,1.007736374652981
755,1.011580732771486
756,1.0086433398342365
757,1.0359445048441513
758,1.003270124795704
759,1.0059630695230684
760,1.0282594858437655
761,1.0207508165074901
762,1.0134225090165834
763,1.0449866167781257
764,1.020586093826564
765,1.0188985617853143
766,1.0141094082436795
767,1.018415216938453
768,1.011190807871241
769,1.016736358506558
770,1.0150115072568953
771,1.0269481006306929
772,1.0305715789973902
773,1.0235313103112231
774,1.0100196137148767
775,1.0143085043871294
776,1.0039990053997816
777,1.0240059890494395
778,1.0046538788582224
779,1.0535834858447672
780,1.0233819851259034
781,1.0143698617366257
782,1.0146614981966025
783,1.0145394258459492
784,1.002651499743174
785,1.0290794509041563
786,1.0102905820221648
787,1.010131305791675
788,1.0294480321737243
789,1.0226081691847762
790,1.009634402741686
791,1.0125167222353624
792,1.0108286949345837
793,1.004641497300529
794,1.0078826949282598
795,1.0505680797282888
796,1.035001563052919
797,1.0302097587111552
798,1.0294667083661744
799,1.0144603262237604
800,1.0153483520381719
801,1.0065415619269427
802,1.0169140444759563
803,1.0095514281514124
804,1.0160184514947617
805,1.0158717174474932
806,1.0763038632862334
807,1.0070956208548865
808,1.0086930912558445
809,1.0041351796554523
810,1.0319395531873872
811,1.0330314600967498
812,1.025850339231506
813,1.040408589679888
814,1.008793831666354
815,1.0056530509537938
816,1.0309461350359443
817,1.0167471701275779
818,1.0224870439286065
819,1.007147708638662
820,1.007118860350759
821,1.048259293592277
822,1.0260275977652125
823,1.0324505932343755
824,1.0141457566616943
825,1.015758286529921
826,1.0354512358489356
827,1.007814406593482
828,1.0306855325170512
829,1.0207508165074901
830,1.011841617473172
831,1.0235178578264275
832,1.0309164110486826
833,1.0249287103480045
834,1.0075668965179525
835,1.0191008138199313
836,1.0258322951405165
837,1.0068224952267002
838,1.0120888831042594
839,1.0155844433988395
840,1.0071859600825637
841,1.0181516541477105
842,1.0119286902738944
843,1.0207753635900276
844,1.0139031395419817
845,1.007193216160344
846,1.0136945867200837
847,1.0184196383479305
848,1.0054593044376132
849,1.01830653073643
850,1.0119286902738944
851,1.026499385576301
852,1.0108909790147866
853,1.006939661944159
854,1.0099550326300013
855,1.0449866167781257
856,1.0150230840801093
857,1.017066501747148
858,1.0261776739573332
859,1.009194229272333
860,1.0184786924280693
861,1.0098336623187096
862,1.011743118665046
863,1.003270124795704
864,1.0336172647889166
865,1.0085140620947355
866,1.025881693281027
867,1.01810746854179
868,1.0082704060086385
869,1.0406157923864043
870,1.0231413901327961
871,1.02183698268339
872,1.0076879502689917
873,1.0527348130490932
874,1.0269956263707498
875,1.0216987805837634
876,1.0140754584525116
877,1.018584097505082
878,1.033716156032019
879,1.0462576327400814
880,1.0114820632631316
881,1.010641616062947
882,1.0207801723517045
883,1.0050896414338397
884,1.0224585196134164
885,1.0233049565231935
886,1.0163733505158223
887,1.0038649488502105
888,1.0322970879286533
889,1.037447042752685
890,1.0102755749545758
891,1.0396363071415167
892,1.0086433398342365
893,1.0113583260037065
894,1.0158477864227018
895,1.0092972806073637
896,1.0020090094200544
897,1.0304818197884498
898,1.0525391258766017
899,1.0138252856178827
900,1.020827831816174
901,1.0139095058484433
902,1.0092236943030621
903,1.034299462727978
904,1.0222209288566275
905,1.0102999341660674
906,1.0158477864227018
907,1.031722422134389
908,1.034299462727978
909,1.0174270755578316
910,1.068058854716174
911,1.0225704442743064
912,1.012128838060502
913,1.043396827674828
914,1.0095514281514124
915,1.0044217697698976
916,1.0102755749545758
917,1.0106850805754757
918,1.014540386024384
919,1.0199594252333468
920,1.034068847865916
921,1.0449382988445242
922,1.0201896559513008
923,1.0228675129426497
924,1.015633243709329
925,1.020900239588034
926,1.01830653073643
927,1.0136021673191984
928,1.0216208305890409
929,1.0330314600967498
930,1.0261889537098212
931,1.0124352060369977
932,1.0094507933464774
933,1.0236898860781736
934,1.0082451031797477
935,1.010010936611508
936,1.0199443254960074
937,1.0161457807770629
938,1.0602766243389155
939,1.0337205334621693
940,1.0082448604027014
941,1.049439870898185
942,1.021049394494669
943,1.0262141650009657
944,1.0323996955722459
945,1.0337205334621693
946,1.0135381706421485
947,1.0337205334621693
948,1.0165302365185238
949,1.0137232451435194
950,1.0228675129426497
951,1.0183246728119932
952,1.020827831816174
953,1.0144612167863214
954,1.0099052660352479
955,1.0108286949345837
956,1.0163732972879556
957,1.012046065963836
958,1.0124615482135346
959,1.005111717618684
960,1.0047005097174926
961,1.0132726191256447
962,1.0352544870218725
963,1.014540386024384
964,1.0307753271003828
965,1.0099550326300013
966,1.043396827674828
967,1.0066508981528715
968,1.012845269120763
969,1.0122789382659296
970,1.012218171448208
971,1.0121888871486422
972,1.019077886339988
973,1.0148939230806115
974,1.0301550884783208
975,1.028097349922468
976,1.0041659225480546
977,1.0202692574746626
978,1.0135407986973788
979,1.0070918871864665
980,1.0311088984247232
981,1.0180216186457467
982,1.0074029053125346
983,1.0128736746460638
984,1.0066442374884659
985,1.0145721157669736
986,1.009634402741686
987,1.0174247654423003
988,1.0319599997131488
989,1.025881693281027
990,1.0122397899267985
991,1.0167569639784901
992,1.0249958791942315
993,1.0233574967545167
994,1.0300908505812003
995,1.0438926912438116
996,1.0075668965179525
997,1.0198663435137743
998,1.0303385204581998
999,1.052241060245983
1000,1.0140957776974748
1001,1.0142445943920682
1002,1.010636707895525
1003,1.01062188939854
1004,1.0155110948384076
1005,1.0076879502689917
1006,1.0091697478519932
1007,1.0096152419539963
1008,1.0031794537402876
1009,1.011978407739113
1010,1.0179672651044114
1011,1.0071859600825637
1012,1.020586093826564
1013,1.0051385007433404
1014,1.012046065963836
1015,1.036237462523833
1016,1.0238521547419142
1017,1.0158717174474932
1018,1.0061883309562056
1019,1.0161716085990389
1020,1.0438906338052159
1021,1.038037976652578
1022,1.0084747422605185
1023,1.0071859600825637
1024,1.0038649488502105
1025,1.00529595845586
1026,1.009184384473389
1027,1.014412191595981
1028,1.0109830652530698
1029,1.0135967347279697
1030,1.0293107895076987
1031,1.0127051579112738
1032,1.0230786383431836
1033,1.0405945135316659
1034,1.0165589749714554
1035,1.0175023230338827
1036,1.0240059890494395
1037,1.0075860595491466
1038,1.0138081100337974
1039,1.01543123901042
1040,1.0323621832182144
1041,1.0242510762440296
1042,1.011978407739113
1043,1.0231690613316065
1044,1.0205333676150024
1045,1.002651499743174
1046,1.0439915787244587
1047,1.0318126928488873
1048,1.054357670805149
1049,1.02927469953443
1050,1.0200344415403153
1051,1.0535834858447672
1052,1.025881693281027
1053,1.0257434161783274
1054,1.0800478885282412
1055,1.0155817681751673
1056,1.014631482359775
1057,1.002301810635352
1058,1.008462473093837
1059,1.0449382988445242
1060,1.0180067522209983
1061,1.0454848752806727
1062,1.0188985617853143
1063,1.0538872198039457
1064,1.0316693281335427
1065,1.0136945867200837
1066,1.0244588483446213
1067,1.012046065963836
1068,1.0085528109251296
1069,1.0417211859277191
1070,1.041877445863238
1071,1.024887240201343
1072,1.0107099577837033
1073,1.0100921401030574
1074,1.0094021200238064
1075,1.0300194795289443
1076,1.0194931425404985
1077,1.0121061447904316
1078,1.056609700652267
1079,1.0088640143088348
1080,1.0064489016121683
1081,1.02083039503618
1082,1.012399059830636
1083,1.0126980689711844
1084,1.00837343885658
1085,1.0076879502689917
1086,1.0129215011724784
1087,1.0250778749433922
1088,1.0030640285536596
1089,1.0114721457962046
1090,1.0120115190609904
1091,1.0131912220967192
1092,1.0224585196134164
1093,1.0055386894123859
1094,1.024618459829601
1095,1.0165589749714554
1096,1.0314914220050353
1097,1.0395568836834574
1098,1.0151258099665168
1099,1.049267195702965
1100,1.0438926912438116
1101,1.0132160269637487
1102,1.049626029349077
1103,1.014899846302515
1104,1.0094106141918722
1105,1.0090262114933937
1106,1.0148505314365968
1107,1.020452457120357
1108,1.0045449045184935
1109,1.0167569639784901
1110,1.0390239361153406
1111,1.0170641580218804
1112,1.0191660113267973
1113,1.003144404231621
1114,1.0451587653078505
1115,1.0165054763931125
1116,1.0193863863334067
1117,1.0114527684140158
1118,1.0244588483446213
1119,1.011379747320511
1120,1.027440884576805
1121,1.0069476987348915
1122,1.00837343885658
1123,1.0430718972211452
1124,1.0208274571865241
1125,1.0157480961541416
1126,1.022505866766844
1127,1.013096373368896
1128,1.0216208305890409
1129,1.0120115190609904
1130,1.0463112379755977
1131,1.013026298716771
1132,1.0118032444143907
1133,1.0121857170413624
1134,1.0246514139635543
1135,1.007193216160344
1136,1.0277475107217502
1137,1.0047146446528596
1138,1.0185297463376914
1139,1.0283579633492659
1140,1.0145394258459492
1141,1.0084495914127027
1142,1.0102662408694059
1143,1.0518354897705449
1144,1.049160240603528
1145,1.0300132423335615
1146,1.0070918871864665
1147,1.0276164618838046
1148,1.0246514139635543
1149,1.0204923424943646
1150,1.0045706698905195
1151,1.0050896414338397
1152,1.037447042752685
1153,1.0060795757448324
1154,1.0238621530159604
1155,1.0098336623187096
1156,1.0395842946801914
1157,1.0261889537098212
1158,1.0059227333249026
1159,1.0083107774684776
1160,1.0389399925523128
1161,1.0452028037862342
1162,1.0112818603398626
1163,1.0124352060369977
1164,1.0304671571073194
1165,1.0050127802264297
1166,1.00529595845586
1167,1.0138081100337974
1168,1.022840125853324
1169,1.011482910952439
1170,1.0077468720629812
1171,1.0095613085639135
1172,1.0166952302183248
1173,1.0178481135657758
1174,1.0062246179714005
1175,1.0080298680775774
1176,1.0105238595957708
1177,1.0109034006422526
1178,1.0390239361153406
1179,1.0055221066722628
1180,1.020900239588034
1181,1.0156677843821307
1182,1.0073989207756555
1183,1.0254247170730935
1184,1.0191832684929607
1185,1.0051556922467126
1186,1.0181712945234815
1187,1.0121366312800784
1188,1.0458708246478088
1189,1.049802368535781
1190,1.0163733505158223
1191,1.0096192890950653
1192,1.0038649488502105
1193,1.016736358506558
1194,1.0130552635865864
1195,1.0140884527955778
1196,1.017066501747148
1197,1.0092972806073637
1198,1.0340448150987327
1199,1.0371375100542795
1200,1.0269956263707498
1201,1.014631482359775
1202,1.0113785826814967
1203,1.0014954373907117
1204,1.0128780562648472
1205,1.0079448736574428
1206,1.012225532259609
1207,1.0366285860976
1208,1.0182992146345442
1209,1.0324388473187411
1210,1.0136021673191984
1211,1.01887875354463
1212,1.0438926912438116
1213,1.0233321299775815
1214,1.0292873905558027
1215,1.0114721457962046
1216,1.0145473069706412
1217,1.0184196383479305
1218,1.0146614981966025
1219,1.0202692574746626
1220,1.03020935285243
1221,1.0149770496454942
1222,1.0324111335173758
1223,1.02743730240292
1224,1.0189020884132616
1225,1.0075668965179525
1226,1.0056920171838837
1227,1.0239247333684351
1228,1.0406157923864043
1229,1.0763038632862334
1230,1.0089432962433775
1231,1.0242911801732393
1232,1.0145231475407674
1233,1.0109830652530698
1234,1.015758286529921
1235,1.0045449045184935
1236,1.0179672651044114
1237,1.0120360004544346
1238,1.003175256858504
1239,1.0332863846261937
1240,1.0171892237470697
1241,1.015011667698699
1242,1.010796415558569
1243,1.0157480961541416
1244,1.0302006812416553
1245,1.0235178578264275
1246,1.020827831816174
1247,1.018415216938453
1248,1.0381280438417653
1249,1.0395073579171747
1250,1.0078826949282598
1251,1.013674258664047
1252,1.0322597341878927
1253,1.0228448362467784
1254,1.0304397498942355
1255,1.0042644637676699
1256,1.0083107774684776
1257,1.0167600524607405
1258,1.0223713079713102
1259,1.031726168562281
1260,1.0201896559513008
1261,1.0293107895076987
1262,1.0319599997131488
1263,1.02183698268339
1264,1.0141457566616943
1265,1.0080351217731314
1266,1.0224870439286065
1267,1.0103361266416242
1268,1.0073701121234109
1269,1.068058854716174
1270,1.031596399458287
1271,1.0260378556030674
1272,1.0641098089771313
1273,1.013674258664047
1274,1.0113785826814967
1275,1.0170300166153898
1276,1.0099101990567605
1277,1.0438926912438116
1278,1.0059614343325902
1279,1.0279095340699993
1280,1.0396363071415167
1281,1.0132664928886286
1282,1.0269394946283033
1283,1.0113583260037065
1284,1.0194846784920994
1285,1.0333741684361284
1286,1.0185223514776987
1287,1.0129692703226558
1288,1.0319599997131488
1289,1.010796415558569
1290,1.0110177543338252
1291,1.008462473093837
1292,1.011841617473172
1293,1.0149971015475265
1294,1.015801445712869
1295,1.0217609423716725
1296,1.0123691994545456
1297,1.0305715789973902
1298,1.0184915593598187
1299,1.0145183261555386
1300,1.003175256858504
1301,1.01887875354463
1302,1.0094406037349586
1303,1.0145898215045064
1304,1.0082448604027014
1305,1.0155817681751673
1306,1.0055762916861362
1307,1.0130952841532705
1308,1.0449903578323767
1309,1.0763038632862334
1310,1.0226767649705697
1311,1.0072058719739059
1312,1.013316992408961
1313,1.038031354670504
1314,1.0250778749433922
1315,1.0145898215045064
1316,1.0380542843906808
1317,1.0239803277763062
1318,1.0045828379793993
1319,1.0009734601421112
1320,1.0122155425787274
1321,1.0152026028700922
1322,1.0145617150281176
1323,1.0239247333684351
1324,1.0114384077778733
1325,1.0055007742278037
1326,1.0160916454338074
1327,1.0068269002631065
1328,1.0416197500743238
1329,1.0056505577699348
1330,1.0063462434879604
1331,1.0233574967545167
1332,1.012477349285564
1333,1.031722422134389
1334,1.0042096164233845
1335,1.012709949650854
1336,1.0042096164233845
1337,1.0395568836834574
1338,1.0038642513007836
1339,1.0141877865093987
1340,1.0300194795289443
1341,1.0046538788582224
1342,1.0084639418121155
1343,1.0276164618838046
1344,1.0135407986973788
1345,1.018702248746235
1346,1.0262141650009657
1347,1.0305715789973902
1348,1.0089988348886185
1349,1.01492037694715
1350,1.0416769642157861
1351,1.0185297463376914
1352,1.049802368535781
1353,1.0045828379793993
1354,1.0306855325170512
1355,1.013315542016093
1356,1.0143085043871294
1357,1.0078051462025932
1358,1.0026416972930816
1359,1.022840125853324
1360,1.0155817681751673
1361,1.037447042752685
1362,1.0294667083661744
1363,1.0184847369041308
1364,1.0279715080112577
1365,1.0104559543320617
1366,1.0223217655728531
1367,1.012634741809882
1368,1.0209890858401796
1369,1.0132160269637487
1370,1.0248262209416683
1371,1.015833552262049
1372,1.0055386894123859
1373,1.0247304667583432
1374,1.0187804227301245
1375,1.0267338508195658
1376,1.0238504950150145
1377,1.0110177543338252
1378,1.0105799409504093
1379,1.0339845476307032
1380,1.0193862902309907
1381,1.0282594858437655
1382,1.018989289036399
1383,1.014412191595981
1384,1.027440884576805
1385,1.0406157923864043
1386,1.015877808296015
1387,1.0184786924280693
1388,1.025851551086866
1389,1.0174270755578316
1390,1.013955488880947
1391,1.025881693281027
1392,1.0221594176762945
1393,1.0269956263707498
1394,1.0191278165755135
1395,1.0167600524607405
1396,1.0085528109251296
1397,1.0275447204914276
1398,1.0162679677311186
1399,1.0279095340699993
1400,1.0384553650052861
1401,1.00529595845586
1402,1.0113557634838075
1403,1.013026298716771
1404,1.0214880948077658
1405,1.0274587493351857
1406,1.0261776739573332
1407,1.0021788206377265
1408,1.0155110948384076
1409,1.0285145618302023
1410,1.0122397899267985
1411,1.0191008138199313
1412,1.0082901442539758
1413,1.0395842946801914
1414,1.0118036679448479
1415,1.031916784337607
1416,1.0118066828742005
1417,1.0145183261555386
1418,1.015245913274756
1419,1.026970593641479
1420,1.0411111439968475
1421,1.020586093826564
1422,1.0161716085990389
1423,1.0191832684929607
1424,1.0083699204517864
1425,1.0158477864227018
1426,1.0106850805754757
1427,1.0326472532754871
1428,1.0078051462025932
1429,1.0200371146053455
1430,1.040713972494162
1431,1.0311088984247232
1432,1.0177757118825639
1433,1.040408589679888
1434,1.0449866167781257
1435,1.012845269120763
1436,1.0140754584525116
1437,1.0441742881526326
1438,1.011482910952439
1439,1.007147708638662
1440,1.0148895232867448
1441,1.0191832684929607
1442,1.0319322869719922
1443,1.0319832065175334
1444,1.0116735102894618
1445,1.0140884527955778
1446,1.0080126636432594
1447,1.007966703483274
1448,1.0508447413670643
1449,1.0283579633492659
1450,1.0226081691847762
1451,1.041680145521982
1452,1.0150115072568953
1453,1.0200944894101158
1454,1.0071859600825637
1455,1.011978407739113
1456,1.0159796622339123
1457,1.0074306382911653
1458,1.0046538788582224
1459,1.0208274571865241
1460,1.014076282364102
1461,1.0147275011926165
1462,1.0122397899267985
1463,1.002651499743174
1464,1.0099052660352479
1465,1.026449293040899
1466,1.0113785826814967
1467,1.0120888831042594
1468,1.0153239186859357
1469,1.015673899385716
1470,1.0048764393941896
1471,1.0214933974794569
1472,1.0229465930714163
1473,1.0173996574053166
1474,1.022030413082858
1475,1.0292230559587427
1476,1.0191660113267973
1477,1.0258961844429402
1478,1.0125226263077272
1479,1.0187112250006587
1480,1.0140299139585822
1481,1.0223217655728531
1482,1.0251257313773223
1483,1.0090262114933937
1484,1.0099550326300013
1485,1.0154755359541363
1486,1.0156157104158106
1487,1.0194744731488332
1488,1.0136966204395057
1489,1.0302097587111552
1490,1.009083281843287
1491,1.0533322349059133
1492,1.0082704060086385
1493,1.004793874235496
1494,1.0238504950150145
1495,1.0138990715152025
1496,1.0641098089771313
1497,1.019046176528519
1498,1.0217609423716725
1499,1.0430183408102673
1500,1.0056920171838837
1501,1.0116735102894618
1502,1.0116453875500766
1503,1.0371375100542795
1504,1.0098519089864533
1505,1.0656437302569404
1506,1.0161457807770629
1507,1.0208274571865241
1508,1.0076388338325362
1509,1.0138990715152025
1510,1.0108909790147866
1511,1.0282795880615614
1512,1.0431317343089523
1513,1.0228099472529344
1514,1.0011586740285383
1515,1.020729986770288
1516,1.0140884527955778
1517,1.0075860595491466
1518,1.0062589857865756
1519,1.0217609423716725
1520,1.0062246179714005
1521,1.0353361762524873
1522,1.0075860595491466
1523,1.0193819969902462
1524,1.018989289036399
1525,1.013725161983408
1526,1.0104204174399714
1527,1.014631482359775
1528,1.0169140444759563
1529,1.017110826236013
1530,1.0161716085990389
1531,1.0152177259898185
1532,1.0223217655728531
1533,1.0269794592119201
1534,1.0364290233483047
1535,1.0288217115800748
1536,1.0253221366889398
1537,1.0081418848438757
1538,1.0262141650009657
1539,1.0143708813647156
1540,1.02083039503618
1541,1.0238521547419142
1542,1.0053339833261885
1543,1.0260275977652125
1544,1.0169058135475906
1545,1.0137449683150719
1546,1.004360468662189
1547,1.0339331774355762
1548,1.0457135428352222
1549,1.0231740621336733
1550,1.0094021200238064
1551,1.0224870439286065
1552,1.0482042502728128
1553,1.013407692647682
1554,1.0294480321737243
1555,1.034068847865916
1556,1.0152177259898185
1557,1.0118198650868195
1558,1.0389399925523128
1559,1.0150230840801093
1560,1.0167600524607405
1561,1.0249958791942315
1562,1.0165024766304576
1563,1.01887875354463
1564,1.0304592033670013
1565,1.0144797111235693
1566,1.0199179847895257
1567,1.0155844433988395
1568,1.0208916789689377
1569,1.0139019747817821
1570,1.0042096164233845
1571,1.0109994003822926
1572,1.0247108092119026
1573,1.0128826055970463
1574,1.0132664928886286
1575,1.0141094082436795
1576,1.024506608865899
1577,1.0139019747817821
1578,1.0014954373907117
1579,1.013316992408961
1580,1.0228448362467784
1581,1.0233049565231935
1582,1.027167027391288
1583,1.0098519089864533
1584,1.0139019747817821
1585,1.0358486776736406
1586,1.0074391667258418
1587,1.0342009727482997
1588,1.0105238595957708
1589,1.0102285860962243
1590,1.028813054395832
1591,1.010641616062947
1592,1.0233819851259034
1593,1.0431317343089523
1594,1.0169058135475906
1595,1.0319322869719922
1596,1.0148220114605815
1597,1.0319395531873872
1598,1.0141877865093987
1599,1.0255258919705241
1600,1.0396363071415167
1601,1.0277403264097593
1602,1.0113557634838075
1603,1.0065773662880284
1604,1.0186988970412523
1605,1.0199443254960074
1606,1.0083699204517864
1607,1.006873596874061
1608,1.033893669298966
1609,1.0085528109251296
1610,1.0277475107217502
1611,1.022505866766844
1612,1.0047146446528596
1613,1.0204923424943646
1614,1.0357467922617338
1615,1.007814406593482
1616,1.0114000266559804
1617,1.0319395531873872
1618,1.0277403264097593
1619,1.0395842946801914
1620,1.0134225090165834
1621,1.0290023378147082
1622,1.01781316043021
1623,1.0326181254272804
1624,1.0304671571073194
1625,1.0438926912438116
1626,1.0438926912438116
1627,1.0319832065175334
1628,1.02083039503618
1629,1.00837343885658
1630,1.031916784337607
1631,1.0219347507267915
1632,1.0167471701275779
1633,1.023260239079962
1634,1.0074391667258418
1635,1.0207801723517045
1636,1.013315542016093
1637,1.0079448736574428
1638,1.0082448604027014
1639,1.0169140444759563
1640,1.0207801723517045
1641,1.018967246596574
1642,1.022206298794491
1643,1.046876648094639
1644,1.0330314600967498
1645,1.0041351796554523
1646,1.0267338508195658
1647,1.0333741684361284
1648,1.0170300166153898
1649,1.0098519089864533
1650,1.0228448362467784
1651,1.012634741809882
1652,1.0276164618838046
1653,1.0080126636432594
1654,1.0185297463376914
1655,1.019436395512564
1656,1.0338713895244038
1657,1.009634402741686
1658,1.0138990715152025
1659,1.013421438451382
1660,1.0282795880615614
1661,1.0076106937468796
1662,1.0123691994545456
1663,1.0040276123607088
1664,1.0130952841532705
1665,1.0170980117874404
1666,1.0128780562648472
1667,1.0186592763624907
1668,1.0164532097788663
1669,1.027167027391288
1670,1.0089432962433775
1671,1.0100921401030574
1672,1.0224996114165548
1673,1.00681779917119
1674,1.003175256858504
1675,1.0148558489440287
1676,1.0158635284260382
1677,1.0168710613029301
1678,1.0170300166153898
1679,1.0302097587111552
1680,1.0120115190609904
1681,1.027440884576805
1682,1.0344341328318767
1683,1.0148165793183357
1684,1.014899846302515
1685,1.054357670805149
1686,1.0036246843775143
1687,1.0152026028700922
1688,1.0216208305890409
1689,1.0188985617853143
1690,1.0220091088991217
1691,1.008859431155819
1692,1.0118036679448479
1693,1.025911893345703
1694,1.0175135083822437
1695,1.011841617473172
1696,1.013380864559421
1697,1.0174906145957148
1698,1.0098336623187096
1699,1.0257721219790779
1700,1.0165289129039683
1701,1.0322909190394118
1702,1.022840125853324
1703,1.0117654582417994
1704,1.0143708813647156
1705,1.0244538011682363
1706,1.0186988970412523
1707,1.0279095340699993
1708,1.0095351373627504
1709,1.0449866167781257
1710,1.0046538788582224
1711,1.0140981354031295
1712,1.0201896559513008
1713,1.005430685940169
1714,1.009409091041994
1715,1.054357670805149
1716,1.008382692703549
1717,1.006939661944159
1718,1.0177757118825639
1719,1.0076879502689917
1720,1.0034071191192504
1721,1.0193863863334067
1722,1.0209890858401796
1723,1.0140291535882042
1724,1.0066508981528715
1725,1.0118066828742005
1726,1.0199443254960074
1727,1.0128151541600585
1728,1.006873596874061
1729,1.0082380496216665
1730,1.0103574110430202
1731,1.0186988970412523
1732,1.0095351373627504
1733,1.0186988970412523
1734,1.017066501747148
1735,1.0462576327400814
1736,1.0122127837063504
1737,1.0148547050908057
1738,1.028956211628954
1739,1.0137449683150719
1740,1.0469064058905853
1741,1.0199443254960074
1742,1.0141094082436795
1743,1.0291693464260598
1744,1.0148505314365968
1745,1.0200344415403153
1746,1.0241726520072238
1747,1.0178212258040593
1748,1.0132726191256447
1749,1.004360468662189
1750,1.0077468720629812
1751,1.012634741809882
1752,1.0048360514820693
1753,1.031726168562281
1754,1.011580732771486
1755,1.0052969576643862
1756,1.012046065963836
1757,1.031458874360382
1758,1.0441742881526326
1759,1.034617874938878
1760,1.0214559711824371
1761,1.0082380496216665
1762,1.028949708287965
1763,1.0244588483446213
1764,1.023613979208941
1765,1.0143596774829295
1766,1.0148165793183357
1767,1.0161934388463376
1768,1.0112096487224245
1769,1.0143056636269656
1770,1.016320529184303
1771,1.020287140782966
1772,1.028956211628954
1773,1.0081248406651278
1774,1.0043166910959043
1775,1.0214933974794569
1776,1.0028528086911421
1777,1.0070882659755125
1778,1.024618459829601
1779,1.013955488880947
1780,1.0131337378621954
1781,1.00837343885658
1782,1.0204703697720625
1783,1.0068269002631065
1784,1.0141269925304948
1785,1.0148165793183357
1786,1.0153483520381719
1787,1.0348508382235075
1788,1.0076388338325362
1789,1.0122397899267985
1790,1.0288273892136988
1791,1.034617874938878
1792,1.0145394258459492
1793,1.0307746500046513
1794,1.0116735102894618
1795,1.0164774867626587
1796,1.0309164110486826
1797,1.0417211859277191
1798,1.0134225090165834
1799,1.0241726520072238
1800,1.040408589679888
1801,1.0096152419539963
1802,1.0261776739573332
1803,1.0212445452165424
1804,1.0055386894123859
1805,1.0625806491290926
1806,1.018904879277631
1807,1.0222209288566275
1808,1.0316693281335427
1809,1.0113073612454675
1810,1.0137442166309578
1811,1.0160916454338074
1812,1.0179672651044114
1813,1.021973022705076
1814,1.0099661532795305
1815,1.0382408724298573
1816,1.0231690613316065
1817,1.022944579548305
1818,1.0248622973632129
1819,1.0059227333249026
1820,1.025421159367076
1821,1.0130965288653095
1822,1.0096161478199088
1823,1.0126947760609841
1824,1.0118036679448479
1825,1.0132726191256447
1826,1.013315542016093
1827,1.0309461350359443
1828,1.0167127775462141
1829,1.0222061341786017
1830,1.0367227694933119
1831,1.0155844433988395
1832,1.010834296621082
1833,1.020586093826564
1834,1.0297218240601418
1835,1.004360468662189
1836,1.004874941902015
1837,1.0071293953821623
1838,1.0156677843821307
1839,1.01830653073643
1840,1.0113134643755817
1841,1.0107012684559313
1842,1.0229882650350968
1843,1.0441742881526326
1844,1.0213490260983984
1845,1.0249958791942315
1846,1.0307746500046513
1847,1.0208916789689377
1848,1.049267195702965
1849,1.0136021673191984
1850,1.0102755749545758
1851,1.0086930912558445
1852,1.0190135021170448
1853,1.012634741809882
1854,1.0170980117874404
1855,1.0327080586757522
1856,1.0337005753629456
1857,1.003175256858504
1858,1.023260239079962
1859,1.0124615482135346
1860,1.00986636696779
1861,1.031458874360382
1862,1.003270124795704
1863,1.0252987853741282
1864,1.0425274364028354
1865,1.0096161478199088
1866,1.0152177259898185
1867,1.014076282364102
1868,1.0261889537098212
1869,1.01631397372421
1870,1.0113785826814967
1871,1.0216987805837634
1872,1.0165289129039683
1873,1.0167471701275779
1874,1.0142445943920682
1875,1.0068833930494887
1876,1.0039990053997816
1877,1.0139095058484433
1878,1.0184821905531571
1879,1.0348417913663188
1880,1.031458874360382
1881,1.028956211628954
1882,1.0174906145957148
1883,1.012345058341531
1884,1.0297218240601418
1885,1.0538872198039457
1886,1.0154921873125275
1887,1.0055386894123859
1888,1.0125167222353624
1889,1.015758286529921
1890,1.0127051579112738
1891,1.0036246843775143
1892,1.0449382988445242
1893,1.0140957776974748
1894,1.0239803277763062
1895,1.0155110948384076
1896,1.068058854716174
1897,1.0277475107217502
1898,1.0096152419539963
1899,1.0216208305890409
1900,1.0199572129579855
1901,1.0324111335173758
1902,1.0265324879988817
1903,1.0076106937468796
1904,1.0320470306316363
1905,1.0116735102894618
1906,1.0141457566616943
1907,1.028045684731762
1908,1.0239778725199722
1909,1.0215247109084649
1910,1.0044676220993063
1911,1.028949708287965
1912,1.0151258099665168
1913,1.034279956077303
1914,1.0030640285536596
1915,1.0072058719739059
1916,1.0051556922467126
1917,1.0226140964341104
1918,1.0107557579003816
1919,1.014720608229551
1920,1.0104204174399714
1921,1.041877445863238
1922,1.0207753635900276
1923,1.010970304379906
1924,1.060546300802826
1925,1.0083107774684776
1926,1.0179300387700645
1927,1.0103574110430202
1928,1.0065531240675512
1929,1.0065531240675512
1930,1.0319832065175334
1931,1.023613979208941
1932,1.0114721457962046
1933,1.024887240201343
1934,1.005627850706118
1935,1.0234588178470003
1936,1.0233049565231935
1937,1.002301810635352
1938,1.0198887327945871
1939,1.0194846784920994
1940,1.0034770582759867
1941,1.0269394946283033
1942,1.0104559543320617
1943,1.0533322349059133
1944,1.011580732771486
1945,1.025881693281027
1946,1.0358060271744438
1947,1.0064162914868724
1948,1.0078826949282598
1949,1.0302006812416553
1950,1.0046538788582224
1951,1.020145529366189
1952,1.011379747320511
1953,1.030988902443308
1954,1.0040834764845452
1955,1.0080676065334295
1956,1.005943676112179
1957,1.0254333398333961
1958,1.0208394200575899
1959,1.0174270755578316
1960,1.0010962091379647
1961,1.0384553650052861
1962,1.0094507933464774
1963,1.0217609423716725
1964,1.0056055744640848
1965,1.0149971015475265
1966,1.023929209944506
1967,1.003270124795704
1968,1.006939661944159
1969,1.0149087399627903
1970,1.0538872198039457
1971,1.0148505314365968
1972,1.0113507838932616
1973,1.034617874938878
1974,1.0226767649705697
1975,1.0086152426776926
1976,1.021973022705076
1977,1.022944579548305
1978,1.0130965288653095
1979,1.0132297258206446
1980,1.0295009575053724
1981,1.0357840495877397
1982,1.0070918871864665
1983,1.028949708287965
1984,1.0449382988445242
1985,1.0239320306958917
1986,1.0076414265953924
1987,1.0200944894101158
1988,1.017333064425563
1989,1.0324855769236778
1990,1.0143085043871294
1991,1.0118892117294387
1992,1.0128736746460638
1993,1.025911893345703
1994,1.040713972494162
1995,1.0364290233483047
1996,1.0011586740285383
1997,1.0337205334621693
1998,1.017370138652568
1999,1.0261776739573332
2000,1.0255258919705241
2001,1.013096373368896
2002,1.031722422134389
2003,1.0093030623668777
2004,1.0125167222353624
2005,1.0264039248318044
2006,1.0315286569402162
2007,1.0073989207756555
2008,1.0139095058484433
2009,1.015103524622941
2010,1.0454848752806727
2011,1.0145231475407674
2012,1.0214933974794569
2013,1.0164774867626587
2014,1.025851551086866
2015,1.049439870898185
2016,1.0118892117294387
2017,1.015229692361845
2018,1.0155817681751673
2019,1.0326850797906342
2020,1.0075795327606556
2021,1.0034770582759867
2022,1.0170146986409305
2023,1.0301550884783208
2024,1.0228099472529344
2025,1.0330314600967498
2026,1.0067314052189633
2027,1.0257721219790779
2028,1.0627416040914468
2029,1.0095799775505465
2030,1.0206917760449274
2031,1.0312208648410914
2032,1.0044163358106355
2033,1.0498269357886412
2034,1.009783969588796
2035,1.0121140645458089
2036,1.0424495271895382
2037,1.0305022517314621
2038,1.0251818750091066
2039,1.0284558876561076
2040,1.0247738422600217
2041,1.00388494749958
2042,1.0082121458176447
2043,1.0180799549244222
2044,1.005240743947674
2045,1.0085434651809044
2046,1.0172002995761624
2047,1.0218152328902563
2048,1.022892060900874
2049,1.015474473802812
2050,1.0416274229182148
2051,1.0186311961006385
2052,1.0147362512424514
2053,1.0181273295154751
2054,1.00731190945715
2055,1.025736371819536
2056,1.015684289922617
2057,1.00354690751691
2058,1.0221277569288838
2059,1.0511455669406988
2060,1.0090351990158963
2061,1.0172277545233668
2062,1.043346088484377
2063,1.0369848772412564
2064,1.0092303392248043
2065,1.0236654245029697
2066,1.028752968075436
2067,1.0060550458363
2068,1.0180766192361055
2069,1.0121646912267945
2070,1.0125526425560643
2071,1.0336039932501893
2072,1.009441780040245
2073,1.027524535615726
2074,1.0142543463756089
2075,1.0116875625341815
2076,1.0140362968518102
2077,1.0127499623559029
2078,1.0195860252748334
2079,1.01116091698273
2080,1.0129364475761617
2081,1.0194493825194841
2082,1.0108423702428422
2083,1.0149371591482959
2084,1.0260111521181476
2085,1.0185982962488476
2086,1.0367394572239896
2087,1.0082512291511196
2088,1.0247530043058983
2089,1.0224602779661305
2090,1.0238477320086994
2091,1.0059809377067372
2092,1.023138397533177
2093,1.0072579303652385
2094,1.0202639043301245
2095,1.0138882797992408
2096,1.0165086872247675
2097,1.020835295624134
2098,1.0060550458363
2099,1.0252607276863939
2100,1.0247762276059036
2101,1.0354091187195356
2102,1.0147362512424514
2103,1.0222837006848569
2104,1.0108686248891572
2105,1.0436268439400795
2106,1.0583307012540117
2107,1.0135819908330408
2108,1.025043979609978
2109,1.0214134904010301
2110,1.0067230951491712
2111,1.017347922620588
2112,1.0020117267209203
2113,1.0344708980182862
2114,1.0289753877624057
2115,1.0163863118096366
2116,1.013648025341041
2117,1.0271660356248888
2118,1.0086716584552533
2119,1.0207890928346608
2120,1.0213670051035995
2121,1.0398882284752156
2122,1.0145982062560694
2123,1.0387241853039735
2124,1.018076740127118
2125,1.0879737176973314
2126,1.0032278589161692
2127,1.0055360561078892
2128,1.0263833906397644
2129,1.0207107177796841
2130,1.0433785861418878
2131,1.0486859542410512
2132,1.0266764574666658
2133,1.0291667392399237
2134,1.022634102669973
2135,1.0127130350263214
2136,1.0217443037829412
2137,1.0041937468569548
2138,1.005862863905293
2139,1.0217481668480122
2140,1.017823394059689
2141,1.0079536005170877
2142,1.0129528896103908
2143,1.0338704242574426
2144,1.0029740634909317
2145,1.0297426731133505
2146,1.0289753877624057
2147,1.0168424652988108
2148,1.020855364502834
2149,1.0072540706960058
2150,1.0176081260719054
2151,1.0285157115337642
2152,1.017077392845174
2153,1.0458891918076367
2154,1.0184190850458965
2155,1.0471816590030216
2156,1.0466359390852549
2157,1.0105365934244745
2158,1.0091831505637352
2159,1.015618934365259
2160,1.0099117295956677
2161,1.0078304812039804
2162,1.0392148179590377
2163,1.026284744251358
2164,1.011518781170975
2165,1.0161254009492189
2166,1.0060550458363
2167,1.049834760728351
2168,1.0242008607151631
2169,1.0304204596087247
2170,1.0336360238178641
2171,1.03786208070549
2172,1.0430918406430916
2173,1.005824399009781
2174,1.031322741788184
2175,1.0106105959197915
2176,1.0084758544374444
2177,1.0107584062807713
2178,1.015553863720277
2179,1.0098685525176092
2180,1.0310496258917499
2181,1.0066937491443768
2182,1.0185453070057604
2183,1.0256682080721429
2184,1.0209047213201285
2185,1.015273233189767
2186,1.0168930857254674
2187,1.0176100924480578
2188,1.0094521776479648
2189,1.0230666332906118
2190,1.0275576768456491
2191,1.0205460760137535
2192,1.0301674101375389
2193,1.0143796283522817
2194,1.0116916628586177
2195,1.0247505826796273
2196,1.033139186748979
2197,1.0254832649059082
2198,1.051092978153907
2199,1.024102172582616
2200,1.0273497160331293
2201,1.0051214198444673
2202,1.0421354293786782
2203,1.0281406972792129
2204,1.0171512699750804
2205,1.0305224359681089
2206,1.013042442616652
2207,1.0236504509735687
2208,1.0182202889201732
2209,1.0119384390391872
2210,1.0142323267373967
2211,1.0354091187195356
2212,1.0298090652166954
2213,1.0175942956869182
2214,1.020419626878426
2215,1.0095073386014233
2216,1.0113537749677948
2217,1.0129131801745497
2218,1.0302703250775345
2219,1.0168409458854841
2220,1.0264501458560735
2221,1.0170371833159646
2222,1.0167809858127737
2223,1.0244118363914418
2224,1.053445137374916
2225,1.0182840538267535
2226,1.024709294512249
2227,1.0218196009537897
2228,1.0204575795853117
2229,1.0317072240909422
2230,1.0322205808234435
2231,1.0311707930740288
2232,1.0131984214563616
2233,1.0109942922042827
2234,1.0131144029420507
2235,1.0072579303652385
2236,1.016125523958127
2237,1.0054292794588793
2238,1.0099912014852412
2239,1.0054275597838258
2240,1.0089591533202482
2241,1.0058854942034228
2242,1.0260581405956104
2243,1.011486594840431
2244,1.0228075676446386
2245,1.0269616318291002
2246,1.0154185957589434
2247,1.0462645303480151
2248,1.0170228633722858
2249,1.0183078618301715
2250,1.0305022517314621
2251,1.0215509821460322
2252,1.0227207575560175
2253,1.0391360817221609
2254,1.0193627047765865
2255,1.0653199111994816
2256,1.026398044994919
2257,1.0386887112430698
2258,1.0268814598860256
2259,1.012755634146535
2260,1.0307469358964896
2261,1.022694252794079
2262,1.0554381646089108
2263,1.0230567262609955
2264,1.0349800577793522
2265,1.0211304771448282
2266,1.0156379692944095
2267,1.0142163873326944
2268,1.0454055205241775
2269,1.0049737833323567
2270,1.013042442616652
2271,1.0211977593832549
2272,1.016207031529209
2273,1.0348182027241362
2274,1.048040306904646
2275,1.0213337351398621
2276,1.0387384483358724
2277,1.0076195409775348
2278,1.0524870604473016
2279,1.025277688214994
2280,1.0247044166227386
2281,1.0217067894810719
2282,1.0236309062241795
2283,1.0143685660961461
2284,1.0164151566526176
2285,1.026895322135434
2286,1.0452856289099715
2287,1.0171240246922253
2288,1.0202639043301245
2289,1.0109942922042827
2290,1.0141471788260223
2291,1.015765105662188
2292,1.0269831770403457
2293,1.0138228854127855
2294,1.0182070812938568
2295,1.0205596503399867
2296,1.036091326630368
2297,1.0094317109049777
2298,1.0628965848468719
2299,1.0302730782976601
2300,1.0074037536502232
2301,1.0226761501691202
2302,1.0147443190892496
2303,1.0156890786268413
2304,1.029521157021038
2305,1.0188393644131102
2306,1.0209047213201285
2307,1.0269961527900864
2308,1.0146303855595817
2309,1.0117733627025494
2310,1.0125399950351013
2311,1.028715303128055
2312,1.0178063056867435
2313,1.027388072795129
2314,1.0272480298335362
2315,1.025036362832051
2316,1.0189120151220747
2317,1.0481484259084806
2318,1.0179902796286275
2319,1.0049470524031932
2320,1.0121281709438779
2321,1.0288868496929695
2322,1.0312945387649635
2323,1.0236005890135096
2324,1.0058854942034228
2325,1.0258678808292017
2326,1.0180445029762655
2327,1.022513635788047
2328,1.0131956534485536
2329,1.039160441027652
2330,1.0266764574666658
2331,1.0156189925058585
2332,1.0033873257507167
2333,1.0369363086199141
2334,1.0417482970551426
2335,1.0034031482405257
2336,1.0314200499252686
2337,1.0489541532482551
2338,1.0112186251064268
2339,1.0196107641335503
2340,1.0161920474686588
2341,1.0126446334993715
2342,1.0105503007271197
2343,1.0054275597838258
2344,1.018215569433239
2345,1.0092223683485422
2346,1.0144973186795592
2347,1.0665047805696835
2348,1.0180144030001639
2349,1.0147369377889377
2350,1.0095901310303146
2351,1.0127435969975223
2352,1.012339197425892
2353,1.0180196334496956
2354,1.019119382346762
2355,1.0146091865302589
2356,1.0129589811895727
2357,1.0178140923386174
2358,1.0054605152085754
2359,1.01516472975848
2360,1.0165183286471544
2361,1.0189690847960209
2362,1.0282792295644856
2363,1.0148865962194593
2364,1.0284256062788015
2365,1.0226260256933326
2366,1.0163527268930297
2367,1.0157924167417733
2368,1.0135862629425763
2369,1.049157060878901
2370,1.006525569409532
2371,1.0146303855595817
2372,1.0114168103945738
2373,1.0213949024465292
2374,1.0081885070465626
2375,1.0109024742480617
2376,1.0217612007464087
2377,1.0244693144174974
2378,1.0122482004938715
2379,1.0122507015924607
2380,1.030889150172493
2381,1.0192657920970172
2382,1.0056964822514538
2383,1.0245082645956674
2384,1.0104135608842861
2385,1.0106589253666287
2386,1.0233264138558138
2387,1.0462218506552707
2388,1.04743438161403
2389,1.0039115842465551
2390,1.0307099743281465
2391,1.0233317426670319
2392,1.0621769863154358
2393,1.0251552450817092
2394,1.009341294770639
2395,1.015765105662188
2396,1.0225931941909683
2397,1.0120085370878655
2398,1.0042230037620266
2399,1.003910934486793
2400,1.0189678115819185
2401,1.0145117407291102
2402,1.0236504509735687
2403,1.0285184278596313
2404,1.0130950766708122
2405,1.0169604251759181
2406,1.0043282093412307
2407,1.0163962988162247
2408,1.019169171078206
2409,1.0180284057341182
2410,1.0227520391447606
2411,1.0230786774655674
2412,1.0498774776176298
2413,1.0143033580911471
2414,1.0034748002902805
2415,1.0379880700668642
2416,1.0416449702807056
2417,1.009019082820883
2418,1.049858439928431
2419,1.0231810557840137
2420,1.011821083880899
2421,1.0326935831432242
2422,1.01228334609678
2423,1.012902024520206
2424,1.0264501458560735
2425,1.0089639558305783
2426,1.0161729180575103
2427,1.0218196009537897
2428,1.0076397950307905
2429,1.013536813507998
2430,1.0315893937713592
2431,1.0257984957249362
2432,1.0230774903126425
2433,1.001439199955391
2434,1.021421356496033
2435,1.03888205386261
2436,1.0335619584016214
2437,1.024793619738716
2438,1.0317900180693473
2439,1.0373121997138728
2440,1.0412928328237354
2441,1.0158331868952468
2442,1.0112828005021335
2443,1.0166751107668803
2444,1.030895142852463
2445,1.032625532728156
2446,1.0253215711293688
2447,1.005558937393078
2448,1.0256682080721429
2449,1.019752143423025
2450,1.015096202526377
2451,1.0126669925934908
2452,1.0263589445293404
2453,1.0288868496929695
2454,1.0121127547371742
2455,1.0089622154654887
2456,1.0595191451197312
2457,1.0447610878408364
2458,1.03319977745091
2459,1.0109206106842445
2460,1.0477834533702561
2461,1.0155375675942784
2462,1.0254028386612697
2463,1.0205506028357092
2464,1.0296480385824314
2465,1.0396805155931628
2466,1.0161839873380558
2467,1.0192080684480007
2468,1.017483067427179
2469,1.0214088477007295
2470,1.0234338415525024
2471,1.039250583318509
2472,1.0298671716423362
2473,1.0099159757542489
2474,1.0160170328635556
2475,1.0238539583421362
2476,1.0319101525197218
2477,1.028140942137298
2478,1.0455625694848905
2479,1.017991693000427
2480,1.0336360238178641
2481,1.0210990731757985
2482,1.0151239878302503
2483,1.0081947183057758
2484,1.0234555594859898
2485,1.0132850454555442
2486,1.0087808968801486
2487,1.0131870673240326
2488,1.0218601182341884
2489,1.0338704242574426
2490,1.0664354954291717
2491,1.0113386734174818
2492,1.009269384521174
2493,1.0138940444671156
2494,1.0273459070622093
2495,1.0262115460721342
2496,1.0179481803390797
2497,1.0070465652522211
2498,1.0341233941975667
2499,1.0336294753640063
2500,1.0123999686904568
2501,1.0247044166227386
2502,1.012027104074392
2503,1.0549385393524109
2504,1.013678632090746
2505,1.0216559818186612
2506,1.0042230037620266
2507,1.0083746610323931
2508,1.0244823606727056
2509,1.0117978702931236
2510,1.0355980499409951
2511,1.0046368520877385
2512,1.0193751227828525
2513,1.0402792017539957
2514,1.0361106089162322
2515,1.0170941537685392
2516,1.006805683404378
2517,1.0553700262049208
2518,1.0161842911247916
2519,1.0218014606098442
2520,1.02245146506866
2521,1.0246466642019019
2522,1.0192080684480007
2523,1.017817228943231
2524,1.016125523958127
2525,1.0101579956252593
2526,1.0191654395150935
2527,1.04732230465162
2528,1.0481484259084806
2529,1.0202122767840858
2530,1.0143784319875067
2531,1.0175445548263364
2532,1.010962760782892
2533,1.0114660548948626
2534,1.016125523958127
2535,1.0269961527900864
2536,1.020967813895042
2537,1.0131544935415935
2538,1.037532019495008
2539,1.018892930086154
2540,1.019154203549531
2541,1.0375498485054349
2542,1.0143664557382355
2543,1.0651552677506453
2544,1.0390692255316403
2545,1.020342470477832
2546,1.0444097556824927
2547,1.0396207128476331
2548,1.0095520364269357
2549,1.0130820670274712
2550,1.0140385569323067
2551,1.0206845470543686
2552,1.0167809858127737
2553,1.0122934833873556
2554,1.0159940040485678
2555,1.0127624720483686
2556,1.0217815064512734
2557,1.0263457712736805
2558,1.0066009208297146
2559,1.0113340244195663
2560,1.031270435054161
2561,1.0370761835902873
2562,1.0200152408769125
2563,1.0357545522576763
2564,1.030346206745958
2565,1.0293586633543892
2566,1.0300295447464463
2567,1.0048703007949555
2568,1.0208947127794297
2569,1.0257592856276467
2570,1.0200725626019005
2571,1.024392110814017
2572,1.0241998774714698
2573,1.0051428348962113
2574,1.0142043580960103
2575,1.0276508219391634
2576,1.028143895974751
2577,1.022157690691565
2578,1.0763044850148824
2579,1.0469074379617342
2580,1.0219046700241738
2581,1.0091150358128287
2582,1.0279835319104609
2583,1.0104303062236935
2584,1.0245507407666987
2585,1.0359024478987158
2586,1.0339402655815229
2587,1.0294755190245173
2588,1.0344243740697967
2589,1.0040512418156282
2590,1.0111598886101578
2591,1.0384935497156091
2592,1.026035298885696
2593,1.0185902325766163
2594,1.0285158086333837
2595,1.004254625596886
2596,1.0231898915222324
2597,1.0239767940643663
2598,1.004391669140148
2599,1.016250890091144
2600,1.0055478107038687
2601,1.0439758140053434
2602,1.0742439308954357
2603,1.010671300536197
2604,1.0158331868952468
2605,1.005558937393078
2606,1.012533653049463
2607,1.0099012473968039
2608,1.0100639797823543
2609,1.0043201025681994
2610,1.0085102084575952
2611,1.0248936469333791
2612,1.0277726275194061
2613,1.01127622714681
2614,1.015283344050216
2615,1.023874370132181
2616,1.0496792123333156
2617,1.030289896820968
2618,1.0328012020790287
2619,1.0227281170760048
2620,1.0281527834401114
2621,1.0246240543819205
2622,1.035570424277946
2623,1.0186169226396844
2624,1.0435412623715503
2625,1.0421354293786782
2626,1.0115857933300136
2627,1.0140902149977782
2628,1.0428534154305802
2629,1.0254178871086528
2630,1.0205771575140534
2631,1.017027773876841
2632,1.0145117407291102
2633,1.018523459192118
2634,1.0151736324803133
2635,1.053918331497615
2636,1.016125523958127
2637,1.0255205127612803
2638,1.0196385605215494
2639,1.0183486753016067
2640,1.010681597159328
2641,1.01365021747117
2642,1.0103282014174106
2643,1.026631503411454
2644,1.0206960106195715
2645,1.0161470306664047
2646,1.0056820031746934
2647,1.0648470996685662
2648,1.0416083008377015
2649,1.0083746610323931
2650,1.0243236852885984
2651,1.0201300041473726
2652,1.0064826556012059
2653,1.0079082137049002
2654,1.0336039932501893
2655,1.0174435381819626
2656,1.0034970507927015
2657,1.0082703309766747
2658,1.0432252006096754
2659,1.0259902529868412
2660,1.0088029014888986
2661,1.0143854801220424
2662,1.0402550177461043
2663,1.0297875356730486
2664,1.0217133994811036
2665,1.0238687781197717
2666,1.0164617375506335
2667,1.0148320014025227
2668,1.0119913773309763
2669,1.014023031941629
2670,1.0104338494176035
2671,1.0107245020149427
2672,1.025790156190493
2673,1.0193227858296336
2674,1.0284558876561076
2675,1.0071419404060256
2676,1.0196495080346875
2677,1.0392565293029412
2678,1.008863445600648
2679,1.026409947919418
2680,1.0183256146052495
2681,1.0070056684354356
2682,1.0112675680268661
2683,1.017483067427179
2684,1.0203680660072958
2685,1.0355423296097415
2686,1.008981926161129
2687,1.0120145702166616
2688,1.0189690847960209
2689,1.0140362968518102
2690,1.004585766162521
2691,1.0532947031252682
2692,1.016367325636485
2693,1.0186758247520036
2694,1.0374490415156863
2695,1.02263336960007
2696,1.0166614041090758
2697,1.015514080433512
2698,1.029698252935585
2699,1.0247044166227386
2700,1.0115938720467528
2701,1.0080530032219344
2702,1.0017979240878645
2703,1.0148955398947326
2704,1.030889150172493
2705,1.0169632093325494
2706,1.033209154390358
2707,1.0066937491443768
2708,1.0099012473968039
2709,1.0210041663994047
2710,1.0763778535965298
2711,1.0167300551237568
2712,1.0034241049151842
2713,1.006939389099851
2714,1.0102679712205163
2715,1.0543958299204872
2716,1.0307469358964896
2717,1.0051428348962113
2718,1.0118218654628746
2719,1.0131677220027917
2720,1.0070849310231582
2721,1.036715606403798
2722,1.0266960624977939
2723,1.035625220014669
2724,1.0206960106195715
2725,1.0159022966190285
2726,1.02984809573764
2727,1.0173877811297953
2728,1.011072318221671
2729,1.0193220423031102
2730,1.0154868509767465
2731,1.0165183286471544
2732,1.0443661202131904
2733,1.0048006260191635
2734,1.0347527412738131
2735,1.0798975128858803
2736,1.014621911428432
2737,1.0203371598418203
2738,1.0097570047277353
2739,1.0251552450817092
2740,1.0261335242829535
2741,1.0446071494038838
2742,1.0334207791146173
2743,1.0099773494942705
2744,1.0197753466955193
2745,1.0203470560375758
2746,1.021416288698549
2747,1.0204518535792984
2748,1.0107596760516986
2749,1.0337264229014387
2750,1.0040160560774056
2751,1.0057881999383518
2752,1.0267551742027603
2753,1.0427991808612718
2754,1.0061586675130278
2755,1.0069033959859022
2756,1.0351721927980186
2757,1.0143206678792809
2758,1.0292691851448494
2759,1.0165210024015294
2760,1.017991693000427
2761,1.0130820670274712
2762,1.0078154621155817
2763,1.0233583546962657
2764,1.0057261497497674
2765,1.0199475805232185
2766,1.0272480298335362
2767,1.008151473967065
2768,1.0088519001610814
2769,1.0068937335781563
2770,1.028050093751057
2771,1.0122879597657903
2772,1.0259694996740036
2773,1.0285678977598862
2774,1.0436268439400795
2775,1.0207594497749208
2776,1.02800594097154
2777,1.0135717898651704
2778,1.0072540706960058
2779,1.0122493738622844
2780,1.0293586633543892
2781,1.0100372841959213
2782,1.0400696899999826
2783,1.0170705819436172
2784,1.0167790641681063
2785,1.0052844805065433
2786,1.0302375489832882
2787,1.026631503411454
2788,1.0301475826867033
2789,1.007885870061711
2790,1.0339632779639907
2791,1.0182697619371455
2792,1.0088187387376029
2793,1.0251818750091066
2794,1.0034970507927015
2795,1.0057790204601245
2796,1.0279310513331403
2797,1.0096618890985238
2798,1.0343333628658122
2799,1.0469074379617342
2800,1.019968863886326
2801,1.0258819141956872
2802,1.0103078778651435
2803,1.034534758400635
2804,1.0549385393524109
2805,1.0300592437233194
2806,1.0101744050452033
2807,1.005690882156875
2808,1.005665721122854
2809,1.0170452842753812
2810,1.013880141033196
2811,1.006143728307572
2812,1.0124118054724813
2813,1.017467143587901
2814,1.042261526525751
2815,1.0158739301416482
2816,1.0066937491443768
2817,1.0082288108012158
2818,1.0168497229950186
2819,1.0635619072438465
2820,1.0048160579748873
2821,1.04082832701774
2822,1.0502739485273982
2823,1.038312394884001
2824,1.0381354283514377
2825,1.0229302991942248
2826,1.0346228906196737
2827,1.0111613901941687
2828,1.010754388836899
2829,1.0290356971115637
2830,1.0138710350550797
2831,1.0191625223652734
2832,1.007931152480119
2833,1.0127639362685275
2834,1.0590933064336387
2835,1.0195246848873332
2836,1.0312186379924195
2837,1.0375326377829204
2838,1.0232791175142826
2839,1.0239814509737812
2840,1.0167300551237568
2841,1.0119571332736488
2842,1.024762564423594
2843,1.032362981552835
2844,1.0055937353767954
2845,1.0171813862799979
2846,1.0381581250219711
2847,1.0273913620360666
2848,1.0211198547024267
2849,1.0141808564129577
2850,1.0489885849605862
2851,1.0245656992327883
2852,1.0107424202165936
2853,1.0301592761719622
2854,1.055523211104572
2855,1.0210064016874765
2856,1.0193928528058507
2857,1.0503356345660069
2858,1.03319977745091
2859,1.030822118359187
2860,1.0252562881663279
2861,1.0529057543892257
2862,1.01653312107474
2863,1.0123999686904568
2864,1.028143895974751
2865,1.0128656787437957
2866,1.0559829345163345
2867,1.0224530522913515
2868,1.0297876093802814
2869,1.0231878697459582
2870,1.00673102174153
2871,1.0028093936661329
2872,1.0189582858961828
2873,1.0052559704952564
2874,1.029500620172575
2875,1.0742439308954357
2876,1.0277921185166101
2877,1.0343939928756383
2878,1.030990231658827
2879,1.0281767771103274
2880,1.0113687221076177
2881,1.028825771953932
2882,1.0416083008377015
2883,1.045242616672275
2884,1.0271873959873907
2885,1.0182931770261758
2886,1.0428982341769564
2887,1.0368493562256333
2888,1.0640539467608787
2889,1.0324766144171988
2890,1.0132266088470774
2891,1.0068538788769317
2892,1.0134318686094934
2893,1.027524535615726
2894,1.0179461095000806
2895,1.0143664557382355
2896,1.0343812071704985
2897,1.0377312233995162
2898,1.0670643150265549
2899,1.0175498122379933
2900,1.024284022941074
2901,1.0191887274909388
2902,1.0078835044734575
2903,1.0065071854468408
2904,1.011899909575428
2905,1.0135862629425763
2906,1.036892134094773
2907,1.0463485887517192
2908,1.0150141662096506
2909,1.0732697137525637
2910,1.016913565889447
2911,1.0239708574244744
2912,1.0094282734389353
2913,1.0179461095000806
2914,1.0172317582463322
2915,1.0117712017985663
2916,1.032404673166481
2917,1.0119771300985811
2918,1.0138926841088824
2919,1.001439199955391
2920,1.0326935831432242
2921,1.0180968993705533
2922,1.0546565674392387
2923,1.005690882156875
2924,1.008981926161129
2925,1.0298354126277705
2926,1.0229305280265477
2927,1.0485728540474106
2928,1.0212232662893566
2929,1.017898178760986
2930,1.0128083106416603
2931,1.0261905998942862
2932,1.0156242325052152
2933,1.015317589099641
2934,1.0324766144171988
2935,1.0514475866525261
2936,1.0396061468535402
2937,1.0034031482405257
2938,1.0243608021677577
2939,1.0132107069354745
2940,1.0123004952115633
2941,1.008125757753338
2942,1.0132769685383312
2943,1.0100464638947961
2944,1.0106520476336147
2945,1.0161920474686588
2946,1.031270435054161
2947,1.0518785800775696
2948,1.0323844218887057
2949,1.0126669925934908
2950,1.0529057543892257
2951,1.007682834346605
2952,1.0049588687862094
2953,1.0079393227849407
2954,1.0254028386612697
2955,1.0439955074375518
2956,1.0284038911213027
2957,1.0132064810381258
2958,1.0102228143278027
2959,1.0208942499470852
2960,1.0647509153939894
2961,1.0173334648386827
2962,1.0113386734174818
2963,1.0144705336507684
2964,1.0051469267930238
2965,1.0059412991489225
2966,1.0334207791146173
2967,1.0114304974751982
2968,1.01516183405997
2969,1.030822118359187
2970,1.0400600793152879
2971,1.0127435969975223
2972,1.0080587058679316
2973,1.01554520726802
2974,1.0070465652522211
2975,1.0145368860798456
2976,1.0075278384586095
2977,1.0354966342018204
2978,1.019013937677179
2979,1.0232191604876208
2980,1.0138527744438925
2981,1.0215817065825685
2982,1.0079041713002446
2983,1.0138710350550797
2984,1.0127390443545528
2985,1.0043300494142207
2986,1.0388063879896505
2987,1.048792642850448
2988,1.0119302675568307
2989,1.0210990731757985
2990,1.042671278213726
2991,1.0695876501616584
2992,1.0219893254187529
2993,1.0028263685059908
2994,1.040804835372914
2995,1.0356529926920026
2996,1.012483838335897
2997,1.0190284897801227
2998,1.0328689599670735
2999,1.0328241689507816
3000,1.021537874359448
3001,1.0110110442542952
3002,1.0243929623929842
3003,1.016432423602204
3004,1.0032910128348203
3005,1.0110714652563775
3006,1.0033623754576757
3007,1.0335661163318568
3008,1.0213949024465292
3009,1.005665721122854
3010,1.0106051322051899
3011,1.03786208070549
3012,1.0180144030001639
3013,1.0109404455706177
3014,1.004153949616677
3015,1.0246691278749889
3016,1.007334519095264
3017,1.0346834138690972
3018,1.0238687781197717
3019,1.0421735427659735
3020,1.0269993832648112
3021,1.0309121668279875
3022,1.0316983079158761
3023,1.0414886144469429
3024,1.0620964305042615
3025,1.0281236564362486
3026,1.0309945508273302
3027,1.0225851958637813
3028,1.0128827689009565
3029,1.0040979208829168
3030,1.0156379692944095
3031,1.0299850687931953
3032,1.0073687310634956
3033,1.0055478107038687
3034,1.0341899179754281
3035,1.021868981447088
3036,1.0217120988875643
3037,1.0118367510392479
3038,1.001070717531606
3039,1.0672859011630107
3040,1.0130547579411757
3041,1.0134235804155647
3042,1.0412320151097723
3043,1.0164860371084492
3044,1.0247044166227386
3045,1.0245082645956674
3046,1.0336028827157857
3047,1.0068937335781563
3048,1.0377778241059918
3049,1.0089622154654887
3050,1.0370954896800588
3051,1.0196764073659288
3052,1.0430342186774677
3053,1.0626306406242574
3054,1.0203959267455605
3055,1.030279636162421
3056,1.0195673785380366
3057,1.0122879597657903
3058,1.0122517175153976
3059,1.02671174497855
3060,1.0309945508273302
3061,1.0161470306664047
3062,1.037222120133508
3063,1.0265100168320096
3064,1.0099244574080617
3065,1.0323539237740118
3066,1.0355222738541994
3067,1.0204518535792984
3068,1.0210893902571665
3069,1.0117978114678396
3070,1.02202620585902
3071,1.0217602662252414
3072,1.0298858521479561
3073,1.0480781161211896
3074,1.0440644800627281
3075,1.0021994270995593
3076,1.02800594097154
3077,1.0409458798804103
3078,1.0313867328470432
3079,1.0060122612228708
3080,1.009269384521174
3081,1.016664257972856
3082,1.0191887274909388
3083,1.0106589253666287
3084,1.0444097556824927
3085,1.0190438711721694
3086,1.026244678536324
3087,1.0207609398373787
3088,1.042622449127528
3089,1.012450170184867
3090,1.003627656480265
3091,1.0239814509737812
3092,1.0143854801220424
3093,1.0256737100145625
3094,1.0147269827746919
3095,1.0119384390391872
3096,1.0219821177686967
3097,1.0162941957345375
3098,1.0422466236995773
3099,1.0151484860396358
3100,1.0165731822143511
3101,1.0196385605215494
3102,1.0469074379617342
3103,1.0360435855128791
3104,1.0057273513321774
3105,1.0502586858091336
3106,1.0426044911092618
3107,1.0080101864953932
3108,1.0131870673240326
3109,1.0092775817860982
3110,1.053445137374916
3111,1.0048579396009996
3112,1.0089763870895332
3113,1.0158201314258046
3114,1.0103283093961217
3115,1.0075342881387235
3116,1.01365021747117
3117,1.0187271254742587
3118,1.0174376048311706
3119,1.0046368520877385
3120,1.0275456004406336
3121,1.012943498437365
3122,1.0311956193919076
3123,1.0169379675085433
3124,1.004813616507876
3125,1.0199497534709094
3126,1.0147269827746919
3127,1.0094990822723864
3128,1.0130003940127117
3129,1.0174376048311706
3130,1.004476880525089
3131,1.0253096875706456
3132,1.0130888915461262
3133,1.0192531818716979
3134,1.0316162625183107
3135,1.0330269915125185
3136,1.0034623086868386
3137,1.073145178976801
3138,1.047321619876013
3139,1.0247736157224465
3140,1.0229634530112002
3141,1.0242008607151631
3142,1.0312718989809886
3143,1.0477020583798515
3144,1.0195250457344809
3145,1.0066937491443768
3146,1.0080063833207595
3147,1.0024945767932933
3148,1.0083149469178985
3149,1.0599248890943878
3150,1.0115857933300136
3151,1.0143854801220424
3152,1.0147443190892496
3153,1.017483067427179
3154,1.0141490042093486
3155,1.0155622977303962
3156,1.0502586858091336
3157,1.0091922358237453
3158,1.0091831505637352
3159,1.0166751107668803
3160,1.037090184744515
3161,1.0285839325721
3162,1.0194493825194841
3163,1.0105503007271197
3164,1.0159842618924246
3165,1.0358025107437336
3166,1.0341514626959398
3167,1.0285160020329778
3168,1.0149834788171563
3169,1.0289358829340693
3170,1.0082289693633122
3171,1.0250572063753465
3172,1.0023765360925947
3173,1.0113201119463395
3174,1.0732697137525637
3175,1.0183729773395052
3176,1.0149470294544056
3177,1.023589748643568
3178,1.0210243170782807
3179,1.0067087748205001
3180,1.0116022274774406
3181,1.0040512418156282
3182,1.0248373232901886
3183,1.0252028610156538
3184,1.0418422332645383
3185,1.0141838340526528
3186,1.0094317109049777
3187,1.0136587942994328
3188,1.016580888744489
3189,1.0215817065825685
3190,1.0334169720471624
3191,1.0402849837727106
3192,1.0393936202765468
3193,1.0218196009537897
3194,1.0670643150265549
3195,1.0122823554467169
3196,1.0433785861418878
3197,1.0412960674656537
3198,1.012902024520206
3199,1.0188393644131102
3200,1.0317072240909422
3201,1.0051214198444673
3202,1.0114578696358947
3203,1.049670430563025
3204,1.0063961899368274
3205,1.0172416329378886
3206,1.0495584237486417
3207,1.018215569433239
3208,1.0117252528818335
3209,1.0171642015890427
3210,1.02984809573764
3211,1.0311465251506986
3212,1.020642629144916
3213,1.013685919029947
3214,1.0213876299287319
3215,1.0086101057564454
3216,1.0256682080721429
3217,1.0132107069354745
3218,1.004517059879106
3219,1.0510456271398416
3220,1.0147469242456424
3221,1.0070248142546596
3222,1.0238716530652618
3223,1.0122494532242992
3224,1.011408396997358
3225,1.0131606504728004
3226,1.0185453070057604
3227,1.0132242696001927
3228,1.0206917760449274
3229,1.0097612215087524
3230,1.0101390461329107
3231,1.0056989698436056
3232,1.020342470477832
3233,1.0187297440436907
3234,1.0355991690982866
3235,1.0307470972424024
3236,1.0358578096957995
3237,1.0162252338375009
3238,1.0265277320815784
3239,1.0110110442542952
3240,1.0333199106623714
3241,1.0140003330954488
3242,1.0195155547116987
3243,1.022299884507488
3244,1.0066415872857426
3245,1.0138940444671156
3246,1.026409947919418
3247,1.0139914370236152
3248,1.0243573135367148
3249,1.0500850545848146
3250,1.0072497436863155
3251,1.0226162195346693
3252,1.035510462118991
3253,1.0269616318291002
3254,1.015076753846265
3255,1.0355807024915922
3256,1.006957550703363
3257,1.0131705044250598
3258,1.014523202619894
3259,1.012137682946795
3260,1.0131144029420507
3261,1.0092455445520438
3262,1.0149834788171563
3263,1.0135172041066587
3264,1.0136477872907497
3265,1.0298671716423362
3266,1.0466559972335472
3267,1.0402395513134097
3268,1.0135819908330408
3269,1.0161077739516058
3270,1.0329118032431794
3271,1.0234589255665287
3272,1.003910934486793
3273,1.0481133144807953
3274,1.0185663802413132
3275,1.0216773979319915
3276,1.0114660548948626
3277,1.0345051002374677
3278,1.020118272887983
3279,1.011822274212858
3280,1.0311541962603872
3281,1.03672016184329
3282,1.0117367234024282
3283,1.018545555099053
3284,1.0289358829340693
3285,1.0043444658414087
3286,1.0103730066204635
3287,1.024277096442492
3288,1.0171527439428043
3289,1.0207366822855266
3290,1.01186470637127
3291,1.0294669058555952
3292,1.0569808412111565
3293,1.030626801729408
3294,1.0163527268930297
3295,1.0238279126435024
3296,1.0083746610323931
3297,1.0323927433725328
3298,1.0107584062807713
3299,1.0171527439428043
3300,1.0310496608781032
3301,1.0103663231518356
3302,1.0198709324293314
3303,1.0264513539924545
3304,1.0218196009537897
3305,1.0157106822815032
3306,1.0194493825194841
3307,1.0162254002993256
3308,1.0241998774714698
3309,1.0263892782720716
3310,1.0145117407291102
3311,1.0368975178146365
3312,1.0135717898651704
3313,1.010952444247714
3314,1.02242918737582
3315,1.0233796980562855
3316,1.0237564520392408
3317,1.04743438161403
3318,1.0375326377829204
3319,1.0257353831331895
3320,1.033910065371197
3321,1.050687219597842
3322,1.0108106484396049
3323,1.0342215648205504
3324,1.026141891865898
3325,1.0622201113070668
3326,1.0281760896297223
3327,1.0201156571536583
3328,1.011668773295888
3329,1.0162957902906093
3330,1.0381591269455863
3331,1.0186675161904384
3332,1.0147269827746919
3333,1.0174561749675464
3334,1.0192250031647538
3335,1.0640539467608787
3336,1.0130370775514896
3337,1.0282703900485033
3338,1.0143279537422931
3339,1.0312186379924195
3340,1.0097069408793053
3341,1.0146168303186378
3342,1.0349822687228147
3343,1.0292563649614195
3344,1.0159553425711887
3345,1.0095073386014233
3346,1.0100746455008107
3347,1.0207800610046922
3348,1.0424779879595165
3349,1.0107596760516986
3350,1.0300250022311106
3351,1.0147269827746919
3352,1.0210041663994047
3353,1.0053468498231082
3354,1.0129225086335136
3355,1.020835295624134
3356,1.0207903401736917
3357,1.0079419116961148
3358,1.0115520291912785
3359,1.0218152328902563
3360,1.0220758621074217
3361,1.049064703526903
3362,1.025951420727479
3363,1.0321442056447232
3364,1.0102679712205163
3365,1.025951420727479
3366,1.007279536647756
3367,1.0097648522248859
3368,1.0178775022177309
3369,1.0167790641681063
3370,1.0162224294414663
3371,1.0163962988162247
3372,1.011668773295888
3373,1.0209945642806446
3374,1.0246691278749889
3375,1.0126317473766446
3376,1.0095271090255877
3377,1.0113021779525666
3378,1.0284569951172835
3379,1.0133983740911245
3380,1.0206023707136929
3381,1.0236721464526342
3382,1.0303545150045041
3383,1.014074471466989
3384,1.028068571691091
3385,1.0122770250424606
3386,1.0029740634909317
3387,1.0292044241565173
3388,1.0295515152256274
3389,1.0245132303337623
3390,1.0310496608781032
3391,1.0417608379482999
3392,1.024709294512249
3393,1.0216797333358032
3394,1.029943910001698
3395,1.0132242696001927
3396,1.0106926594970231
3397,1.0143050887632172
3398,1.0302375489832882
3399,1.0239291239059738
3400,1.0160727798608267
3401,1.0165828840686084
3402,1.012902024520206
3403,1.0156189925058585
3404,1.0402550177461043
3405,1.0264869302943214
3406,1.0119808891398838
3407,1.043065185217851
3408,1.0188338451936916
3409,1.0274743104097748
3410,1.0334214229148524
3411,1.0273027407563868
3412,1.015652757407707
3413,1.0068555512678419
3414,1.004585766162521
3415,1.0209855190202155
3416,1.0097570047277353
3417,1.019748855840543
3418,1.0702803955033426
3419,1.001781126066329
3420,1.0479040644318802
3421,1.042623217260374
3422,1.064747555267733
3423,1.0277752109619052
3424,1.0436427947438889
3425,1.0333419256212
3426,1.0216340512295825
3427,1.0057664980100893
3428,1.0025520886074877
3429,1.0140902149977782
3430,1.0206525889765372
3431,1.009559170104357
3432,1.0071751447044226
3433,1.009269384521174
3434,1.0171642015890427
3435,1.0066937491443768
3436,1.025951420727479
3437,1.0481133144807953
3438,1.0172317582463322
3439,1.0083286253564927
3440,1.0360112759309494
3441,1.0202854492863729
3442,1.016251859533523
3443,1.01365021747117
3444,1.03009802188449
3445,1.0796859152656186
3446,1.039160441027652
3447,1.0155662019097274
3448,1.0424495271895382
3449,1.0235076693904803
3450,1.0135414576224346
3451,1.0200614567375996
3452,1.0300250022311106
3453,1.020346709483656
3454,1.0299850687931953
3455,1.0077030162427587
3456,1.024793619738716
3457,1.0580691651379628
3458,1.032404673166481
3459,1.0200141905114353
3460,1.0141471788260223
3461,1.0038687111014537
3462,1.0089454835759368
3463,1.019350479224085
3464,1.0108947893406004
3465,1.0336897114357433
3466,1.0170452842753812
3467,1.0829629738831936
3468,1.0096800380926332
3469,1.022403716955663
3470,1.0080454190045272
3471,1.025043979609978
3472,1.0477020583798515
3473,1.0176357762801158
3474,1.019609753354571
3475,1.0187379686374325
3476,1.0017979240878645
3477,1.0174589174137005
3478,1.0402506403138296
3479,1.004517059879106
3480,1.0375436165855014
3481,1.0455625694848905
3482,1.0173825506107672
3483,1.017058769765807
3484,1.0427229062266279
3485,1.0360690960603642
3486,1.02452186364044
3487,1.0257679971335427
3488,1.0765063622235818
3489,1.0430342186774677
3490,1.0184550428698462
3491,1.0043201025681994
3492,1.015765105662188
3493,1.0052631170921484
3494,1.0140362968518102
3495,1.050982662590593
3496,1.0084739590054284
3497,1.0168459109500108
3498,1.0156890786268413
3499,1.0176357762801158
3500,1.0138648158648047
3501,1.0194493825194841
3502,1.0421445572815418
3503,1.0245903625614556
3504,1.026235400440569
3505,1.0250215490306127
3506,1.0125492269758856
3507,1.0217067894810719
3508,1.036880361717657
3509,1.0257592856276467
3510,1.0123004952115633
3511,1.0024945767932933
3512,1.0724326593354345
3513,1.0155614747552837
3514,1.0134284938852283
3515,1.0285842881654794
3516,1.0268814598860256
3517,1.0165787337852052
3518,1.022082109586965
3519,1.02853451331326
3520,1.0225805617059658
3521,1.055523211104572
3522,1.0167342562236539
3523,1.0325638358942657
3524,1.0307083935854138
3525,1.0058854942034228
3526,1.0113687221076177
3527,1.0188007665991943
3528,1.0237861937557062
3529,1.0081878357625544
3530,1.0181980891999305
3531,1.028131290824526
3532,1.0689549523213544
3533,1.0409458798804103
3534,1.0557922301560951
3535,1.0188617712140677
3536,1.0074647771423961
3537,1.018523459192118
3538,1.0491275065300298
3539,1.0118367510392479
3540,1.0388063879896505
3541,1.0247762276059036
3542,1.0396739554645282
3543,1.0243180852797518
3544,1.017339756866193
3545,1.0033623754576757
3546,1.0317728590026864
3547,1.0248936469333791
3548,1.012450170184867
3549,1.0148082114211583
3550,1.0159931194588518
3551,1.016649301571667
3552,1.0599562557032518
3553,1.0322377602445048
3554,1.023643422195334
3555,1.0207594497749208
3556,1.022513635788047
3557,1.0189690847960209
3558,1.0980184899279462
3559,1.0165223925904259
3560,1.0143743383872064
3561,1.0138882797992408
3562,1.0115925572564586
3563,1.0209945642806446
3564,1.0076876836458215
3565,1.046645013534888
3566,1.0264189939698276
3567,1.0154683277556862
3568,1.02523182914942
3569,1.0148601749903166
3570,1.0319003849662283
3571,1.0259902529868412
3572,1.0100067015334662
3573,1.0162941957345375
3574,1.0082512291511196
3575,1.03662918918037
3576,1.022861531969511
3577,1.0420738472321558
3578,1.0365269841436315
3579,1.0183132987861778
3580,1.0129891646547957
3581,1.0036120427803001
3582,1.013648025341041
3583,1.0425440389127405
3584,1.0168424652988108
3585,1.0414338719689704
3586,1.014887837303178
3587,1.0477738123669689
3588,1.0284604653111327
3589,1.0082121458176447
3590,1.0185982962488476
3591,1.0165787337852052
3592,1.0205460760137535
3593,1.0128979524726052
3594,1.0075342881387235
3595,1.0145115035537555
3596,1.0112828005021335
3597,1.0050060789575412
3598,1.0059980047197867
3599,1.0069038751846884
3600,1.0196753799595333
3601,1.0162902275622059
3602,1.0231041498863247
3603,1.012943498437365
3604,1.021421356496033
3605,1.0417639845548035
3606,1.0080931517739593
3607,1.007931152480119
3608,1.029771930151344
3609,1.0188510847497443
3610,1.0162398060202265
3611,1.02358210319851
3612,1.0115886804667635
3613,1.0082097768526355
3614,1.0166952344201696
3615,1.0102733285404246
3616,1.015724845641872
3617,1.0341291981485035
3618,1.0106965984911969
3619,1.0168730860582451
3620,1.0176100924480578
3621,1.0093366491142857
3622,1.0505478083197888
3623,1.0233317426670319
3624,1.063618020330008
3625,1.029105914312375
3626,1.0206088478609285
3627,1.0443661202131904
3628,1.0687799250515952
3629,1.0217302625983544
3630,1.0117726879468196
3631,1.008297869200971
3632,1.0124556774928768
3633,1.0209233207891457
3634,1.0307743610662334
3635,1.026265357102659
3636,1.0120530809990307
3637,1.0115857933300136
3638,1.022121013870865
3639,1.0301592761719622
3640,1.0119913773309763
3641,1.0269033004647217
3642,1.0106691696382948
3643,1.0083559187979365
3644,1.0243236852885984
3645,1.0131688914921184
3646,1.0396766126461374
3647,1.0325352300047808
3648,1.0182664050550736
3649,1.0275113076489661
3650,1.0191738929774259
3651,1.0153156195483724
3652,1.0272480298335362
3653,1.0210467119425521
3654,1.0270543674066182
3655,1.0257595346455437
3656,1.015317589099641
3657,1.0166779236157963
3658,1.0367399405438855
3659,1.0087568060693712
3660,1.013005257032086
3661,1.008125757753338
3662,1.0175974853316219
3663,1.0069633233821988
3664,1.0274743104097748
3665,1.0140362968518102
3666,1.0095439079630657
3667,1.0238477320086994
3668,1.0228904721352001
3669,1.0233626129880937
3670,1.0105848118637282
3671,1.0205360397846126
3672,1.063176038722898
3673,1.028825771953932
3674,1.0175577862653362
3675,1.0092331313949852
3676,1.0094273411083134
3677,1.0292563649614195
3678,1.0104183536089557
3679,1.0281760896297223
3680,1.0193751227828525
3681,1.0217655950483775
3682,1.0072497436863155
3683,1.0079082137049002
3684,1.0040354490487444
3685,1.0028093936661329
3686,1.0108947893406004
3687,1.0108817741485334
3688,1.0115619118244938
3689,1.0238365675445666
3690,1.0105313689009447
3691,1.0379921124531912
3692,1.0155124141876282
3693,1.025357165262286
3694,1.0529057543892257
3695,1.0277726275194061
3696,1.0189321663859423
3697,1.002731662076469
3698,1.0590933064336387
3699,1.0213949024465292
3700,1.0166614041090758
3701,1.0217154040390073
3702,1.043250627373698
3703,1.0153336427471287
3704,1.0193689459503
3705,1.0116022274774406
3706,1.0121695461125133
3707,1.0197938664459376
3708,1.0427229062266279
3709,1.008077183089357
3710,1.007885870061711
3711,1.0123627966031756
3712,1.025457989345856
3713,1.0123524221095346
3714,1.0232583477361148
3715,1.0250215490306127
3716,1.0129528896103908
3717,1.0257137296903829
3718,1.031046856399527
3719,1.0202760088877996
3720,1.0168621915555183
3721,1.0343769660646303
3722,1.0170371833159646
3723,1.0107596760516986
3724,1.0180672256628573
3725,1.0260963620544634
3726,1.0369848772412564
3727,1.0282833020226143
3728,1.0271882334750555
3729,1.008981926161129
3730,1.0318717042252419
3731,1.0227541330015242
3732,1.0160000640800444
3733,1.0319074186273884
3734,1.045665840593925
3735,1.0380378011858802
3736,1.018523459192118
3737,1.028752968075436
3738,1.0049588687862094
3739,1.0462645303480151
3740,1.0416449702807056
3741,1.0085679254799809
3742,1.018545555099053
3743,1.0390692255316403
3744,1.014023031941629
3745,1.024036465310016
3746,1.0109206106842445
3747,1.0113340244195663
3748,1.0322377602445048
3749,1.0232587575649559
3750,1.0287858936686067
3751,1.0582653219586762
3752,1.0082288108012158
3753,1.0311707930740288
3754,1.0215569556240978
3755,1.0145115035537555
3756,1.038615821089301
3757,1.0118711688310003
3758,1.0119241271577726
3759,1.017243463510583
3760,1.0127435969975223
3761,1.0291667392399237
3762,1.003769983108058
3763,1.0135080255206823
3764,1.0089454835759368
3765,1.01628457163722
3766,1.0456973596866506
3767,1.0077585457853875
3768,1.0170705819436172
3769,1.0301711683227985
3770,1.0399357435261165
3771,1.0082485223836668
3772,1.023589748643568
3773,1.0375436165855014
3774,1.013988555852746
3775,1.0033623754576757
3776,1.0034623086868386
3777,1.025951509554514
3778,1.0061469635940685
3779,1.0205229232088318
3780,1.0148204912400849
3781,1.0067188657182204
3782,1.0063961899368274
3783,1.032530331395572
3784,1.035656414968527
3785,1.0146677561585231
3786,1.0262409657673046
3787,1.018523459192118
3788,1.0260357275238914
3789,1.0430918406430916
3790,1.0165687936443517
3791,1.0344930911487584
3792,1.0108380578061602
3793,1.0466359390852549
3794,1.0236504509735687
3795,1.0189321663859423
3796,1.0098239431608036
3797,1.021572883092408
3798,1.0138926841088824
3799,1.0188762321802625
3800,1.0219046700241738
3801,1.015546251851447
3802,1.0154200982775698
3803,1.010732195808862
3804,1.0104107984565698
3805,1.0085102084575952
3806,1.020618279773401
3807,1.0630191120776182
3808,1.0206088478609285
3809,1.0176767879754465
3810,1.0159023544828436
3811,1.0129904525128872
3812,1.0126760316752683
3813,1.0456973596866506
3814,1.0333678551624401
3815,1.0097648522248859
3816,1.0182395246035323
3817,1.013310665772391
3818,1.0066790039944042
3819,1.0106759689055185
3820,1.0253523213357854
3821,1.00806175496418
3822,1.0029383721821323
3823,1.0160116012676768
3824,1.0092223683485422
3825,1.0291239088926005
3826,1.0176567838860995
3827,1.010754388836899
3828,1.0060653804005266
3829,1.0236112358501335
3830,1.011996183773987
3831,1.0276058903012566
3832,1.0108185198525288
3833,1.0128411523354008
3834,1.0127130350263214
3835,1.0342991757442033
3836,1.0333174702162686
3837,1.018523459192118
3838,1.0287858936686067
3839,1.0439750324649946
3840,1.0254958101517093
3841,1.029976533744444
3842,1.0121127547371742
3843,1.021195644778202
3844,1.003627656480265
3845,1.0391524344671332
3846,1.0298671716423362
3847,1.0595172152776635
3848,1.0135515032944058
3849,1.0095799775505465
3850,1.0129904525128872
3851,1.045419259639256
3852,1.0077585457853875
3853,1.0259832902325943
3854,1.0034241049151842
3855,1.0104904454140333
3856,1.0174561749675464
3857,1.0316109293267512
3858,1.0050201716254286
3859,1.0377719057196373
3860,1.0354958241494001
3861,1.0194493825194841
3862,1.0305509009953304
3863,1.013896159071012
3864,1.001439199955391
3865,1.0086197596113355
3866,1.020085657946661
3867,1.0136752611429438
3868,1.0233626129880937
3869,1.0105726677884983
3870,1.0156288423522375
3871,1.0061575596356949
3872,1.007032102455557
3873,1.0401046878701339
3874,1.0207971878098587
3875,1.0087808968801486
3876,1.0318466869601997
3877,1.0216243205308353
3878,1.0126669925934908
3879,1.008965321678562
3880,1.0203478832735629
3881,1.0082183213684235
3882,1.011822274212858
3883,1.0341444959888706
3884,1.0180733120782648
3885,1.0209680809442678
3886,1.0496792123333156
3887,1.0429671643507346
3888,1.020837627238086
3889,1.0134622703007825
3890,1.0318900500379191
3891,1.0180964268762283
3892,1.0572255918042637
3893,1.0469074379617342
3894,1.010155914617312
3895,1.0201974591409366
3896,1.0091577406478052
3897,1.0164071262856686
3898,1.0307503747477846
3899,1.0261335242829535
3900,1.0265374706181474
3901,1.0262528197796104
3902,1.0443536231102377
3903,1.0153827738901402
3904,1.0267594781554639
3905,1.0112160494769598
3906,1.0300097243789892
3907,1.0161580624045887
3908,1.0447610878408364
3909,1.0147740126419544
3910,1.0217120988875643
3911,1.0215817065825685
3912,1.052340517071965
3913,1.0177575351302925
3914,1.0082290718998905
3915,1.0121281709438779
3916,1.0234994980228787
3917,1.0139452068459816
3918,1.0038828295197364
3919,1.00388494749958
3920,1.028830738708198
3921,1.0051214198444673
3922,1.0635619072438465
3923,1.0481484259084806
3924,1.0222306471774878
3925,1.0126317473766446
3926,1.006458446063733
3927,1.0194479339006322
3928,1.014523202619894
3929,1.0247505826796273
3930,1.029500620172575
3931,1.0028093936661329
3932,1.0191625223652734
3933,1.0582653219586762
3934,1.0218387118766823
3935,1.035510462118991
3936,1.0407000175008843
3937,1.0162957902906093
3938,1.017167275353845
3939,1.0069845085632798
3940,1.0200071866333709
3941,1.0237946768155384
3942,1.0142979575907407
3943,1.0151993445792782
3944,1.0262409657673046
3945,1.0061933386724966
3946,1.0078304812039804
3947,1.0120145702166616
3948,1.0284604653111327
3949,1.0400670190806915
3950,1.0022746612099807
3951,1.0131677220027917
3952,1.0258678651689412
3953,1.0149692975296174
3954,1.014975441169904
3955,1.0134909081961732
3956,1.017634800439891
3957,1.02198148121769
3958,1.0180477213296997
3959,1.019946971143459
3960,1.0139914370236152
3961,1.008882487088815
3962,1.0411086809426275
3963,1.0202037275342497
3964,1.023630897540689
3965,1.0073816865430791
3966,1.0082505417578398
3967,1.045419259639256
3968,1.0207594497749208
3969,1.0402395513134097
3970,1.0177562714256079
3971,1.0080412684600972
3972,1.0511991629732464
3973,1.0312023433291235
3974,1.0323736800484085
3975,1.0072178416352566
3976,1.0181017060525481
3977,1.036091326630368
3978,1.0379880700668642
3979,1.036511465743742
3980,1.0417608379482999
3981,1.02452186364044
3982,1.0059980047197867
3983,1.028436711527703
3984,1.0335586185679877
3985,1.0087551536665786
3986,1.0090476361135858
3987,1.003820663712119
3988,1.0176184446798675
3989,1.0082485223836668
3990,1.0121281709438779
3991,1.0277726275194061
3992,1.0167359055389944
3993,1.0154868509767465
3994,1.0212868540772855
3995,1.0272336917832932
3996,1.0069062133090638
3997,1.0369848772412564
3998,1.0217174958110753
3999,1.0024945767932933
4000,1.0148601749903166
4001,1.012450170184867
4002,1.0124310367728846
4003,1.0136945329239786
4004,1.0138882797992408
4005,1.030346206745958
4006,1.0337161524876979
4007,1.0651467393187346
4008,1.0079138121874054
4009,1.0421354293786782
4010,1.025821793856614
4011,1.0289309565612146
4012,1.0129225086335136
4013,1.0406883270024205
4014,1.041325842922911
4015,1.020618279773401
4016,1.0257353831331895
4017,1.0498269357886412
4018,1.0313154781212621
4019,1.0176567838860995
4020,1.0062104905605136
4021,1.0205229232088318
4022,1.0196200523669885
4023,1.0079269395791504
4024,1.0158201314258046
4025,1.0276911809423073
4026,1.00523693971471
4027,1.0469074379617342
4028,1.0151484860396358
4029,1.0442845226248625
4030,1.0533947138485134
4031,1.006614273709487
4032,1.0523898295543699
4033,1.0074993359744893
4034,1.045242616672275
4035,1.0246691278749889
4036,1.0159820099925583
4037,1.0082097768526355
4038,1.0075851443289683
4039,1.0197508342473756
4040,1.0198469094654938
4041,1.0085580609230966
4042,1.0469074379617342
4043,1.0299850687931953
4044,1.0159023544828436
4045,1.009355988245363
4046,1.0227207575560175
4047,1.0152526728251285
4048,1.002731662076469
4049,1.0414754568179472
4050,1.0168191680805019
4051,1.032489991295202
4052,1.010764071948247
4053,1.0131606504728004
4054,1.0392226997069933
4055,1.0165804840990122
4056,1.0406615134975514
4057,1.056447892225362
4058,1.0610912815912044
4059,1.0114528531502174
4060,1.0105576392562512
4061,1.023138397533177
4062,1.015476920829904
4063,1.0170452842753812
4064,1.0213670051035995
4065,1.0176783424834985
4066,1.02671174497855
4067,1.00454134723432
4068,1.010754388836899
4069,1.0050463576434703
4070,1.0208208614414795
4071,1.007808180326237
4072,1.0192250031647538
4073,1.0681893850004545
4074,1.0272480298335362
4075,1.0161842911247916
4076,1.0052195332761635
4077,1.0122482312203744
4078,1.028436711527703
4079,1.0118783673602343
4080,1.0122948748149734
4081,1.0367562611343704
4082,1.0166161321297662
4083,1.03378015421655
4084,1.0109261631582123
4085,1.0111598886101578
4086,1.0289309565612146
4087,1.0057083335418264
4088,1.0103283093961217
4089,1.0122770250424606
4090,1.023589748643568
4091,1.0291759187989293
4092,1.0378050827616918
4093,1.0183729773395052
4094,1.0062104905605136
4095,1.0179155809588232
4096,1.0254942455116245
4097,1.0552256224991299
4098,1.0670601417530434
4099,1.0056827734713059
4100,1.0233710717330688
4101,1.0250938579605315
4102,1.0038458026199382
4103,1.0284121664968224
4104,1.03378015421655
4105,1.0159940040485678
4106,1.016277621487208
4107,1.0368767915130928
4108,1.0205221395356
4109,1.0323539237740118
4110,1.0143743383872064
4111,1.0191022841506614
4112,1.0202854492863729
4113,1.039601843343523
4114,1.019252979820862
4115,1.0463485887517192
4116,1.0417608379482999
4117,1.0183719548963415
4118,1.0225949097185907
4119,1.0204134831354967
4120,1.0401078710081295
4121,1.0222799727736314
4122,1.0097525816188295
4123,1.004153949616677
4124,1.0093004559283676
4125,1.0038869239104304
4126,1.0172599424985134
4127,1.01127622714681
4128,1.027347544583386
4129,1.009441780040245
4130,1.0306464241581854
4131,1.0032849193856344
4132,1.0061575596356949
4133,1.0095531131608
4134,1.071864571593342
4135,1.011072318221671
4136,1.0190555103667878
4137,1.0155542778430915
4138,1.003820663712119
4139,1.0160902668220573
4140,1.019117317965541
4141,1.003627656480265
4142,1.0583394038637353
4143,1.0107584062807713
4144,1.01740400168509
4145,1.0184190850458965
4146,1.0166751107668803
4147,1.0183150238679428
4148,1.0489885849605862
4149,1.022634102669973
4150,1.0192627415278215
4151,1.016531547800491
4152,1.0120621820809275
4153,1.0125183747617068
4154,1.017077392845174
4155,1.016847233738668
4156,1.0251901940488635
4157,1.0616222615899045
4158,1.0038699537370253
4159,1.0117240620395445
4160,1.0214870687983306
4161,1.0234555594859898
4162,1.0105495339387254
4163,1.0101390461329107
4164,1.0227541330015242
4165,1.003769983108058
4166,1.0136477872907497
4167,1.0249620508681303
4168,1.0328025854859773
4169,1.020985051193026
4170,1.018392754675168
4171,1.022540211188886
4172,1.0388088660526424
4173,1.007265548017588
4174,1.0394682071451118
4175,1.011899909575428
4176,1.0032664761090286
4177,1.0474598921246083
4178,1.0165521774071604
4179,1.0399949712049936
4180,1.0051266685044344
4181,1.0156433219184742
4182,1.0202936148922188
4183,1.0026574438341305
4184,1.0202037275342497
4185,1.0173732994915978
4186,1.0129038180135908
4187,1.0191608806092163
4188,1.040815411775756
4189,1.0272231683211588
4190,1.0190864747872448
4191,1.0192290673528057
4192,1.0260050079309018
4193,1.009026493652778
4194,1.0166758168018264
4195,1.0158331868952468
4196,1.0126669925934908
4197,1.0241162436744866
4198,1.0151352082098826
4199,1.0083072660924062
4200,1.0157106822815032
4201,1.01516183405997
4202,1.027388072795129
4203,1.055514981783442
4204,1.0168409458854841
4205,1.0052849310795715
4206,1.0128445783085502
4207,1.00454134723432
4208,1.028617431628651
4209,1.0119637847593912
4210,1.0393065165926394
4211,1.0505341037489495
4212,1.0263630232316279
4213,1.039009797211837
4214,1.0219003010736358
4215,1.0238687781197717
4216,1.0193220423031102
4217,1.0341045265215247
4218,1.01516472975848
4219,1.007490461149621
4220,1.0146909935696637
4221,1.0131614035243872
4222,1.0329118032431794
4223,1.0126073494113825
4224,1.01885658445786
4225,1.0061099546471481
4226,1.0417482970551426
4227,1.0228622453061607
4228,1.0181524616406337
4229,1.0469268326160612
4230,1.02738771302957
4231,1.0139914370236152
4232,1.0234338415525024
4233,1.0420395665887658
4234,1.0148082114211583
4235,1.040815411775756
4236,1.012755634146535
4237,1.016251859533523
4238,1.0161254009492189
4239,1.0242008607151631
4240,1.0244693144174974
4241,1.0135172041066587
4242,1.043065185217851
4243,1.029501290202548
4244,1.0202844190982594
4245,1.0100372841959213
4246,1.0333174702162686
4247,1.0061099546471481
4248,1.0230982962808215
4249,1.0264506374367888
4250,1.019119382346762
4251,1.0330236038460059
4252,1.0024945767932933
4253,1.0069633233821988
4254,1.0141184950896909
4255,1.006458446063733
4256,1.00806175496418
4257,1.017693248931309
4258,1.0176783424834985
4259,1.0173961826765494
4260,1.0633267511844284
4261,1.018731419314443
4262,1.0095073386014233
4263,1.0260581405956104
4264,1.012290140957513
4265,1.0227541330015242
4266,1.0269616318291002
4267,1.0257984957249362
4268,1.0193689459503
4269,1.0206023707136929
4270,1.0307557690276026
4271,1.02853451331326
4272,1.028825771953932
4273,1.0136752611429438
4274,1.0169749022941852
4275,1.0150564462819764
4276,1.0065524947769524
4277,1.0355423296097415
4278,1.0183293593061364
4279,1.0109407043549503
4280,1.0231038823377754
4281,1.001070717531606
4282,1.0447610878408364
4283,1.0248234861014127
4284,1.0079662342638949
4285,1.0335079938893836
4286,1.0250572063753465
4287,1.025773441976499
4288,1.0119771300985811
4289,1.0139374475312868
4290,1.0106051322051899
4291,1.011199786140081
4292,1.0107245020149427
4293,1.028050093751057
4294,1.0395038786119373
4295,1.02984809573764
4296,1.0188667289102096
4297,1.009559170104357
4298,1.0324766144171988
4299,1.0083340534294991
4300,1.0155375675942784
4301,1.0067087748205001
4302,1.0113386734174818
4303,1.0530516208438592
4304,1.0172797035931356
4305,1.0092331313949852
4306,1.0664354954291717
4307,1.0186023782190223
4308,1.027450088429852
4309,1.0024045440678753
4310,1.0061763663810939
4311,1.0136087808498095
4312,1.0354488216810755
4313,1.010840543655611
4314,1.0168161238503985
4315,1.0229634530112002
4316,1.0254028386612697
4317,1.0157109896579088
4318,1.0105403503691708
4319,1.0131677220027917
4320,1.0170185760562453
4321,1.019897647256754
4322,1.0108950743212968
4323,1.0081909746035036
4324,1.0247828467690756
4325,1.0187297440436907
4326,1.0340981820551864
4327,1.02740672148988
4328,1.0370761835902873
4329,1.0144973186795592
4330,1.041325842922911
4331,1.0114578696358947
4332,1.0123297138374034
4333,1.0383647500350202
4334,1.0395738912719792
4335,1.0133983740911245
4336,1.007023776785367
4337,1.0341604233240147
4338,1.0219006095783998
4339,1.0154200982775698
4340,1.0195963600815412
4341,1.008693661913148
4342,1.0183429133651567
4343,1.014887837303178
4344,1.0337161524876979
4345,1.0284569951172835
4346,1.0412768691819385
4347,1.016913565889447
4348,1.0217443540139999
4349,1.0171240246922253
4350,1.016897455624772
4351,1.0224186972517912
4352,1.0170452842753812
4353,1.0088967742364405
4354,1.01147645977116
4355,1.0162799762242787
4356,1.0140345236270984
4357,1.0251818750091066
4358,1.0106759689055185
4359,1.0217602662252414
4360,1.0169379675085433
4361,1.0165787337852052
4362,1.0220758621074217
4363,1.0072460598412416
4364,1.0123057423775308
4365,1.019169171078206
4366,1.0791150479774454
4367,1.0238477320086994
4368,1.0101533677571313
4369,1.0173414433626553
4370,1.0074231578295014
4371,1.007021266300166
4372,1.0121097041534033
4373,1.0189819209696214
4374,1.0091922358237453
4375,1.0322205808234435
4376,1.0286287975098678
4377,1.0053111991480002
4378,1.0096345376298363
4379,1.0163350813888994
4380,1.0141402833446798
4381,1.0122482004938715
4382,1.0186260348851117
4383,1.0247828467690756
4384,1.0089893671178756
4385,1.0079536005170877
4386,1.0129062966008966
4387,1.0135080255206823
4388,1.0599562557032518
4389,1.017339756866193
4390,1.0142323267373967
4391,1.021421356496033
4392,1.0337527161459288
4393,1.0151655791052308
4394,1.006525569409532
4395,1.0196910498927676
4396,1.0391161446297614
4397,1.0070777013175478
4398,1.0141838340526528
4399,1.0038687111014537
4400,1.0150247086361193
4401,1.0392565293029412
4402,1.0476104445472627
4403,1.026141891865898
4404,1.0105823597850623
4405,1.0145121638517784
4406,1.0373046921545057
4407,1.0176783424834985
4408,1.0188299938152419
4409,1.0372817440888977
4410,1.0129975538103355
4411,1.0034512649975624
4412,1.0118711688310003
4413,1.0263892782720716
4414,1.0146392448425756
4415,1.014975441169904
4416,1.0109557131933464
4417,1.02369074476581
4418,1.0763044850148824
4419,1.0252545019802999
4420,1.0199572772565173
4421,1.0357066329688496
4422,1.016839178399194
4423,1.0205506028357092
4424,1.0202760088877996
4425,1.0223379264141004
4426,1.0207366822855266
4427,1.026615120314421
4428,1.0097069408793053
4429,1.0127130350263214
4430,1.0242293782353102
4431,1.0393245406627187
4432,1.0046251365125451
4433,1.0371044469751902
4434,1.0390221846393697
4435,1.0053111991480002
4436,1.0311774413687333
4437,1.0522170282680288
4438,1.017797732817005
4439,1.0072540706960058
4440,1.0089948028675382
4441,1.0538261162594766
4442,1.0073423628680078
4443,1.0432671893103984
4444,1.0699630620371685
4445,1.0121652076291237
4446,1.0171161242951636
4447,1.0158720250401065
4448,1.0184190850458965
4449,1.0184092098881772
4450,1.0190555103667878
4451,1.0096418245852816
4452,1.0202639043301245
4453,1.0323316673519474
4454,1.0474606095537171
4455,1.0073423628680078
4456,1.0241055257211265
4457,1.0230946117448099
4458,1.0119637847593912
4459,1.0406883270024205
4460,1.0140902149977782
4461,1.0128827689009565
4462,1.0093004559283676
4463,1.0130003940127117
4464,1.0361651242617507
4465,1.0231038823377754
4466,1.023256809539148
4467,1.0384267497177138
4468,1.0336396583316716
4469,1.0353857369654855
4470,1.0140362968518102
4471,1.0083724008394477
4472,1.0302730782976601
4473,1.020342470477832
4474,1.0082290718998905
4475,1.0133296309447455
4476,1.0097033317041801
4477,1.0212013469456613
4478,1.014743170695404
4479,1.0119637847593912
4480,1.023193334184308
4481,1.048040306904646
4482,1.014183317417568
4483,1.0081947183057758
4484,1.0275576768456491
4485,1.0126376986184635
4486,1.0216718731923635
4487,1.0665047805696835
4488,1.0448690578653745
4489,1.0245132303337623
4490,1.0128893257903442
4491,1.013722966158385
4492,1.0226260256933326
4493,1.0151352082098826
4494,1.0305224359681089
4495,1.0198618057619735
4496,1.0224704381743799
4497,1.015710789015455
4498,1.0121652076291237
4499,1.0384335683824626
4500,1.0091577406478052
4501,1.0462252352105705
4502,1.006225442508994
4503,1.0190297368982775
4504,1.0284734646092843
4505,1.0239130561820136
4506,1.0340198688390339
4507,1.0358139461693503
4508,1.0148082114211583
4509,1.0343719225912258
4510,1.0193928528058507
4511,1.0179616441859771
4512,1.0042230037620266
4513,1.0216797333358032
4514,1.0193227858296336
4515,1.019013937677179
4516,1.0180082540776725
4517,1.0168409458854841
4518,1.023256809539148
4519,1.0034261644134719
4520,1.0168424652988108
4521,1.0196594689928948
4522,1.0074647771423961
4523,1.0526621544398274
4524,1.0128100771976307
4525,1.0085434651809044
4526,1.0029740634909317
4527,1.0730316037681995
4528,1.0234756178408062
4529,1.0054292794588793
4530,1.0481133144807953
4531,1.0090291002793452
4532,1.0414886144469429
4533,1.0162224294414663
4534,1.0224484207160225
4535,1.0239708574244744
4536,1.0299540701228456
4537,1.0109146144315573
4538,1.034889773891529
4539,1.014895464392083
4540,1.0363314836166897
4541,1.0417482970551426
4542,1.0091992981980702
4543,1.0094763623645004
4544,1.0110884617914826
4545,1.0102716576372517
4546,1.0320309612766194
4547,1.0180144030001639
4548,1.0045647223733754
4549,1.03672016184329
4550,1.0043282093412307
4551,1.0086716584552533
4552,1.0406883270024205
4553,1.02242918737582
4554,1.0237517601627104
4555,1.0117870978227699
4556,1.0079269395791504
4557,1.0256044040226533
4558,1.0822927348406255
4559,1.0183293593061364
4560,1.013685919029947
4561,1.0259494484717198
4562,1.0180284057341182
4563,1.006957550703363
4564,1.0504298136342922
4565,1.0103283093961217
4566,1.0228904721352001
4567,1.0094150769222638
4568,1.0287858936686067
4569,1.0208725853084726
4570,1.0143617122755295
4571,1.0177394974734264
4572,1.0432671893103984
4573,1.012286968039641
4574,1.0105142205146755
4575,1.0432252006096754
4576,1.004986184242151
4577,1.0089639558305783
4578,1.033936722714001
4579,1.0328025854859773
4580,1.0104904454140333
4581,1.017046154285755
4582,1.0073032498345664
4583,1.0151725899048964
4584,1.0251143473347522
4585,1.0129715314141572
4586,1.0056820031746934
4587,1.0255669375673366
4588,1.041969578869875
4589,1.0126409239822176
4590,1.0035238282469763
4591,1.073145178976801
4592,1.0236654245029697
4593,1.007682834346605
4594,1.004652188934939
4595,1.0248152107081077
4596,1.023579283128242
4597,1.0078329244254045
4598,1.037688145622146
4599,1.0198823451603891
4600,1.01127622714681
4601,1.0127700471874883
4602,1.004652188934939
4603,1.017898178760986
4604,1.0049973507130034
4605,1.0126376986184635
4606,1.013725099147171
4607,1.0261860955086106
4608,1.0090942283564661
4609,1.033139186748979
4610,1.013685919029947
4611,1.013169837557149
4612,1.0153827738901402
4613,1.0061099546471481
4614,1.0439750324649946
4615,1.0109206106842445
4616,1.0080412684600972
4617,1.0286161186996128
4618,1.0182664050550736
4619,1.0141184950896909
4620,1.009371916885428
4621,1.0131470919174888
4622,1.0393307013644184
4623,1.0245501931011713
4624,1.021000120830866
4625,1.0320734604269817
4626,1.0168730860582451
4627,1.0061193922546499
4628,1.0265025234662721
4629,1.003820663712119
4630,1.0260357275238914
4631,1.0088029206548061
4632,1.0647509153939894
4633,1.042622449127528
4634,1.010339652242103
4635,1.0220266032422536
4636,1.0525146067963331
4637,1.0124515125405193
4638,1.0188762321802625
4639,1.0448814533019002
4640,1.0443536231102377
4641,1.0262409657673046
4642,1.0156733459986578
4643,1.0156283162763664
4644,1.0089893671178756
4645,1.0094273411083134
4646,1.0170661990809455
4647,1.0447856178120944
4648,1.02202620585902
4649,1.0086101057564454
4650,1.0128601400632953
4651,1.0108478520682294
4652,1.0135053502619877
4653,1.0190429855696614
4654,1.015587020826018
4655,1.015784469120974
4656,1.0274743104097748
4657,1.0323539237740118
4658,1.0215817065825685
4659,1.0151407817169316
4660,1.0164368420601535
4661,1.0135720213346269
4662,1.009972802851948
4663,1.0377312233995162
4664,1.0314474003566247
4665,1.0291659311951462
4666,1.0082505417578398
4667,1.0149834788171563
4668,1.0272480298335362
4669,1.00753108709072
4670,1.0331467280200157
4671,1.0089591533202482
4672,1.0089639558305783
4673,1.0130888915461262
4674,1.01586076213573
4675,1.0445091089775533
4676,1.0104135608842861
4677,1.0430031009409282
4678,1.0235327059061987
4679,1.0195155547116987
4680,1.0087808968801486
4681,1.0043300494142207
4682,1.01700897529838
4683,1.028777101150167
4684,1.0238954421127586
4685,1.0408287362788535
4686,1.0174122548785152
4687,1.01229179029946
4688,1.0047934716712716
4689,1.0069740991933898
4690,1.0277046064549566
4691,1.0670601417530434
4692,1.021790967529285
4693,1.0076891442788523
4694,1.0102500675371542
4695,1.01265403625601
4696,1.0149371591482959
4697,1.0676709934724513
4698,1.0116043607954108
4699,1.007659104601263
4700,1.027017891489068
4701,1.0118327936156721
4702,1.0323736800484085
4703,1.0216289361059998
4704,1.010764071948247
4705,1.0095073386014233
4706,1.0522193266467201
4707,1.0158472908371117
4708,1.0083559187979365
4709,1.0165225594928393
4710,1.0070248142546596
4711,1.0281171642261517
4712,1.0053468498231082
4713,1.0112675680268661
4714,1.0101744050452033
4715,1.0430918406430916
4716,1.0196245035578444
4717,1.0110723037283633
4718,1.0095474797953548
4719,1.022157690691565
4720,1.0106736617306165
4721,1.0149834788171563
4722,1.037090184744515
4723,1.026307298673162
