obs_index,rhat
1,1.1002956493936866
2,1.0883327828696963
3,1.2647416495849289
4,1.2240332976882582
5,1.1776139616052597
6,1.1664739861824864
7,1.2493730177589228
8,1.1680290650635161
9,1.5417727001109112
10,1.461284683226504
11,1.122012090914243
12,1.2984200534708696
13,1.1941463019489125
14,1.0491628936611408
15,1.3754524582577048
16,1.4222513940915336
17,1.0776130920321032
18,1.1806987583905844
19,1.3907630035948708
20,1.144597582413553
21,1.0682982290445762
22,1.1177621909807605
23,1.119567621806727
24,1.3535193330488269
25,1.0639046565822792
26,1.0972411532363662
27,1.199354087062164
28,1.1775018359218459
29,1.1064484802062338
30,1.0949633338624114
31,1.1431818166482532
32,1.1095004676426172
33,1.1281814461505109
34,1.1302707001541616
35,1.1969409394315766
36,1.339926409636656
37,1.2213434133441092
38,1.1379479783307853
39,1.3815931991091643
40,1.0962064492526975
41,1.5071218894775813
42,1.3574624839954657
43,1.3579829970439086
44,1.1199506256413554
45,1.1180366459485414
46,1.3327475278076324
47,1.2203049543302245
48,1.4079294503487372
49,1.1628656675368083
50,1.6504644225926692
51,1.07375637966677
52,1.1284793731202867
53,1.2583860529378013
54,1.1794366195658537
55,1.182223241567953
56,1.109525697008741
57,1.1182162813620893
58,1.1311947973411212
59,1.1018021977786
60,1.1281814461505109
61,1.1372820416192
62,1.1776139616052597
63,1.2034757155802498
64,1.4393913762931216
65,1.089811021427849
66,1.0377525165335904
67,1.1038674229966656
68,1.1522634173813977
69,1.0934709251570773
70,1.1031480059154528
71,1.1721201486796053
72,1.1407583011448663
73,1.1586667061996792
74,1.2831059402568605
75,1.1958495244893923
76,1.0656791941880748
77,1.0782324759276072
78,1.0974583712381751
79,1.127537058823526
80,1.1439881255019615
81,1.1116505223711455
82,1.2245872120864871
83,1.0764059524257594
84,1.1585005559890962
85,1.4079294503487372
86,1.2003719075936596
87,1.4902384306299874
88,1.29644996948964
89,1.5071218894775813
90,1.1846411923160944
91,1.0498412000241248
92,1.1201733422007525
93,1.1386753592416707
94,1.085078184718268
95,1.0698616839034762
96,1.2252214088037918
97,1.4393913762931216
98,1.1686061022045502
99,1.0478801502565696
100,1.3327475278076324
101,1.3925118736983877
102,1.1794366195658537
103,1.2178011502388153
104,1.1527411560873566
105,1.1889061270909944
106,1.4528132224456523
107,1.193252619150207
108,1.125464097317658
109,1.0809246520444549
110,1.0806484981322106
111,1.2845728887166268
112,1.1125446076212477
113,1.224428769747884
114,1.0737873579210941
115,1.23709853505184
116,1.085078184718268
117,1.088116211946974
118,1.145224488104715
119,1.0984668424806858
120,1.1452542400226486
121,1.250908706316174
122,1.1767865191654232
123,1.0239886978999948
124,1.1851210589298984
125,1.1424565423492234
126,1.4740592920723177
127,1.2159821425559312
128,1.0844878232737842
129,1.0817632418340697
130,1.0656837214099066
131,1.1243525944662744
132,1.2041063873700026
133,1.3512677516639138
134,1.278879471392773
135,1.1741484816872179
136,1.1645399148535163
137,1.1143214452680132
138,1.1499528609861314
139,1.1552539431279032
140,1.1558536252517215
141,1.1764875849132876
142,1.1573517323509173
143,1.1995326341327293
144,1.1391531442253082
145,1.32529323297079
146,1.0537776944212542
147,1.262360124201657
148,1.2299388629923136
149,1.122012090914243
150,1.1974285532124391
151,1.1556351734953931
152,1.1076028406019243
153,1.31569840758179
154,1.0767471012395913
155,1.1177621909807605
156,1.2372642570828138
157,1.2294199292089059
158,1.2095088099417466
159,1.084856967011087
160,1.3133397264241913
161,1.2041063873700026
162,1.0699183045039251
163,1.302923722989957
164,1.0260456877704156
165,1.075192066848137
166,1.171369480039354
167,1.1990954284250552
168,1.4710001387650957
169,1.5156503419485237
170,1.0528122594821254
171,1.1310634506995867
172,1.2097090099353849
173,1.2114395069679609
174,1.2647416495849289
175,1.2080896356810067
176,1.1711626482647128
177,1.089811021427849
178,1.109525697008741
179,1.2970194107570678
180,1.2334933385583824
181,1.1338474268596916
182,1.2831059402568605
183,1.1484016363464837
184,1.1331312239555775
185,1.1354742904304644
186,1.1038674229966656
187,1.2175131036073215
188,1.0614542316265179
189,1.132886123274509
190,1.092992689762225
191,1.3802692029585033
192,1.1038674229966656
193,1.1201733422007525
194,1.072186248999225
195,1.089811021427849
196,1.4151426637594404
197,1.1358609923905418
198,1.354083103617569
199,1.1585005559890962
200,1.2450064209831628
201,1.1560869075798546
202,1.3462647499289282
203,1.2174882508593083
204,1.0652726814903353
205,1.4079294503487372
206,1.0976472714357903
207,1.1964104202692292
208,1.1243525944662744
209,1.1984440099877551
210,1.1533804176446865
211,1.1815095414855512
212,1.1939849583798485
213,1.1273193051451658
214,1.2364836309250213
215,1.273493346847402
216,1.2815889985465219
217,1.2919432016393402
218,1.1193158066849538
219,1.3294350300791478
220,1.2136781438980144
221,1.2067698977210188
222,1.2260344295762957
223,1.1293413523375573
224,1.1516257139448978
225,1.2657489818397676
226,1.1523868102203094
227,1.1281814461505109
228,1.184501917095325
229,1.1026209143143288
230,1.1274220322865518
231,1.0856998236406463
232,1.1356792297762366
233,1.1116505223711455
234,1.117147113933849
235,1.1424565423492234
236,1.0809246520444549
237,1.1226572079950004
238,1.0559344128393826
239,1.1699976242991708
240,1.1721201486796053
241,1.1574997410605663
242,1.321283023821188
243,1.0738243930305502
244,1.17845806682003
245,1.1767159035455586
246,1.2080896356810067
247,1.2250602314932186
248,1.2668877941701535
249,1.0656791941880748
250,1.079775240661643
251,1.5437565827994781
252,1.2692176034946014
253,1.3272125680284208
254,1.3056196982237385
255,1.242734844178273
256,1.0792121045651522
257,1.0981107114945365
258,1.115047908326062
259,1.1143214452680132
260,1.2364836309250213
261,1.079775240661643
262,1.3139803840905928
263,1.0966780432569454
264,1.202062067919634
265,1.1015968459591545
266,1.052139602513219
267,1.1990954284250552
268,1.0549582068921082
269,1.1320493239495895
270,1.2319311492565805
271,1.1589679046688464
272,1.071003540057916
273,1.202378814009913
274,1.0744607157596182
275,1.0559344128393826
276,1.2886493854255991
277,1.223038442338318
278,1.23709853505184
279,1.0660846063243719
280,1.1783789497051154
281,1.1281237868532197
282,1.1330969276965677
283,1.193252619150207
284,1.1217986221640774
285,1.3158322013059682
286,1.1680290650635161
287,1.0881245424474724
288,1.112883210892501
289,1.244763223296421
290,1.1137122754993454
291,1.2047921993026762
292,1.1815086897172753
293,1.2647416495849289
294,1.1845229232947347
295,1.1964104202692292
296,1.1143407863978916
297,1.0764142464894502
298,1.3918650239284787
299,1.3420028115349818
300,1.1815086897172753
301,1.1590521542482894
302,1.1311947973411212
303,1.2047921993026762
304,1.092992689762225
305,1.0806484981322106
306,1.1533804176446865
307,1.1137122754993454
308,1.1208026489165293
309,1.2003350587772428
310,1.0660846063243719
311,1.065865102352342
312,1.22619949600323
313,1.378253262929267
314,1.0273686491976308
315,1.2299388629923136
316,1.3918650239284787
317,1.1604509576630908
318,1.052139602513219
319,1.3462647499289282
320,1.132886123274509
321,1.3668283802721126
322,1.0646542337235747
323,1.0898200153219881
324,1.151538498612735
325,1.1992479647431729
326,1.1323113388700916
327,1.278879471392773
328,1.085766805037298
329,1.1705797485462914
330,1.0781215369942239
331,1.2657489818397676
332,1.085766805037298
333,1.0711855850793583
334,1.0646542337235747
335,1.1767865191654232
336,1.1587735643629364
337,1.1731197458311993
338,1.1255305177900103
339,1.071003540057916
340,1.1923212046232596
341,1.3382340937155555
342,1.0737873579210941
343,1.233075892654839
344,1.0698616839034762
345,1.0639046565822792
346,1.153601230173868
347,1.2957149094790306
348,1.0614542316265179
349,1.1983325717787323
350,1.0881245424474724
351,1.1926201071865257
352,1.0306385083007297
353,1.2583860529378013
354,1.2606704457282236
355,1.0972411532363662
356,1.302923722989957
357,1.2975253663251554
358,1.0976472714357903
359,1.1520824723520282
360,1.3462647499289282
361,1.2545241500525852
362,1.1379479783307853
363,1.158383224833233
364,1.2651958749227632
365,1.2051057984436209
366,1.1836943080551054
367,1.1301609933274737
368,1.0962064492526975
369,1.209054215659104
370,1.1655545068476039
371,1.1977318294809298
372,1.1589679046688464
373,1.3946340914163924
374,1.142115275632978
375,1.108415480328569
376,1.1816437977189793
377,1.1156881371318361
378,1.1741484816872179
379,1.0809399202508885
380,1.1484016363464837
381,1.0802279632698228
382,1.352958001401987
383,1.5709109913023693
384,1.2815889985465219
385,1.2766771771013314
386,1.2733136899466737
387,1.530450438476158
388,1.0900517284007576
389,1.1558035789458017
390,1.2114395069679609
391,1.128706561869237
392,1.530450438476158
393,1.3029093589473715
394,1.2067698977210188
395,1.6275155124201877
396,1.1221483689717389
397,1.1934696704359082
398,1.2401996184391904
399,1.155477371781866
400,1.194915900991929
401,1.0496331925791897
402,1.0776130920321032
403,1.1134620738949355
404,1.1711626482647128
405,1.0809246520444549
406,1.0478801502565696
407,1.6504644225926692
408,1.2002110541579118
409,1.475195111403432
410,1.0651224676379596
411,1.1628656675368083
412,1.2505831990113547
413,1.1018021977786
414,1.2213877744222585
415,1.3918650239284787
416,1.090416530333613
417,1.19653882174858
418,1.1397958229695737
419,1.224609327673454
420,1.131789262660585
421,1.2533106863873908
422,1.0496331925791897
423,1.3754524582577048
424,1.1560869075798546
425,1.1556351734953931
426,1.144597582413553
427,1.1025688032591172
428,1.2097785798952907
429,1.17845806682003
430,1.3139803840905928
431,1.3420825576113988
432,1.150324794011285
433,1.0959146209879085
434,1.071003540057916
435,1.1402323591593915
436,1.1203275141552398
437,1.2970194107570678
438,1.3403085266022403
439,1.083752332494369
440,1.3815931991091643
441,1.2067698977210188
442,1.1755535749866528
443,1.0981107114945365
444,1.2185412215002047
445,1.2957149094790306
446,1.132261815632884
447,1.1711626482647128
448,1.23709853505184
449,1.302053075697249
450,1.203442073813724
451,1.0656837214099066
452,1.0806484981322106
453,1.1941463019489125
454,1.0962064492526975
455,1.118976540049232
456,1.0873948603122998
457,1.1816437977189793
458,1.232340248389999
459,1.1566940147151032
460,1.1071872716478315
461,1.153601230173868
462,1.1574715597873548
463,1.22619949600323
464,1.2558896290686257
465,1.1339563455370063
466,1.3375642137835617
467,1.247604145320268
468,1.1755535749866528
469,1.2898507411474152
470,1.2213877744222585
471,1.1725319306276996
472,1.1139074432316436
473,1.3136641072539026
474,1.32529323297079
475,1.182223241567953
476,1.2572682206310024
477,1.212078481589988
478,1.2868473773824958
479,1.1819132349489085
480,1.2829647883264144
481,1.2102349179671068
482,1.0551338778170718
483,1.2770572912076092
484,1.3574624839954657
485,1.101516259525059
486,1.1751719500824338
487,1.16066979853532
488,1.1162798104190736
489,1.235300971155225
490,1.1369138059821358
491,1.0306385083007297
492,1.1598220794699798
493,1.202378814009913
494,1.4346362733987696
495,1.304119420697756
496,1.1813725005265592
497,1.1156682380806422
498,1.1845229232947347
499,1.1389151456055402
500,1.1026209143143288
501,1.5071218894775813
502,1.4222513940915336
503,1.0774768533142915
504,1.0993164129901458
505,1.0528122594821254
506,1.0643462140524012
507,1.276548987667996
508,1.0782324759276072
509,1.1846411923160944
510,1.2381494917059124
511,1.38271806656239
512,1.2192358679989015
513,1.1175348300501673
514,1.1018638382565742
515,1.2106901110618258
516,1.109525697008741
517,1.087372214744513
518,1.1776139616052597
519,1.1201733422007525
520,1.0608904552959166
521,1.0856998236406463
522,1.2668877941701535
523,1.089811021427849
524,1.122012090914243
525,1.1713211960641856
526,1.1441342049472323
527,1.4623716089738552
528,1.1692290010904165
529,1.0881245424474724
530,1.087372214744513
531,1.3108289747405044
532,1.090095480323155
533,1.1019042272982478
534,1.1776139616052597
535,1.1355564763421921
536,1.0377525165335904
537,1.0883327828696963
538,1.072186248999225
539,1.1499528609861314
540,1.399817036134833
541,1.1200061794939165
542,1.2331285157053686
543,1.0782324759276072
544,1.1318073207209838
545,1.3579829970439086
546,1.4849828370661298
547,1.0844878232737842
548,1.0873948603122998
549,1.1313330297328348
550,1.3513203094933601
551,1.1158550518553452
552,1.0498412000241248
553,1.1299668997798333
554,1.2376203583348122
555,1.5709109913023693
556,1.2924939146355803
557,1.3272125680284208
558,1.0975511376010738
559,1.1926203829757882
560,1.075602953152344
561,1.0995922384600547
562,1.0363384175163197
563,1.431542855023283
564,1.2624259513278435
565,1.089249467800838
566,1.239663497969964
567,1.1209521112792826
568,1.3382571267202537
569,1.18526848404615
570,1.2984200534708696
571,1.1422721674594405
572,1.3811346546934777
573,1.3134751925127224
574,1.1521659293080464
575,1.090095480323155
576,1.060575837755036
577,1.125238644881472
578,1.0742512900842172
579,1.1302707001541616
580,1.2676405246290339
581,1.2554489123485972
582,1.3497853698277609
583,1.312782158075424
584,1.108188020770575
585,1.1724264989509074
586,1.191664439691856
587,1.0599451652832528
588,1.1292862763727163
589,1.2002110541579118
590,1.1984440099877551
591,1.2676405246290339
592,1.1785116150733308
593,1.1299668997798333
594,1.0377525165335904
595,1.3629871403407159
596,1.2084693500147272
597,1.1331312239555775
598,1.246854219143926
599,1.0907189772846688
600,1.1969409394315766
601,1.1292305742796118
602,1.4216048183855217
603,1.0895085211896796
604,1.232642691343209
605,1.079775240661643
606,1.0478801502565696
607,1.1370335999062522
608,1.112135142808484
609,1.0969481400106487
610,1.1517044149285636
611,1.1284593343104834
612,1.0907781192699433
613,1.2281069584313542
614,1.1588620883434553
615,1.2493730177589228
616,1.1483613219282804
617,1.254047957650751
618,1.1483613219282804
619,1.2703103739022006
620,1.247604145320268
621,1.2911803948718354
622,1.239663497969964
623,1.1997636526846562
624,1.1552539431279032
625,1.2419893038388465
626,1.175454414850016
627,1.0682982290445762
628,1.2657489818397676
629,1.0735542100780133
630,1.1031480059154528
631,1.1751719500824338
632,1.0911708595376104
633,1.246854219143926
634,1.2670917916554612
635,1.5417727001109112
636,1.223038442338318
637,1.3695499738854524
638,1.0892408455610687
639,1.1913122481278753
640,1.2614483902734326
641,1.1163275001358082
642,1.0976472714357903
643,1.262360124201657
644,1.2078447579423461
645,1.0614542316265179
646,1.2939479284135738
647,1.205763683367245
648,1.1281237868532197
649,1.171369480039354
650,1.1116505223711455
651,1.193252619150207
652,1.228318208449696
653,1.1778531897753524
654,1.0909686051736247
655,1.1476711662478227
656,1.1276685884990334
657,1.1597798220873285
658,1.0986875202071857
659,1.2975253663251554
660,1.1686061022045502
661,1.0239886978999948
662,1.1372820416192
663,1.1381471915350432
664,1.252086614612653
665,1.0906299243177238
666,1.0737873579210941
667,1.3336824228281015
668,1.1609866900015813
669,1.2034757155802498
670,1.1604509576630908
671,1.052139602513219
672,1.2831059402568605
673,1.1439881255019615
674,1.1586518403260402
675,1.07375637966677
676,1.1193247743452417
677,1.1263590881488759
678,1.2192358679989015
679,1.0764350277377672
680,1.084856967011087
681,1.145224488104715
682,1.2002110541579118
683,1.2749261357588726
684,1.1053810902491201
685,1.1323113388700916
686,1.1284793731202867
687,1.2935880908346642
688,1.2331285157053686
689,1.1168557489184752
690,1.0656791941880748
691,1.2051057984436209
692,1.1462210957536698
693,1.2317341960894566
694,1.0809399202508885
695,1.3375642137835617
696,1.0508366603054913
697,1.1134620738949355
698,1.1134620738949355
699,1.2409985798244023
700,1.2352470731458807
701,1.064761258833545
702,1.180997054568568
703,1.1824993943411228
704,1.1423564612662207
705,1.112634164489662
706,1.090139018801103
707,1.1889061270909944
708,1.0845580225585836
709,1.1508615085646676
710,1.0620918882690382
711,1.4330807614797898
712,1.1825835692250848
713,1.1281237868532197
714,1.209378668762992
715,1.311774885680862
716,1.2032687237383481
717,1.0949633338624114
718,1.1853576662583234
719,1.0926694570590187
720,1.1767865191654232
721,1.427888874943704
722,1.2932987913316834
723,1.0646542337235747
724,1.1413601452456648
725,1.1189062934227223
726,1.194915900991929
727,1.144597582413553
728,1.0614542316265179
729,1.154720282768784
730,1.0496331925791897
731,1.0776130920321032
732,1.1369308081983218
733,1.4710001387650957
734,1.3158322013059682
735,1.1533804176446865
736,1.0764059524257594
737,1.1778531897753524
738,1.0491628936611408
739,1.0553365439381084
740,1.1984440099877551
741,1.2937888759021685
742,1.2334933385583824
743,1.1522634173813977
744,1.1245685434175876
745,1.0710705977578099
746,1.1836943080551054
747,1.0988958831552538
748,1.1560744980466506
749,1.0651974943965887
750,1.1224614751554784
751,1.0335741222121384
752,1.1477653541426884
753,1.1440841010008926
754,1.0482796425827312
755,1.060575837755036
756,1.1245685434175876
757,1.2829647883264144
758,1.1751719500824338
759,1.3462647499289282
760,1.1725988507361802
761,1.1423564612662207
762,1.0775238706788395
763,1.31313367294943
764,1.085950231200933
765,1.193252619150207
766,1.1560744980466506
767,1.1692290010904165
768,1.0537776944212542
769,1.1661728634143327
770,1.1464360215175582
771,1.2080896356810067
772,1.1379479783307853
773,1.5683727434201844
774,1.093392535749505
775,1.109525697008741
776,1.084325237781913
777,1.5156503419485237
778,1.1015066526611252
779,1.058118771154313
780,1.2845415480757258
781,1.0777211498166603
782,1.224428769747884
783,1.1851210589298984
784,1.079775240661643
785,1.3448418446700832
786,1.127537058823526
787,1.2984200534708696
788,1.3052064967086976
789,1.292620065259068
790,1.1685752559022538
791,1.1318073207209838
792,1.125464097317658
793,1.098182649575766
794,1.118976540049232
795,1.2424866092393543
796,1.354202511981454
797,1.1576200699033896
798,1.199354087062164
799,1.18728986164988
800,1.1439881255019615
801,1.178257587053728
802,1.1609866900015813
803,1.1331312239555775
804,1.1812800130239045
805,1.2066535434078782
806,1.3263334652571719
807,1.0974583712381751
808,1.1501787909409071
809,1.17046664429563
810,1.246854219143926
811,1.0881245424474724
812,1.1366831423564925
813,1.2703103739022006
814,1.1260422814405096
815,1.0989638273116158
816,1.200528770248578
817,1.0782324759276072
818,1.1984440099877551
819,1.160333766954285
820,1.1089312298267135
821,1.475195111403432
822,1.1116505223711455
823,1.1408747283827567
824,1.1334153298816487
825,1.302923722989957
826,1.278879471392773
827,1.052139602513219
828,1.5373877976733845
829,1.1423564612662207
830,1.1053379248005057
831,1.6275155124201877
832,1.126835422516182
833,1.1301609933274737
834,1.1560869075798546
835,1.2937888759021685
836,1.1200188567897333
837,1.2381494917059124
838,1.0906299243177238
839,1.1783789497051154
840,1.0762932818437199
841,1.3272125680284208
842,1.431542855023283
843,1.1855518534272407
844,1.1321917762853344
845,1.0735542100780133
846,1.0496331925791897
847,1.2078447579423461
848,1.0534211605790547
849,1.1201733422007525
850,1.431542855023283
851,1.0767471012395913
852,1.2664114654083731
853,1.0911708595376104
854,1.1263242007199485
855,1.31313367294943
856,1.058680760806698
857,1.247604145320268
858,1.1284793731202867
859,1.3545767190517415
860,1.2890969145774474
861,1.221871405217329
862,1.1005550754888247
863,1.1751719500824338
864,1.1629107700587855
865,1.1115194553166379
866,1.0738113364712356
867,1.2758717420591832
868,1.0719342462486505
869,1.3503035806105266
870,1.119137140330189
871,1.1670297315504181
872,1.0976472714357903
873,1.2898507411474152
874,1.1815095414855512
875,1.3222211946868054
876,1.1042428097823966
877,1.1286135499798597
878,1.2903107968669798
879,1.1486336445074108
880,1.1645399148535163
881,1.3469153672014598
882,1.19653882174858
883,1.1139074432316436
884,1.2833636458509037
885,1.1778531897753524
886,1.0549582068921082
887,1.0646542337235747
888,1.1971408962520276
889,1.1574997410605663
890,1.1283575052651413
891,1.4528132224456523
892,1.1245685434175876
893,1.248141235062398
894,1.2260344295762957
895,1.075192066848137
896,1.1067751185615113
897,1.1292305742796118
898,1.216744514171052
899,1.1338474268596916
900,1.1977318294809298
901,1.0776130920321032
902,1.0902082653735095
903,1.1650507549044578
904,1.1920279150116682
905,1.1284593343104834
906,1.2260344295762957
907,1.4806543052314876
908,1.1650507549044578
909,1.5042277458320603
910,1.2936695436286152
911,1.0977709684089703
912,1.2975253663251554
913,1.2369396888789945
914,1.1331312239555775
915,1.0478801502565696
916,1.1283575052651413
917,1.0534045155695988
918,1.1597798220873285
919,1.1724264989509074
920,1.2766771771013314
921,1.3815931991091643
922,1.2521496657377622
923,1.1934696704359082
924,1.2815889985465219
925,1.1182162813620893
926,1.1201733422007525
927,1.2631019995502033
928,1.6504644225926692
929,1.0881245424474724
930,1.1939849583798485
931,1.0764059524257594
932,1.0544625197897832
933,1.0667303984522676
934,1.089093166873076
935,1.216526429166706
936,1.18526848404615
937,1.0907781192699433
938,1.287493817571533
939,1.2505831990113547
940,1.115047908326062
941,1.311774885680862
942,1.1095004676426172
943,1.1699976242991708
944,1.2608268138610914
945,1.2505831990113547
946,1.057939046843007
947,1.2505831990113547
948,1.1757274138346159
949,1.3108289747405044
950,1.1934696704359082
951,1.2372642570828138
952,1.1977318294809298
953,1.1586518403260402
954,1.0742750764028308
955,1.125464097317658
956,1.0934709251570773
957,1.0260456877704156
958,1.1258933101783455
959,1.1156881371318361
960,1.0377831910611435
961,1.0759151055369542
962,1.117544828768733
963,1.1597798220873285
964,1.27685832293265
965,1.1263242007199485
966,1.2369396888789945
967,1.1230807000234764
968,1.3030310918930739
969,1.1193158066849538
970,1.0682982290445762
971,1.230830785297867
972,1.0911472292126152
973,1.1209521112792826
974,1.3375642137835617
975,1.1355564763421921
976,1.1508615085646676
977,1.17583758851202
978,1.0316643856203764
979,1.1158527770491922
980,1.0907189772846688
981,1.2106901110618258
982,1.0988958831552538
983,1.1381471915350432
984,1.15486023914561
985,1.205763683367245
986,1.1685752559022538
987,1.153521761307545
988,1.3076065241502346
989,1.0738113364712356
990,1.2260524688506578
991,1.1632211532034957
992,1.2032687237383481
993,1.3305918266819143
994,1.1038674229966656
995,1.2394765013240334
996,1.1560869075798546
997,1.2034757155802498
998,1.4864513892502704
999,1.3382340937155555
1000,1.204903462970082
1001,1.0802279632698228
1002,1.3743964076791133
1003,1.132261815632884
1004,1.1134620738949355
1005,1.0976472714357903
1006,1.0926694570590187
1007,1.2176079706268788
1008,1.1010746218475116
1009,1.1767159035455586
1010,1.0659424765437786
1011,1.0762932818437199
1012,1.085950231200933
1013,1.0567087976981586
1014,1.0260456877704156
1015,1.1337862667557173
1016,1.1322240968013972
1017,1.2066535434078782
1018,1.1026209143143288
1019,1.0962653653799261
1020,1.3552332411698353
1021,1.1609390234884684
1022,1.07054579036945
1023,1.0762932818437199
1024,1.0646542337235747
1025,1.1476120077462546
1026,1.3629871403407159
1027,1.151538498612735
1028,1.1180520158279348
1029,1.52980007864276
1030,1.113166996162166
1031,1.4494078650784201
1032,1.244763223296421
1033,1.304119420697756
1034,1.1530383321791127
1035,1.2042958893039706
1036,1.5156503419485237
1037,1.1539882249769842
1038,1.171369480039354
1039,1.3668283802721126
1040,1.3362496891345192
1041,1.1527411560873566
1042,1.1767159035455586
1043,1.4125104041984364
1044,1.2083552185467332
1045,1.079775240661643
1046,1.1010751438583766
1047,1.1784945935345772
1048,1.2857397245891249
1049,1.169121432531436
1050,1.3802692029585033
1051,1.058118771154313
1052,1.0738113364712356
1053,1.1650913995215617
1054,1.3417295578364559
1055,1.16982345800557
1056,1.223038442338318
1057,1.1018638382565742
1058,1.1511245635176925
1059,1.3815931991091643
1060,1.194335798372989
1061,1.1064500982745769
1062,1.193252619150207
1063,1.31569840758179
1064,1.1071872716478315
1065,1.0496331925791897
1066,1.150324794011285
1067,1.0260456877704156
1068,1.1819132349489085
1069,1.2905564702854022
1070,1.3811031958629256
1071,1.114393678830885
1072,1.1391531442253082
1073,1.1109771115791087
1074,1.3099803172022042
1075,1.4188546348838225
1076,1.3550490498856684
1077,1.1775018359218459
1078,1.2294199292089059
1079,1.1243525944662744
1080,1.1562097113885663
1081,1.090464286839195
1082,1.0809246520444549
1083,1.1825835692250848
1084,1.0377525165335904
1085,1.0976472714357903
1086,1.1522323395426515
1087,1.233075892654839
1088,1.143888405868784
1089,1.1143214452680132
1090,1.2348422098864216
1091,1.3408315961175257
1092,1.2833636458509037
1093,1.1424565423492234
1094,1.3925118736983877
1095,1.1530383321791127
1096,1.302053075697249
1097,1.1177843353042332
1098,1.1650063420067613
1099,1.3579829970439086
1100,1.2394765013240334
1101,1.1785610020651274
1102,1.1685159147318283
1103,1.1131960668563567
1104,1.142115275632978
1105,1.2319311492565805
1106,1.159023280438456
1107,1.0405448566098063
1108,1.2102349179671068
1109,1.1632211532034957
1110,1.079767532218791
1111,1.3279350357546789
1112,1.2134240926389723
1113,1.0468215342615508
1114,1.3158322013059682
1115,1.1720315519351017
1116,1.0668869945040536
1117,1.1474597612974784
1118,1.150324794011285
1119,1.1776139616052597
1120,1.276548987667996
1121,1.089249467800838
1122,1.0377525165335904
1123,1.125438229784782
1124,1.1397347377086986
1125,1.232680941559224
1126,1.1871360715725636
1127,1.0969099364963715
1128,1.6504644225926692
1129,1.2348422098864216
1130,1.3574624839954657
1131,1.1941463019489125
1132,1.1764875849132876
1133,1.1358609923905418
1134,1.0989565450394776
1135,1.0735542100780133
1136,1.1516257139448978
1137,1.1794366195658537
1138,1.0742512900842172
1139,1.2454955399519902
1140,1.1851210589298984
1141,1.1276685884990334
1142,1.1970695815132066
1143,1.1797900553075826
1144,1.1621163144842386
1145,1.1268815973794317
1146,1.1158527770491922
1147,1.3535193330488269
1148,1.0989565450394776
1149,1.130998567204584
1150,1.1255305177900103
1151,1.1139074432316436
1152,1.1574997410605663
1153,1.0306385083007297
1154,1.352958001401987
1155,1.221871405217329
1156,1.253194755577107
1157,1.1939849583798485
1158,1.0638500922797796
1159,1.1293413523375573
1160,1.2749261357588726
1161,1.4216048183855217
1162,1.0785083296761881
1163,1.0764059524257594
1164,1.1740012875977353
1165,1.1310634506995867
1166,1.1476120077462546
1167,1.171369480039354
1168,1.175454414850016
1169,1.139394877243029
1170,1.206557526410668
1171,1.2801110930556052
1172,1.1053810902491201
1173,1.3238192272999578
1174,1.112634164489662
1175,1.0998153867521978
1176,1.0890719222641911
1177,1.117147113933849
1178,1.079767532218791
1179,1.0836111096264374
1180,1.1182162813620893
1181,1.1221084581603182
1182,1.1944826974530804
1183,1.23709853505184
1184,1.181870081701017
1185,1.1133418121583871
1186,1.081538587620633
1187,1.153601230173868
1188,1.4151426637594404
1189,1.1746819076569637
1190,1.0549582068921082
1191,1.122012090914243
1192,1.0646542337235747
1193,1.1661728634143327
1194,1.1203275141552398
1195,1.2843480876224025
1196,1.247604145320268
1197,1.075192066848137
1198,1.33028008117934
1199,1.3907630035948708
1200,1.1815095414855512
1201,1.223038442338318
1202,1.23683393831316
1203,1.0553365439381084
1204,1.0949633338624114
1205,1.084856967011087
1206,1.177821441490847
1207,1.1083831874578418
1208,1.1467932517660122
1209,1.1743184828633872
1210,1.2631019995502033
1211,1.1044909206725568
1212,1.2394765013240334
1213,1.1890141023896916
1214,1.3922794312690145
1215,1.1143214452680132
1216,1.0518562098260373
1217,1.2078447579423461
1218,1.224428769747884
1219,1.17583758851202
1220,1.5654844153955383
1221,1.0898587374444701
1222,1.3048932409928167
1223,1.1792813910196775
1224,1.092992689762225
1225,1.1560869075798546
1226,1.1002550605791461
1227,1.1831074066207437
1228,1.3503035806105266
1229,1.3263334652571719
1230,1.1556351734953931
1231,1.257773438897158
1232,1.2689171254980218
1233,1.1180520158279348
1234,1.302923722989957
1235,1.2102349179671068
1236,1.0659424765437786
1237,1.2476569414221945
1238,1.125238644881472
1239,1.427888874943704
1240,1.2178011502388153
1241,1.0774768533142915
1242,1.1074018610819714
1243,1.232680941559224
1244,1.1281237868532197
1245,1.6275155124201877
1246,1.1977318294809298
1247,1.1692290010904165
1248,1.1084863733283488
1249,1.171247323553565
1250,1.118976540049232
1251,1.3476295687856683
1252,1.2751023744538217
1253,1.112883210892501
1254,1.1208026489165293
1255,1.097234066924011
1256,1.1293413523375573
1257,1.1368477732883808
1258,1.1502969533564527
1259,1.124713272677668
1260,1.2521496657377622
1261,1.113166996162166
1262,1.3076065241502346
1263,1.1670297315504181
1264,1.1334153298816487
1265,1.155327730664698
1266,1.1984440099877551
1267,1.1484016363464837
1268,1.0845580225585836
1269,1.2936695436286152
1270,1.5437565827994781
1271,1.3383093535178812
1272,1.5132437394808733
1273,1.3476295687856683
1274,1.23683393831316
1275,1.1278984315556413
1276,1.0833865676795906
1277,1.2394765013240334
1278,1.1491242478923434
1279,1.2230152656136357
1280,1.4528132224456523
1281,1.110717339978736
1282,1.2133930489145555
1283,1.248141235062398
1284,1.3228347804418277
1285,1.1663983615850901
1286,1.1587735643629364
1287,1.2063850419060986
1288,1.3076065241502346
1289,1.1074018610819714
1290,1.2588033470485647
1291,1.1511245635176925
1292,1.1053379248005057
1293,1.2554489123485972
1294,1.2095088099417466
1295,1.1731197458311993
1296,1.1520824723520282
1297,1.1379479783307853
1298,1.075602953152344
1299,1.0832856380704357
1300,1.125238644881472
1301,1.1044909206725568
1302,1.130023038624367
1303,1.1995326341327293
1304,1.115047908326062
1305,1.16982345800557
1306,1.1889061270909944
1307,1.434944835374685
1308,1.245567761300364
1309,1.3263334652571719
1310,1.1462210957536698
1311,1.1745781121043757
1312,1.1298050433779123
1313,1.2652710685861823
1314,1.233075892654839
1315,1.1995326341327293
1316,1.2039068712136427
1317,1.0551338778170718
1318,1.1792274198079196
1319,1.089811021427849
1320,1.1250666889592984
1321,1.1694498490827308
1322,1.1215893138543804
1323,1.1831074066207437
1324,1.3056196982237385
1325,1.1655430772220865
1326,1.3774504113000794
1327,1.118184515531876
1328,1.2067698977210188
1329,1.0188841547360052
1330,1.0806484981322106
1331,1.3305918266819143
1332,1.209401817399244
1333,1.4806543052314876
1334,1.1168557489184752
1335,1.200803593658652
1336,1.1168557489184752
1337,1.1177843353042332
1338,1.0651224676379596
1339,1.0839721007853018
1340,1.4188546348838225
1341,1.1015066526611252
1342,1.0986875202071857
1343,1.3535193330488269
1344,1.0316643856203764
1345,1.1390219908956842
1346,1.1699976242991708
1347,1.1379479783307853
1348,1.1963940719288695
1349,1.1564911955156576
1350,1.1628656675368083
1351,1.0742512900842172
1352,1.1746819076569637
1353,1.1792274198079196
1354,1.5373877976733845
1355,1.1025688032591172
1356,1.109525697008741
1357,1.0832392584940673
1358,1.0614542316265179
1359,1.175454414850016
1360,1.16982345800557
1361,1.1574997410605663
1362,1.199354087062164
1363,1.1833093128561032
1364,1.1221483689717389
1365,1.0811113813147897
1366,1.1483613219282804
1367,1.2041063873700026
1368,1.1729458745411583
1369,1.1785610020651274
1370,1.170628842520386
1371,1.2252214088037918
1372,1.1424565423492234
1373,1.1004038450541842
1374,1.212078481589988
1375,1.1590521542482894
1376,1.5417727001109112
1377,1.2588033470485647
1378,1.1150198496816264
1379,1.1913122481278753
1380,1.1333336277342272
1381,1.1725988507361802
1382,1.3574942937738284
1383,1.151538498612735
1384,1.276548987667996
1385,1.3503035806105266
1386,1.2464721072105445
1387,1.2890969145774474
1388,1.2358526944710497
1389,1.5042277458320603
1390,1.096283591468207
1391,1.0738113364712356
1392,1.1512973901700265
1393,1.1815095414855512
1394,1.2122854384578174
1395,1.1368477732883808
1396,1.1819132349489085
1397,1.1713211960641856
1398,1.1636211927226818
1399,1.2230152656136357
1400,1.3327475278076324
1401,1.1476120077462546
1402,1.101516259525059
1403,1.1941463019489125
1404,1.188579124176675
1405,1.1767447019553092
1406,1.1284793731202867
1407,1.06011368899222
1408,1.1134620738949355
1409,1.3139803840905928
1410,1.2260524688506578
1411,1.2937888759021685
1412,1.0612058905634987
1413,1.253194755577107
1414,1.2282011482835804
1415,1.2533106863873908
1416,1.2158736741467706
1417,1.0832856380704357
1418,1.2281069584313542
1419,1.1680290650635161
1420,1.4870804337462706
1421,1.085950231200933
1422,1.0962653653799261
1423,1.181870081701017
1424,1.0969481400106487
1425,1.2260344295762957
1426,1.0534045155695988
1427,1.3469451401538515
1428,1.0832392584940673
1429,1.1603221143648086
1430,1.4258030995667645
1431,1.0907189772846688
1432,1.1200061794939165
1433,1.2703103739022006
1434,1.31313367294943
1435,1.3030310918930739
1436,1.1042428097823966
1437,1.4330807614797898
1438,1.139394877243029
1439,1.160333766954285
1440,1.1926203829757882
1441,1.181870081701017
1442,1.141229348206333
1443,1.252132864752377
1444,1.4735753223277768
1445,1.2843480876224025
1446,1.090416530333613
1447,1.1527706443014738
1448,1.4849828370661298
1449,1.2454955399519902
1450,1.292620065259068
1451,1.4517039461499814
1452,1.1464360215175582
1453,1.149560721006517
1454,1.0762932818437199
1455,1.1767159035455586
1456,1.2331285157053686
1457,1.0792121045651522
1458,1.1015066526611252
1459,1.1397347377086986
1460,1.0947930036632267
1461,1.1406256317480588
1462,1.2260524688506578
1463,1.079775240661643
1464,1.0742750764028308
1465,1.3220390576871084
1466,1.23683393831316
1467,1.0906299243177238
1468,1.0712797066630488
1469,1.194915900991929
1470,1.1302707001541616
1471,1.3403085266022403
1472,1.1091676218187716
1473,1.0710705977578099
1474,1.1575884284906313
1475,1.1477653541426884
1476,1.2134240926389723
1477,1.273493346847402
1478,1.203937293534893
1479,1.224609327673454
1480,1.2118569319152575
1481,1.1483613219282804
1482,1.1015968459591545
1483,1.2319311492565805
1484,1.1263242007199485
1485,1.3512677516639138
1486,1.1389151456055402
1487,1.1372820416192
1488,1.1018021977786
1489,1.1576200699033896
1490,1.2185412215002047
1491,1.1942955554148318
1492,1.0719342462486505
1493,1.0798031921139932
1494,1.5417727001109112
1495,1.1244928307555608
1496,1.5132437394808733
1497,1.246280865919595
1498,1.1731197458311993
1499,1.1252137638910595
1500,1.1002550605791461
1501,1.4735753223277768
1502,1.0467864055436624
1503,1.3907630035948708
1504,1.3367907479705807
1505,1.2537095129240492
1506,1.0907781192699433
1507,1.1397347377086986
1508,1.1255340839511145
1509,1.1244928307555608
1510,1.2664114654083731
1511,1.397847319226408
1512,1.1156682380806422
1513,1.1721201486796053
1514,1.1674845349325518
1515,1.2535403289287175
1516,1.2843480876224025
1517,1.1539882249769842
1518,1.1226572079950004
1519,1.1731197458311993
1520,1.112634164489662
1521,1.1047024597845683
1522,1.1539882249769842
1523,1.1588620883434553
1524,1.3574942937738284
1525,1.1376179186054036
1526,1.0491628936611408
1527,1.223038442338318
1528,1.1609866900015813
1529,1.1419688500889777
1530,1.0962653653799261
1531,1.184501917095325
1532,1.1483613219282804
1533,1.2213434133441092
1534,1.112135142808484
1535,1.1983325717787323
1536,1.065865102352342
1537,1.2245872120864871
1538,1.1699976242991708
1539,1.1479732851446953
1540,1.090464286839195
1541,1.1322240968013972
1542,1.1330247785902716
1543,1.1116505223711455
1544,1.2624259513278435
1545,1.1116637990284313
1546,1.0498412000241248
1547,1.2248047724778586
1548,1.2608013318394498
1549,1.1705797485462914
1550,1.3099803172022042
1551,1.1984440099877551
1552,1.1731253739381904
1553,1.1639309688077137
1554,1.3052064967086976
1555,1.2766771771013314
1556,1.184501917095325
1557,1.1323113388700916
1558,1.2749261357588726
1559,1.058680760806698
1560,1.1368477732883808
1561,1.2032687237383481
1562,1.146980716666263
1563,1.1044909206725568
1564,1.0737873579210941
1565,1.1686061022045502
1566,1.2273036233785193
1567,1.1783789497051154
1568,1.5071218894775813
1569,1.1963365488491888
1570,1.1168557489184752
1571,1.1137122754993454
1572,1.1958495244893923
1573,1.2899962202927988
1574,1.110717339978736
1575,1.1560744980466506
1576,1.1872142653859203
1577,1.1963365488491888
1578,1.0553365439381084
1579,1.1298050433779123
1580,1.112883210892501
1581,1.1778531897753524
1582,1.3050247937901316
1583,1.3367907479705807
1584,1.1963365488491888
1585,1.3046134184990505
1586,1.1964104202692292
1587,1.2772880494055112
1588,1.0890719222641911
1589,1.2537030505536035
1590,1.420552612437477
1591,1.3469153672014598
1592,1.2845415480757258
1593,1.1156682380806422
1594,1.2624259513278435
1595,1.141229348206333
1596,1.2003350587772428
1597,1.246854219143926
1598,1.0839721007853018
1599,1.1822474102966027
1600,1.4528132224456523
1601,1.182223241567953
1602,1.101516259525059
1603,1.0764350277377672
1604,1.1608274425725147
1605,1.18526848404615
1606,1.0969481400106487
1607,1.2097785798952907
1608,1.392415772740836
1609,1.1819132349489085
1610,1.1516257139448978
1611,1.1871360715725636
1612,1.1794366195658537
1613,1.130998567204584
1614,1.1987276081814375
1615,1.052139602513219
1616,1.1353334461133342
1617,1.246854219143926
1618,1.182223241567953
1619,1.253194755577107
1620,1.0775238706788395
1621,1.1044767238882895
1622,1.1573517323509173
1623,1.461284683226504
1624,1.1740012875977353
1625,1.2394765013240334
1626,1.2394765013240334
1627,1.252132864752377
1628,1.090464286839195
1629,1.0377525165335904
1630,1.2533106863873908
1631,1.131789262660585
1632,1.0782324759276072
1633,1.3420028115349818
1634,1.1964104202692292
1635,1.19653882174858
1636,1.1025688032591172
1637,1.084856967011087
1638,1.115047908326062
1639,1.1609866900015813
1640,1.19653882174858
1641,1.207726532047133
1642,1.4393913762931216
1643,1.3907018500589146
1644,1.0881245424474724
1645,1.17046664429563
1646,1.1590521542482894
1647,1.1663983615850901
1648,1.1278984315556413
1649,1.3367907479705807
1650,1.112883210892501
1651,1.2041063873700026
1652,1.3535193330488269
1653,1.090416530333613
1654,1.0742512900842172
1655,1.0508366603054913
1656,1.4567366880457953
1657,1.1685752559022538
1658,1.1244928307555608
1659,1.1534350558254345
1660,1.397847319226408
1661,1.0907924520628947
1662,1.1520824723520282
1663,1.0698616839034762
1664,1.434944835374685
1665,1.1547947364269546
1666,1.0949633338624114
1667,1.122266539407735
1668,1.2311574131922185
1669,1.3050247937901316
1670,1.1556351734953931
1671,1.1109771115791087
1672,1.3031404911258424
1673,1.1369308081983218
1674,1.125238644881472
1675,1.319186424316012
1676,1.2030777515655966
1677,1.1522634173813977
1678,1.1278984315556413
1679,1.1576200699033896
1680,1.2348422098864216
1681,1.276548987667996
1682,1.1070189508911366
1683,1.1125446076212477
1684,1.1131960668563567
1685,1.2857397245891249
1686,1.0890818800637276
1687,1.1694498490827308
1688,1.6504644225926692
1689,1.193252619150207
1690,1.1488612014191517
1691,1.0798986308258098
1692,1.2282011482835804
1693,1.209378668762992
1694,1.0950963323538043
1695,1.1053379248005057
1696,1.1752243151765995
1697,1.1835427064009887
1698,1.221871405217329
1699,1.303291157690924
1700,1.2002110541579118
1701,1.21518777299852
1702,1.175454414850016
1703,1.0928805008587668
1704,1.1479732851446953
1705,1.1496212615848256
1706,1.1608274425725147
1707,1.2230152656136357
1708,1.108188020770575
1709,1.31313367294943
1710,1.1015066526611252
1711,1.1162798104190736
1712,1.2521496657377622
1713,1.1121474546962846
1714,1.0764142464894502
1715,1.2857397245891249
1716,1.090095480323155
1717,1.0911708595376104
1718,1.1200061794939165
1719,1.0976472714357903
1720,1.0966780432569454
1721,1.0668869945040536
1722,1.1729458745411583
1723,1.1143407863978916
1724,1.1230807000234764
1725,1.2158736741467706
1726,1.18526848404615
1727,1.1386753592416707
1728,1.2097785798952907
1729,1.0744607157596182
1730,1.2614483902734326
1731,1.1608274425725147
1732,1.108188020770575
1733,1.1608274425725147
1734,1.247604145320268
1735,1.1486336445074108
1736,1.1372041253723915
1737,1.090139018801103
1738,1.283056717708999
1739,1.1116637990284313
1740,1.0656791941880748
1741,1.18526848404615
1742,1.1560744980466506
1743,1.3692849104215035
1744,1.159023280438456
1745,1.3802692029585033
1746,1.072186248999225
1747,1.2676405246290339
1748,1.0759151055369542
1749,1.0498412000241248
1750,1.206557526410668
1751,1.2041063873700026
1752,1.1128875579115731
1753,1.124713272677668
1754,1.060575837755036
1755,1.0203310735188225
1756,1.0260456877704156
1757,1.3375721967928662
1758,1.4330807614797898
1759,1.3029093589473715
1760,1.1456341398419179
1761,1.0744607157596182
1762,1.2670917916554612
1763,1.150324794011285
1764,1.262360124201657
1765,1.4346362733987696
1766,1.1125446076212477
1767,1.125671818030287
1768,1.1263590881488759
1769,1.0792482581405232
1770,1.073433168649689
1771,1.2401996184391904
1772,1.283056717708999
1773,1.107448358728093
1774,1.0862405008826317
1775,1.3403085266022403
1776,1.0239886978999948
1777,1.1245759971246057
1778,1.3925118736983877
1779,1.096283591468207
1780,1.132886123274509
1781,1.0377525165335904
1782,1.224276521547063
1783,1.118184515531876
1784,1.1969409394315766
1785,1.1125446076212477
1786,1.1439881255019615
1787,1.2558896290686257
1788,1.1255340839511145
1789,1.2260524688506578
1790,1.2522033170532303
1791,1.3029093589473715
1792,1.1851210589298984
1793,1.0899193564972738
1794,1.4735753223277768
1795,1.189770046276262
1796,1.126835422516182
1797,1.2905564702854022
1798,1.0775238706788395
1799,1.072186248999225
1800,1.2703103739022006
1801,1.2176079706268788
1802,1.1284793731202867
1803,1.436056688815513
1804,1.1424565423492234
1805,1.2442710381095536
1806,1.1755535749866528
1807,1.1920279150116682
1808,1.1071872716478315
1809,1.1516007354171174
1810,1.1653162490986944
1811,1.3774504113000794
1812,1.0659424765437786
1813,1.1175348300501673
1814,1.1558035789458017
1815,1.2530722442930589
1816,1.4125104041984364
1817,1.2317341960894566
1818,1.3134751925127224
1819,1.0638500922797796
1820,1.1189062934227223
1821,1.1596987580188252
1822,1.1046299080256612
1823,1.1574715597873548
1824,1.2282011482835804
1825,1.0759151055369542
1826,1.1025688032591172
1827,1.200528770248578
1828,1.0724222467838376
1829,1.2334933385583824
1830,1.2126715400394668
1831,1.1783789497051154
1832,1.0809325651374009
1833,1.085950231200933
1834,1.0794580855703313
1835,1.0498412000241248
1836,1.143385837269477
1837,1.0817632418340697
1838,1.1221084581603182
1839,1.1201733422007525
1840,1.1354742904304644
1841,1.1469446133356174
1842,1.0273686491976308
1843,1.4330807614797898
1844,1.1369138059821358
1845,1.2032687237383481
1846,1.0899193564972738
1847,1.5071218894775813
1848,1.3579829970439086
1849,1.2631019995502033
1850,1.1283575052651413
1851,1.1501787909409071
1852,1.1914452144135235
1853,1.2041063873700026
1854,1.1547947364269546
1855,1.4740592920723177
1856,1.209054215659104
1857,1.125238644881472
1858,1.3420028115349818
1859,1.1258933101783455
1860,1.1552539431279032
1861,1.3375721967928662
1862,1.1751719500824338
1863,1.2051057984436209
1864,1.1992479647431729
1865,1.1046299080256612
1866,1.184501917095325
1867,1.0947930036632267
1868,1.1939849583798485
1869,1.144597582413553
1870,1.23683393831316
1871,1.3222211946868054
1872,1.2002110541579118
1873,1.0782324759276072
1874,1.0802279632698228
1875,1.0981107114945365
1876,1.084325237781913
1877,1.0776130920321032
1878,1.122058626453338
1879,1.3236052423066855
1880,1.3375721967928662
1881,1.283056717708999
1882,1.1835427064009887
1883,1.339926409636656
1884,1.0794580855703313
1885,1.31569840758179
1886,1.1478388955209153
1887,1.1424565423492234
1888,1.1318073207209838
1889,1.302923722989957
1890,1.4494078650784201
1891,1.0890818800637276
1892,1.3815931991091643
1893,1.204903462970082
1894,1.0551338778170718
1895,1.1134620738949355
1896,1.2936695436286152
1897,1.1516257139448978
1898,1.2176079706268788
1899,1.6504644225926692
1900,1.2481621395292901
1901,1.3048932409928167
1902,1.082235631646799
1903,1.0907924520628947
1904,1.2668877941701535
1905,1.4735753223277768
1906,1.1334153298816487
1907,1.621219290487235
1908,1.083453785427179
1909,1.2003719075936596
1910,1.191664439691856
1911,1.2670917916554612
1912,1.1650063420067613
1913,1.1230952767130002
1914,1.143888405868784
1915,1.1745781121043757
1916,1.1133418121583871
1917,1.1237905221175153
1918,1.1908727437210684
1919,1.0608904552959166
1920,1.0491628936611408
1921,1.3811031958629256
1922,1.1855518534272407
1923,1.123399006287232
1924,1.3336824228281015
1925,1.1293413523375573
1926,1.2076166691057821
1927,1.2614483902734326
1928,1.1641955851376813
1929,1.1641955851376813
1930,1.252132864752377
1931,1.262360124201657
1932,1.1143214452680132
1933,1.114393678830885
1934,1.064761258833545
1935,1.2114395069679609
1936,1.1778531897753524
1937,1.1018638382565742
1938,1.38922619458138
1939,1.3228347804418277
1940,1.085766805037298
1941,1.2133930489145555
1942,1.0811113813147897
1943,1.1942955554148318
1944,1.060575837755036
1945,1.0738113364712356
1946,1.5225527982808655
1947,1.1249595875132425
1948,1.118976540049232
1949,1.1281237868532197
1950,1.1015066526611252
1951,1.282532269657102
1952,1.1776139616052597
1953,1.228318208449696
1954,1.1613798153738857
1955,1.1655545068476039
1956,1.0620918882690382
1957,1.1523868102203094
1958,1.2352470731458807
1959,1.5042277458320603
1960,1.0629752790646438
1961,1.3327475278076324
1962,1.0544625197897832
1963,1.1731197458311993
1964,1.2316615813329839
1965,1.2554489123485972
1966,1.1725319306276996
1967,1.1751719500824338
1968,1.0911708595376104
1969,1.1585005559890962
1970,1.31569840758179
1971,1.159023280438456
1972,1.1172688761474439
1973,1.3029093589473715
1974,1.1462210957536698
1975,1.1635858684810854
1976,1.1175348300501673
1977,1.2317341960894566
1978,1.1596987580188252
1979,1.1237882033856996
1980,1.232340248389999
1981,1.2957149094790306
1982,1.1158527770491922
1983,1.2670917916554612
1984,1.3815931991091643
1985,1.1755831879528762
1986,1.0211116167398888
1987,1.149560721006517
1988,1.3707105897875695
1989,1.2247818724949129
1990,1.109525697008741
1991,1.2652955634742904
1992,1.1381471915350432
1993,1.209378668762992
1994,1.4258030995667645
1995,1.112135142808484
1996,1.1674845349325518
1997,1.2505831990113547
1998,1.180997054568568
1999,1.1284793731202867
2000,1.1822474102966027
2001,1.0969099364963715
2002,1.4806543052314876
2003,1.0975413640035667
2004,1.1318073207209838
2005,1.3946340914163924
2006,1.2651958749227632
2007,1.1944826974530804
2008,1.0776130920321032
2009,1.1900603268477348
2010,1.1064500982745769
2011,1.2689171254980218
2012,1.3403085266022403
2013,1.189770046276262
2014,1.2358526944710497
2015,1.311774885680862
2016,1.2652955634742904
2017,1.2491255921674513
2018,1.16982345800557
2019,1.235300971155225
2020,1.061583492173482
2021,1.085766805037298
2022,1.086333712873279
2023,1.3375642137835617
2024,1.1721201486796053
2025,1.0881245424474724
2026,1.0559344128393826
2027,1.303291157690924
2028,1.1935204096528074
2029,1.1065288604457346
2030,1.2688749662645828
2031,1.322160246302317
2032,1.1024794717481057
2033,1.3592303312956495
2034,1.110879559363218
2035,1.4791153242403603
2036,1.1814876952428701
2037,1.0349310443718613
2038,1.154676583276218
2039,1.0466275809621293
2040,1.4874969698209974
2041,1.0742533261713423
2042,1.3631606882203258
2043,1.2382195121141601
2044,1.1328826876510119
2045,1.1562431068455001
2046,1.2214457238960492
2047,1.2315227308491659
2048,1.1556186525737862
2049,1.0527491955238015
2050,1.2728844373509878
2051,1.116305247348617
2052,1.1307530763638662
2053,1.1591957144108436
2054,1.113050198099233
2055,1.2238411704509244
2056,1.2504218319707487
2057,1.0603001671380445
2058,1.155640481716338
2059,1.3803342670689804
2060,1.0599877823402282
2061,1.270466099573719
2062,1.3201261047617296
2063,1.2321209154176203
2064,1.330585215020011
2065,1.2115513540299434
2066,1.183221669201139
2067,1.1846836766123454
2068,1.40455896944068
2069,1.1057190265651662
2070,1.1911725477918598
2071,1.0825692594958216
2072,1.0798345567441148
2073,1.3630324285238724
2074,1.1503780548503333
2075,1.1860496059811865
2076,1.2713799768965564
2077,1.251356251398053
2078,1.1309727056996721
2079,1.1562956769223705
2080,1.222456481846235
2081,1.1510830731044013
2082,1.1130852769204884
2083,1.1411300353024625
2084,1.0912619126335132
2085,1.1315898568388925
2086,1.4027164149455227
2087,1.130442218772099
2088,1.2235233036022857
2089,1.1419480375179747
2090,1.2316061849131819
2091,1.186045731657434
2092,1.1273242719083574
2093,1.1252292661561138
2094,1.140880261883006
2095,1.2267435622424385
2096,1.2440740952576461
2097,1.0405465995246481
2098,1.1846836766123454
2099,1.1701952004991822
2100,1.2261334184308952
2101,1.2412012137449295
2102,1.1307530763638662
2103,1.2515505136937568
2104,1.1051108451217693
2105,1.3079577879090643
2106,1.2665954253710037
2107,1.1541298780455647
2108,1.1984851486127852
2109,1.2945115002552856
2110,1.040872375357171
2111,1.2522907220309487
2112,1.152917970134351
2113,1.381799138535816
2114,1.2694276449351667
2115,1.0698984993691514
2116,1.4162539361046498
2117,1.0982297062999826
2118,1.129610040437109
2119,1.2241574376892694
2120,1.160706517225416
2121,1.1075527497479398
2122,1.0715473821555395
2123,1.3082070365689578
2124,1.102424690347664
2125,1.2875309950788607
2126,1.130069080576113
2127,1.158652104551766
2128,1.1067396732158428
2129,1.0497742084802824
2130,1.196855286452244
2131,1.2427603214956118
2132,1.2265628685307453
2133,1.2219596339811676
2134,1.183341776140002
2135,1.2166303027379022
2136,1.522549250327915
2137,1.15697918735714
2138,1.0885749229061583
2139,1.285059896697404
2140,1.1490238473548284
2141,1.155142422340528
2142,1.2603939770120387
2143,1.1739721858158496
2144,1.1038700781368924
2145,1.13451292598477
2146,1.2694276449351667
2147,1.256628353396275
2148,1.2912686562149303
2149,1.1762404139365408
2150,1.090917649544081
2151,1.2451062182937904
2152,1.1189168142305461
2153,1.214851869645298
2154,1.1168731430149819
2155,1.3702751625898015
2156,1.1269131958686576
2157,1.0819516915112644
2158,1.0407640379401464
2159,1.1970090264373972
2160,1.0753667277615446
2161,1.0905623810779088
2162,1.2414093243385669
2163,1.1933160792729127
2164,1.273200167424997
2165,1.1443778300319478
2166,1.1846836766123454
2167,1.3002317884128791
2168,1.2230087704426735
2169,1.3443447929385008
2170,1.3569390547358617
2171,1.2641954893550702
2172,1.257774454458989
2173,1.1376550509750936
2174,1.2137733522758323
2175,1.1337516488616872
2176,1.1793008834846088
2177,1.112884448857762
2178,1.0728537006377554
2179,1.1219856069347738
2180,1.1587501813643086
2181,1.1305980203447201
2182,1.0796730592594157
2183,1.231727226423667
2184,1.1669738668281957
2185,1.1679655224977161
2186,1.152846204147042
2187,1.1037571738765006
2188,1.0408587311843647
2189,1.1851718819395713
2190,1.1049223445735885
2191,1.290230149417323
2192,1.1157485544270824
2193,1.3442902715167384
2194,1.327771617748503
2195,1.717389267026356
2196,1.1701529526243561
2197,1.4329163120670994
2198,1.1970874440437693
2199,1.3693843942743038
2200,1.3686984726663853
2201,1.0553344382938123
2202,1.3873682384930854
2203,1.2502619956327383
2204,1.212579931488217
2205,1.0484671943147432
2206,1.2420462255827445
2207,1.1203880857743413
2208,1.1435834316996223
2209,1.1158022789596767
2210,1.3682019954731053
2211,1.2412012137449295
2212,1.460992640256529
2213,1.1517665045013963
2214,1.3475466515408185
2215,1.1171111715866664
2216,1.0439016980003097
2217,1.209604728261123
2218,1.2196645616040882
2219,1.0926038778383285
2220,1.1951938147913672
2221,1.1568033234141313
2222,1.1287461044960712
2223,1.1617536314092223
2224,1.281486150227308
2225,1.10235396479107
2226,1.1327098673969518
2227,1.3112183084764184
2228,1.1131792800531155
2229,1.1259181346492402
2230,1.54348737967719
2231,1.2261436112368669
2232,1.1374650142491896
2233,1.0923310074359829
2234,1.067696372860402
2235,1.1252292661561138
2236,1.2997408665668322
2237,1.2209784102309107
2238,1.0958616216712886
2239,1.0434943086465678
2240,1.1595413228060976
2241,1.098253362458414
2242,1.2877953521777212
2243,1.2329934743138629
2244,1.2484587375331213
2245,1.1524043562743898
2246,1.141417274738996
2247,1.3097469587800583
2248,1.3410118871444765
2249,1.2476729225149799
2250,1.0349310443718613
2251,1.1048675860773889
2252,1.1305294882329175
2253,1.233397139972627
2254,1.2928614218810448
2255,1.0970803490581598
2256,1.209095837961894
2257,1.1110293124267394
2258,1.2071004356142432
2259,1.1970475069998594
2260,1.2461056783444557
2261,1.2748376698302493
2262,1.4376567464632053
2263,1.1090385746692975
2264,1.1900605035491794
2265,1.0716067159981353
2266,1.0627712949868056
2267,1.2351689264189527
2268,1.4269986364327667
2269,1.1551118633125108
2270,1.2420462255827445
2271,1.1141437573539783
2272,1.2454800173340104
2273,1.5137186830770373
2274,1.3194659088619836
2275,1.1751995160068622
2276,1.3588057500888164
2277,1.1476430336849075
2278,1.1453021918682469
2279,1.177372406166448
2280,1.336836461810431
2281,1.1763729093575241
2282,1.1481439234505313
2283,1.3352359690488296
2284,1.197478987460173
2285,1.2822225497508473
2286,1.3853390250813666
2287,1.303267573634411
2288,1.140880261883006
2289,1.0923310074359829
2290,1.0520178843722345
2291,1.1366802668143179
2292,1.1453318852728422
2293,1.1200032454442224
2294,1.263672326344603
2295,1.1998014793844451
2296,1.2198610066673499
2297,1.1470665289734012
2298,1.482836193464964
2299,1.1356898333090393
2300,1.1088903196480688
2301,1.2077962133006037
2302,1.2358663496275126
2303,1.0696056161887044
2304,1.2605272218267773
2305,1.3696971392050936
2306,1.1669738668281957
2307,1.368337594115312
2308,1.4333681603678303
2309,1.0723511588017545
2310,1.2957076123714566
2311,1.0635682207491173
2312,1.1416359161984577
2313,1.0855069242035882
2314,1.1815942236848649
2315,1.2464102508695618
2316,1.1603587463000327
2317,1.4871249524518764
2318,1.2356840494863273
2319,1.0464187602003765
2320,1.1680027521090386
2321,1.0822854947224083
2322,1.2380922689844334
2323,1.107698938107117
2324,1.098253362458414
2325,1.1732858145356126
2326,1.1330071264920165
2327,1.1836590889877305
2328,1.1583204130611149
2329,1.1874284857624025
2330,1.2265628685307453
2331,1.1115185703625556
2332,1.136418713381283
2333,1.1918629361661448
2334,1.2363382310976043
2335,1.134840603939166
2336,1.139566395581048
2337,1.1472832440101766
2338,1.086869064955905
2339,1.1635616553556396
2340,1.362313925083752
2341,1.131263790783778
2342,1.2165397326851561
2343,1.0434943086465678
2344,1.251142920294723
2345,1.3110751595124404
2346,1.1977963810953944
2347,1.3158466137861566
2348,1.0751105018410592
2349,1.0426080359644103
2350,1.047626786146154
2351,1.1865578796133973
2352,1.192537234133112
2353,1.1678663663033553
2354,1.1124107736549207
2355,1.1711757752039724
2356,1.1634136559682353
2357,1.180898318304126
2358,1.0654977913842905
2359,1.227477566397977
2360,1.179231129886813
2361,1.218026282192214
2362,1.3254016608357466
2363,1.155559840154486
2364,1.208043658354157
2365,1.2675563331571646
2366,1.2134210910186458
2367,1.1728480793037375
2368,1.149381714826837
2369,1.3636023605280512
2370,1.0746610167467436
2371,1.4333681603678303
2372,1.1644203067971066
2373,1.2041136210079277
2374,1.2619592586869015
2375,1.055876949707818
2376,1.2760938096149343
2377,1.4392683324785627
2378,1.1287875244079286
2379,1.186724396810771
2380,1.075516398733309
2381,1.3143699734258811
2382,1.1102778142147607
2383,1.2128123483527407
2384,1.128686220095171
2385,1.0770157782777634
2386,1.3255112901363537
2387,1.3187717650260526
2388,1.2147077399809842
2389,1.123639506221099
2390,1.0791550144238897
2391,1.2640863728597027
2392,1.1732004273539063
2393,1.1794925200662476
2394,1.1179283523162684
2395,1.1366802668143179
2396,1.2343331470090084
2397,1.2990667747974312
2398,1.18005958920729
2399,1.1417680242672779
2400,1.1949649759670347
2401,1.2308226724631681
2402,1.1203880857743413
2403,1.4520191178617894
2404,1.1806318871025425
2405,1.0773779721723498
2406,1.0950078268514865
2407,1.2041884763262398
2408,1.1175994035315402
2409,1.1465955790015163
2410,1.191193114395967
2411,1.1599249683911175
2412,1.2381882481536526
2413,1.4491733133145779
2414,1.166721969286391
2415,1.4582498573079596
2416,1.2562672241431618
2417,1.2579267762865403
2418,1.083141405737584
2419,1.1380702364763198
2420,1.257907603302692
2421,1.1895194726879696
2422,1.0594278727039037
2423,1.279363241124279
2424,1.1951938147913672
2425,1.103110574479539
2426,1.0819151275423895
2427,1.3112183084764184
2428,1.079949781863921
2429,1.3554158071463223
2430,1.2190361152542792
2431,1.1233803531377144
2432,1.261191668092389
2433,1.0670539634176504
2434,1.2001572065967954
2435,1.2599729311491457
2436,1.2756005772526924
2437,1.2268724377478093
2438,1.4256674589204554
2439,1.4204828756335224
2440,1.4820259586910356
2441,1.315268479889604
2442,1.0947101231784837
2443,1.111233925484246
2444,1.1915080406862193
2445,1.1666351583863153
2446,1.1094095606664305
2447,1.2393016310176033
2448,1.231727226423667
2449,1.1441957260028501
2450,1.0798974719425014
2451,1.126094291838644
2452,1.1271433682027316
2453,1.0822854947224083
2454,1.1578965131591388
2455,1.1749489353411964
2456,1.4456566345030541
2457,1.6673185169952502
2458,1.1011210401869809
2459,1.1811728967004704
2460,1.3455443023375386
2461,1.23081389694523
2462,1.4028614016932768
2463,1.1908197468001716
2464,1.1686588944659948
2465,1.2872396674002962
2466,1.2206638212288656
2467,1.1290264232340785
2468,1.2392766600792906
2469,1.229173475373783
2470,1.1651145318089497
2471,1.1500247257166563
2472,1.250731189446814
2473,1.129402012854964
2474,1.1283789975752245
2475,1.1678823471892896
2476,1.3022094044838413
2477,1.2666790211082106
2478,1.1246602205404015
2479,1.4196001011713821
2480,1.3569390547358617
2481,1.1673936225673578
2482,1.1376229910622184
2483,1.2066816368133237
2484,1.153784640728145
2485,1.1489146867797668
2486,1.0938455206235778
2487,1.2893500300337548
2488,1.1379783410896125
2489,1.1739721858158496
2490,1.2031124718472441
2491,1.1599363268683702
2492,1.1037789741246296
2493,1.3654178876186036
2494,1.0660501121083021
2495,1.293589638444128
2496,1.1342177545160304
2497,1.0934454807561345
2498,1.615856995977181
2499,1.0892388189149718
2500,1.2573093123638608
2501,1.336836461810431
2502,1.139606384767337
2503,1.1080292304681159
2504,1.2664429341722527
2505,1.4692031406715602
2506,1.18005958920729
2507,1.0802930780995728
2508,1.400338630348422
2509,1.1205732136519304
2510,1.1292511101763423
2511,1.108556058417092
2512,1.4460820401670091
2513,1.4229308244509524
2514,1.3287164293053042
2515,1.1952445539641325
2516,1.0507520980020995
2517,1.3275522152142707
2518,1.2833673364884575
2519,1.2458742749646252
2520,1.1505403433000851
2521,1.0738838719587929
2522,1.1290264232340785
2523,1.2100522312376412
2524,1.2997408665668322
2525,1.1880305731897352
2526,1.2109670611914856
2527,1.5871982724082
2528,1.4871249524518764
2529,1.3109590008666354
2530,1.195090173870224
2531,1.206232433896809
2532,1.2817247424100064
2533,1.1383406494570207
2534,1.2997408665668322
2535,1.368337594115312
2536,1.1439736303882875
2537,1.192537273057158
2538,1.1707353943954393
2539,1.4101748671467274
2540,1.3450766089579236
2541,1.1920497534304444
2542,1.216434573985497
2543,1.3256924468303677
2544,1.348176714450761
2545,1.3226705364085087
2546,1.3405649435169806
2547,1.2553806046733946
2548,1.1685422357783815
2549,1.2358397890000574
2550,1.245152718495746
2551,1.0794034930285963
2552,1.1287461044960712
2553,1.137365797903715
2554,1.4489636812193507
2555,1.3177876760037406
2556,1.2595052346355105
2557,1.1158612442158635
2558,1.1093078839512451
2559,1.232638471833072
2560,1.2125972318265135
2561,1.277323474672932
2562,1.2475388575313022
2563,1.2454527414686425
2564,1.2048614572959335
2565,1.1725116153395272
2566,1.1534313786157047
2567,1.2898078781092406
2568,1.2554722749383713
2569,1.2486837877455774
2570,1.179645415327527
2571,1.3782121134637053
2572,1.6895338971174902
2573,1.2744255750216342
2574,1.0622620237724336
2575,1.313610030162692
2576,1.0748675654514694
2577,1.0689916719164125
2578,1.4883680566326156
2579,1.2237932341029545
2580,1.111410919268795
2581,1.0627279874767876
2582,1.219891563903286
2583,1.1112460230035384
2584,1.0851286493879755
2585,1.3441381328812498
2586,1.1602020086542533
2587,1.33465315241803
2588,1.1291596489271054
2589,1.1911125094525419
2590,1.0949208901735952
2591,1.3569331965368903
2592,1.307146084122776
2593,1.3445346282777695
2594,1.0821745987424292
2595,1.1738373394955737
2596,1.1901841524390706
2597,1.242398742263019
2598,1.1270426881166966
2599,1.1251310852127363
2600,1.1116458471658104
2601,1.1347970544557984
2602,1.2750277677210768
2603,1.0944507867718423
2604,1.315268479889604
2605,1.2393016310176033
2606,1.1115220275756317
2607,1.2640249676251176
2608,1.0782343006252828
2609,1.1028905217442269
2610,1.1479252336258445
2611,1.2158993531252065
2612,1.3942046839104925
2613,1.1445700514742732
2614,1.1651108515236617
2615,1.174744916318173
2616,1.3296070584110096
2617,1.4297718667710593
2618,1.1870102082175742
2619,1.1817903934697196
2620,1.074521709025997
2621,1.2336464798991271
2622,1.161218514276065
2623,1.0867025599668574
2624,1.238709431808158
2625,1.3873682384930854
2626,1.1865066430745719
2627,1.2218743974912305
2628,1.4481193530588612
2629,1.061270473713346
2630,1.2153552106323147
2631,1.1964695398689333
2632,1.2308226724631681
2633,1.16487596564904
2634,1.25467883026866
2635,1.1713999144918341
2636,1.2997408665668322
2637,1.4880638772862518
2638,1.290790218966824
2639,1.0325671549475963
2640,1.0555506034564028
2641,1.3228821796096826
2642,1.4909508045119375
2643,1.2075655774554956
2644,1.1963117472903715
2645,1.1957134408558712
2646,1.0888371665842569
2647,1.3477504183170095
2648,1.2866911140665898
2649,1.0802930780995728
2650,1.0846304903529806
2651,1.131577946797023
2652,1.1235139746425424
2653,1.172120706051897
2654,1.0825692594958216
2655,1.4110002242336537
2656,1.1065198410562929
2657,1.2590806928245153
2658,1.26753001935709
2659,1.1796148484421585
2660,1.1211833640274094
2661,1.094298982977457
2662,1.3532809353228823
2663,1.4152656298538784
2664,1.5158612668193483
2665,1.083582312668472
2666,1.1920811805044125
2667,1.0833801604561835
2668,1.1720077604498313
2669,1.0950259252873429
2670,1.0737438779234365
2671,1.2538112429073665
2672,1.1174150914310146
2673,1.0993297477114492
2674,1.0466275809621293
2675,1.0954286253570975
2676,1.1813458035001205
2677,1.1118237606054835
2678,1.2670703087693462
2679,1.2226568397169868
2680,1.098924117774397
2681,1.0997335759834381
2682,1.1939329554876035
2683,1.2392766600792906
2684,1.0820544191399208
2685,1.237329973443137
2686,1.122610565168569
2687,1.1810585597097665
2688,1.218026282192214
2689,1.2713799768965564
2690,1.1190292251287428
2691,1.287793431987892
2692,1.0866991675778588
2693,1.1389755010434301
2694,1.3843547069717226
2695,1.1940251155595387
2696,1.3466996018154944
2697,1.0469043699348708
2698,1.177244592648569
2699,1.336836461810431
2700,1.0763829909050957
2701,1.1779478948751265
2702,1.1172826711557633
2703,1.4587933234418613
2704,1.075516398733309
2705,1.1698986681413615
2706,1.2582571255342456
2707,1.1305980203447201
2708,1.2640249676251176
2709,1.3950243364316988
2710,1.2903933665889633
2711,1.074091361794228
2712,1.2196385794192606
2713,1.1220949704333711
2714,1.1578562917591417
2715,1.3624352834902909
2716,1.2461056783444557
2717,1.2744255750216342
2718,1.1927097026012463
2719,1.1343003256103188
2720,1.2330403970527162
2721,1.129576199470827
2722,1.193322162026982
2723,1.41026438534553
2724,1.1963117472903715
2725,1.2192292886238594
2726,1.1316908281622595
2727,1.1844651403154136
2728,1.1198534977232206
2729,1.130424518985475
2730,1.1639035297279934
2731,1.179231129886813
2732,1.1417883376826106
2733,1.1235100373045093
2734,1.1705278508861783
2735,1.3209085703728858
2736,1.1304154376376645
2737,1.1099628398691792
2738,1.1608711266039373
2739,1.1794925200662476
2740,1.1257969416473579
2741,1.1928886223336308
2742,1.1283620732447632
2743,1.1313499498920323
2744,1.3673679779081016
2745,1.140333905422617
2746,1.1322801109478766
2747,1.1348984415505237
2748,1.1835608745076365
2749,1.1266123890317772
2750,1.1276354084878168
2751,1.4459490746027899
2752,1.2203421673800803
2753,1.3519030106673873
2754,1.1754560725634178
2755,1.0556152904750615
2756,1.145317465724815
2757,1.1739567448779582
2758,1.2898292698563576
2759,1.0955957879461748
2760,1.4196001011713821
2761,1.2358397890000574
2762,1.140795206058419
2763,1.1433432628229048
2764,1.0866340488245299
2765,1.1554936402363698
2766,1.1815942236848649
2767,1.16329892381298
2768,1.0594263913912907
2769,1.345343963632663
2770,1.1774578781499812
2771,1.278676350698894
2772,1.0967899914485786
2773,1.1549624354912782
2774,1.3079577879090643
2775,1.3143672656587975
2776,1.4003719765583016
2777,1.3673076432948996
2778,1.1762404139365408
2779,1.136683754665595
2780,1.1725116153395272
2781,1.1979339480784952
2782,1.4163525292128194
2783,1.2962669377539993
2784,1.170163886958503
2785,1.054338714871297
2786,1.2762114060389864
2787,1.2075655774554956
2788,1.1920252048207918
2789,1.169411946867491
2790,1.5175218513071138
2791,1.1573973310939862
2792,1.1850771973607557
2793,1.154676583276218
2794,1.1065198410562929
2795,1.1690333896924665
2796,1.1262598733494658
2797,1.0500602795472516
2798,1.190351936840113
2799,1.2237932341029545
2800,1.2303580425943743
2801,1.0380520129069375
2802,1.177628442863747
2803,1.3319524627827404
2804,1.1080292304681159
2805,1.355786770662693
2806,1.0795549288432658
2807,1.1840731930531219
2808,1.0618875878171723
2809,1.2089538577605576
2810,1.075682384995436
2811,1.05587244318125
2812,1.0715340251226937
2813,1.1845866483447542
2814,1.2588560848413324
2815,1.1950448156430562
2816,1.1305980203447201
2817,1.1035204025289995
2818,1.2450132299262306
2819,1.354482974342542
2820,1.105568806771933
2821,1.210305713030179
2822,1.426534568357109
2823,1.2257496624918813
2824,1.4076134290056381
2825,1.1491674142978894
2826,1.255426229049335
2827,1.1941128882660221
2828,1.1774966912018863
2829,1.1868901529777929
2830,1.118832283739304
2831,1.1724001547430236
2832,1.508765409934579
2833,1.2128974867425475
2834,1.3681713177134798
2835,1.2422889118623985
2836,1.1128922192420951
2837,1.1314188802558298
2838,1.119732061894966
2839,1.1422730248508117
2840,1.074091361794228
2841,1.1531508446221512
2842,1.156035474703563
2843,1.150903454534705
2844,1.1764873824158428
2845,1.0827680871555687
2846,1.2140098407889897
2847,1.2100863076933899
2848,1.1533104409583972
2849,1.11323383543326
2850,1.1237358023501964
2851,1.2985584313729868
2852,1.1703135692897713
2853,1.1135238809523385
2854,1.3389615736276437
2855,1.1332930692568524
2856,1.0827665317476955
2857,1.2556880395898795
2858,1.1011210401869809
2859,1.2231419732675057
2860,1.2899939694601459
2861,1.4094058660972115
2862,1.122244644366443
2863,1.2573093123638608
2864,1.0748675654514694
2865,1.1647170636625777
2866,1.2237734657562274
2867,1.2736667694309376
2868,1.2619726768155766
2869,1.2250234719393467
2870,1.1024035674594712
2871,1.1071178161088187
2872,1.3123534890204154
2873,1.1355310391549402
2874,1.3239293934800538
2875,1.2750277677210768
2876,1.2095116433743305
2877,1.4626327104494845
2878,1.2756441319105152
2879,1.1405245567742592
2880,1.1286498232283564
2881,1.2008996595010848
2882,1.2866911140665898
2883,1.1078913681992844
2884,1.3998174401955599
2885,1.1163439288794972
2886,1.2666277063038336
2887,1.1771308548341888
2888,1.2906793266755592
2889,1.2395996497731745
2890,1.1067014386244696
2891,1.0835413298319918
2892,1.1911203396933447
2893,1.3630324285238724
2894,1.190212443592969
2895,1.216434573985497
2896,1.2114220304890941
2897,1.3548653333400695
2898,1.275645260592887
2899,1.0772538148476172
2900,1.1778876317531224
2901,1.1354167452138135
2902,1.1018352710532715
2903,1.1821352139698151
2904,1.2232246982149604
2905,1.149381714826837
2906,1.1689488248886772
2907,1.3459151527806472
2908,1.1400708444691543
2909,1.2938166989120816
2910,1.3149882691436705
2911,1.2260495280952683
2912,1.0842011557091231
2913,1.190212443592969
2914,1.3286686200304285
2915,1.138584733264673
2916,1.1217650167966142
2917,1.044500396230666
2918,1.200080319382347
2919,1.0670539634176504
2920,1.1895194726879696
2921,1.225820684017443
2922,1.218498218115466
2923,1.1840731930531219
2924,1.122610565168569
2925,1.3217994355702816
2926,1.0856780965016155
2927,1.1481465430714919
2928,1.157806622087419
2929,1.1993438918863726
2930,1.151577930674516
2931,1.311537632338332
2932,1.2658842847625906
2933,1.2247828213084182
2934,1.2395996497731745
2935,1.3437456054883157
2936,1.2652129283611055
2937,1.134840603939166
2938,1.2116993497619688
2939,1.265000161705436
2940,1.0593858354996442
2941,1.0791117685552776
2942,1.1640354900434713
2943,1.067215692957471
2944,1.051713392912334
2945,1.362313925083752
2946,1.2125972318265135
2947,1.4724215377540557
2948,1.1054123662556101
2949,1.126094291838644
2950,1.4094058660972115
2951,1.1889826190894284
2952,1.0951169462645403
2953,1.0804718522761594
2954,1.4028614016932768
2955,1.2800052494087926
2956,1.1878501367089702
2957,1.2621582670671083
2958,1.178930623783772
2959,1.0905281136849299
2960,1.3137103917182984
2961,1.1414962152400798
2962,1.1599363268683702
2963,1.0635131568448801
2964,1.1261374747906696
2965,1.1769001623709794
2966,1.1283620732447632
2967,1.3089978897007175
2968,1.0981622387352916
2969,1.2231419732675057
2970,1.1489023861265222
2971,1.1865578796133973
2972,1.0951829468228016
2973,1.2264123214431848
2974,1.0934454807561345
2975,1.0868680731078497
2976,1.1639815021705298
2977,1.1220776919935729
2978,1.2661909716729103
2979,1.177405401064183
2980,1.108474713620032
2981,1.2566680572430446
2982,1.1406221499168838
2983,1.118832283739304
2984,1.149188839093918
2985,1.1549811657993554
2986,1.1439760362726756
2987,1.1074572688547306
2988,1.1934497453736932
2989,1.1673936225673578
2990,1.416846672801262
2991,1.4205483637228031
2992,1.194438482532294
2993,1.1613578407354692
2994,1.1495953127522447
2995,1.257763977855389
2996,1.163906634597608
2997,1.0332281332702657
2998,1.1161788951127118
2999,1.2165727357954088
3000,1.1514454245260644
3001,1.073989092677813
3002,1.3907001203496667
3003,1.3855508600165583
3004,1.1016764693967764
3005,1.1265130997026223
3006,1.1525103919672375
3007,1.2777961991241538
3008,1.2041136210079277
3009,1.0618875878171723
3010,1.2818713283066072
3011,1.2641954893550702
3012,1.0751105018410592
3013,1.1831455639374822
3014,1.0379993193162322
3015,1.2258897500068824
3016,1.1852596422765647
3017,1.2635165806980468
3018,1.083582312668472
3019,1.226413706216636
3020,1.122259434798484
3021,1.1165812730630025
3022,1.1265649943021097
3023,1.1711956110812474
3024,1.140512292484655
3025,1.183319734249125
3026,1.4284180068525034
3027,1.2946785254507276
3028,1.1038928448557876
3029,1.0921174159176483
3030,1.0627712949868056
3031,1.231386849108938
3032,1.108615167492168
3033,1.1116458471658104
3034,1.3406754759221535
3035,1.098261577679735
3036,1.2994850587479603
3037,1.0801647674655983
3038,1.159185377103989
3039,1.1743559153364387
3040,1.4297017142796407
3041,1.1257069608729169
3042,1.4193844479885236
3043,1.073506535265198
3044,1.336836461810431
3045,1.2128123483527407
3046,1.240817326268826
3047,1.345343963632663
3048,1.270567594788245
3049,1.1749489353411964
3050,1.104796987667611
3051,1.1046915939074717
3052,1.156662073772876
3053,1.1544482855892013
3054,1.2700691502082517
3055,1.2622370788883166
3056,1.183956531485834
3057,1.278676350698894
3058,1.0934833471623893
3059,1.3088382204221105
3060,1.4284180068525034
3061,1.1957134408558712
3062,1.2397182946648522
3063,1.149538445177823
3064,1.2214582218698458
3065,1.1096751322790335
3066,1.4677182491925533
3067,1.1348984415505237
3068,1.2675828272771914
3069,1.133478632935001
3070,1.2253787806574437
3071,1.3591185684240534
3072,1.3675795257255574
3073,1.1665565991479168
3074,1.1526457347889116
3075,1.037069031698086
3076,1.4003719765583016
3077,1.098451533976995
3078,1.1168384816861376
3079,1.0467749552574646
3080,1.1037789741246296
3081,1.3537983444469692
3082,1.1354167452138135
3083,1.0770157782777634
3084,1.3405649435169806
3085,1.3480162902711028
3086,1.3211603908582832
3087,1.3062651160239895
3088,1.3332081983100639
3089,1.2273012366476248
3090,1.0931421965253207
3091,1.1422730248508117
3092,1.094298982977457
3093,1.0939627673886119
3094,1.3170282009359424
3095,1.1158022789596767
3096,1.2212026466883006
3097,1.3597674394373158
3098,1.1900544554797203
3099,1.118043297886534
3100,1.123736378083438
3101,1.290790218966824
3102,1.2237932341029545
3103,1.2320178404415936
3104,1.152108592932634
3105,1.2801094042355512
3106,1.1845689639261099
3107,1.1818451751758126
3108,1.2893500300337548
3109,1.1141262019223492
3110,1.281486150227308
3111,1.1551906272287822
3112,1.1742370168548095
3113,1.2615460229319586
3114,1.1245053874676292
3115,1.1153682037278874
3116,1.3228821796096826
3117,1.2119005726521623
3118,1.1998426290775779
3119,1.108556058417092
3120,1.2130474269599323
3121,1.1165117472111892
3122,1.2715916328082333
3123,1.1248062226809894
3124,1.0186276751682481
3125,1.2470199089432756
3126,1.3170282009359424
3127,1.0821596833014107
3128,1.1299683769763085
3129,1.1998426290775779
3130,1.1129126319230824
3131,1.2426083960073881
3132,1.113177734350534
3133,1.0958509008360409
3134,1.4046591184541677
3135,1.4902043706288999
3136,1.1308816588255053
3137,1.4373217912195118
3138,1.2383687038747144
3139,1.19318843472796
3140,1.1102683321798725
3141,1.2230087704426735
3142,1.2856701876625367
3143,1.0341573474921588
3144,1.424944710814954
3145,1.1305980203447201
3146,1.0517008607415193
3147,1.1494621338542306
3148,1.1227380973911376
3149,1.3261154473162993
3150,1.1865066430745719
3151,1.094298982977457
3152,1.2358663496275126
3153,1.2392766600792906
3154,1.1094852034102551
3155,1.1735111732073185
3156,1.2801094042355512
3157,1.1578978099862673
3158,1.0407640379401464
3159,1.111233925484246
3160,1.3651887520787878
3161,1.2918194407967787
3162,1.1510830731044013
3163,1.2165397326851561
3164,1.175464065397779
3165,1.170691441709699
3166,1.2616734207599711
3167,1.1765716856165576
3168,1.134400591235981
3169,1.3165201824438166
3170,1.1978275145321038
3171,1.17990661698931
3172,1.1243363044428638
3173,1.2758852287785651
3174,1.2938166989120816
3175,1.2170787139368113
3176,1.1240727229034337
3177,1.3076052050169518
3178,1.2207830897531813
3179,1.138972135395299
3180,1.4019472114065004
3181,1.1911125094525419
3182,1.1061714809944976
3183,1.1788297872693279
3184,1.3097332497848069
3185,1.1568173232235037
3186,1.1470665289734012
3187,1.112880834617459
3188,1.1875130897486068
3189,1.2566680572430446
3190,1.2969898247081662
3191,1.1925820784303813
3192,1.2928140463199866
3193,1.3112183084764184
3194,1.275645260592887
3195,1.237932433023322
3196,1.196855286452244
3197,1.2166040482467202
3198,1.279363241124279
3199,1.3696971392050936
3200,1.1259181346492402
3201,1.0553344382938123
3202,1.135512064330974
3203,1.248179943424475
3204,1.2180546903505194
3205,1.2276591029507256
3206,1.3292635620538116
3207,1.251142920294723
3208,1.289954204631392
3209,1.1599357191149697
3210,1.1316908281622595
3211,1.1915252346663137
3212,1.1370037378624525
3213,1.2107007781479147
3214,1.2329602397851778
3215,1.0632429622578499
3216,1.231727226423667
3217,1.265000161705436
3218,1.1800583582635966
3219,1.4957906281264801
3220,1.3784841387177829
3221,1.1208324418815732
3222,1.1586517442263202
3223,1.0761170336495
3224,1.284455410233417
3225,1.2425668383175026
3226,1.0796730592594157
3227,1.0861095135882923
3228,1.2688749662645828
3229,1.0433792922184257
3230,1.1829767867328358
3231,1.1055329034893888
3232,1.3226705364085087
3233,1.1377835568680943
3234,1.4253178657867838
3235,1.1922206007826874
3236,1.1388713322274477
3237,1.1586094034320293
3238,1.208532674920677
3239,1.073989092677813
3240,1.3501578432485541
3241,1.2214096894816653
3242,1.2803609125782185
3243,1.1938362703218437
3244,1.1789578020222793
3245,1.3654178876186036
3246,1.2226568397169868
3247,1.2861739755492874
3248,1.067610779778554
3249,1.3175926260141348
3250,1.1368014852002692
3251,1.2686146205436721
3252,1.2675387423902584
3253,1.1524043562743898
3254,1.2248754395029973
3255,1.3222806691433706
3256,1.0691801508622356
3257,1.1955220955510664
3258,1.1050706946435753
3259,1.1394348725761743
3260,1.067696372860402
3261,1.3062380677363494
3262,1.134400591235981
3263,1.3683555803375935
3264,1.1708518697591541
3265,1.250731189446814
3266,1.1814355776848826
3267,1.0704333112658468
3268,1.1541298780455647
3269,1.5075244356923476
3270,1.4269434479009453
3271,1.277040342303428
3272,1.1417680242672779
3273,1.3082783683807608
3274,1.1938444327766375
3275,1.1779801740653097
3276,1.1383406494570207
3277,1.1378833211998225
3278,1.273725738465568
3279,1.1476745879274801
3280,1.204766314069732
3281,1.350222546019563
3282,1.2055973354524188
3283,1.0507581165328401
3284,1.3165201824438166
3285,1.154274071484262
3286,1.122626575338217
3287,1.4216267402545821
3288,1.3192501743210883
3289,1.0448391981232126
3290,1.1597187423915467
3291,1.275708512446038
3292,1.3228975292005098
3293,1.241811390424511
3294,1.2134210910186458
3295,1.4254135869769933
3296,1.0802930780995728
3297,1.2130206910316117
3298,1.112884448857762
3299,1.3192501743210883
3300,1.2492896929193535
3301,1.23954347404663
3302,1.2010306859766573
3303,1.1015101885914946
3304,1.3112183084764184
3305,1.20010839132504
3306,1.1510830731044013
3307,1.1753280714062937
3308,1.6895338971174902
3309,1.1242079507999905
3310,1.2308226724631681
3311,1.3538143502869036
3312,1.3673076432948996
3313,1.0856523067311834
3314,1.1872521164669096
3315,1.1549862834643623
3316,1.4034979899901991
3317,1.2147077399809842
3318,1.1314188802558298
3319,1.3020399755756042
3320,1.3594180817893524
3321,1.4464179129667132
3322,1.1456591624715924
3323,1.3219688817508142
3324,1.1141033709965311
3325,1.2219421453765242
3326,1.1712841573606556
3327,1.0541533167565815
3328,1.2693032577064556
3329,1.4091962616415696
3330,1.1379849767913601
3331,1.2603288395947791
3332,1.3170282009359424
3333,1.1444319241239616
3334,1.2417794950637806
3335,1.2906793266755592
3336,1.2186679466808465
3337,1.115463410955236
3338,1.237978285465882
3339,1.1128922192420951
3340,1.157547142586024
3341,1.1985393668009519
3342,1.197916279165275
3343,1.4266214954897383
3344,1.1401502893921371
3345,1.1171111715866664
3346,1.14618114601515
3347,1.2253270343007578
3348,1.1505382228300123
3349,1.1835608745076365
3350,1.0943978413252287
3351,1.3170282009359424
3352,1.3950243364316988
3353,1.1530888901943581
3354,1.2876527919293197
3355,1.0405465995246481
3356,1.328211562780215
3357,1.067824068974794
3358,1.193326254406946
3359,1.2315227308491659
3360,1.1424666453071302
3361,1.264883487667935
3362,1.226832730044248
3363,1.2702252623453016
3364,1.1578562917591417
3365,1.226832730044248
3366,1.1934999743469428
3367,1.1094075035049737
3368,1.1135625647542902
3369,1.170163886958503
3370,1.1273482278001146
3371,1.2041884763262398
3372,1.2693032577064556
3373,1.2297642860049618
3374,1.2258897500068824
3375,1.0756020912659832
3376,1.2064097196462293
3377,1.1948804908120576
3378,1.195901013362135
3379,1.1407259842227626
3380,1.1269149786733568
3381,1.1189125774033661
3382,1.1886264491062715
3383,1.2219394645713562
3384,1.4001017387446744
3385,1.255274977437535
3386,1.1038700781368924
3387,1.2327135721662916
3388,1.3103285129944833
3389,1.1769279580550711
3390,1.2492896929193535
3391,1.218251136929517
3392,1.1327098673969518
3393,1.2691676170063928
3394,1.1256512993801011
3395,1.0861095135882923
3396,1.3395975964895674
3397,1.341475078138665
3398,1.2762114060389864
3399,1.2437178538771205
3400,1.4878824259996513
3401,1.280772781115027
3402,1.279363241124279
3403,1.1115185703625556
3404,1.3532809353228823
3405,1.1686833572610358
3406,1.0949342005315477
3407,1.339393257562037
3408,1.1438557854035583
3409,1.4498548433104257
3410,1.3661960044542973
3411,1.420363692536012
3412,1.2711834203546777
3413,1.2443067529060454
3414,1.1190292251287428
3415,1.2242081246484269
3416,1.1608711266039373
3417,1.1243219202754342
3418,1.3521607918240588
3419,1.0632476916082396
3420,1.318504598823091
3421,1.3598771509521828
3422,1.4845146626278922
3423,1.4419666142711163
3424,1.138586694788639
3425,1.4038311880276615
3426,1.227169872232533
3427,1.0870730321400748
3428,1.1075938816549353
3429,1.2218743974912305
3430,1.2001753542240496
3431,1.1615266092300316
3432,1.1844635892250277
3433,1.1037789741246296
3434,1.1599357191149697
3435,1.1305980203447201
3436,1.226832730044248
3437,1.3082783683807608
3438,1.3286686200304285
3439,1.1002611916982812
3440,1.3933656823564742
3441,1.1914066082618653
3442,1.180846833721098
3443,1.3228821796096826
3444,1.4467247494165911
3445,1.5431021303040782
3446,1.1874284857624025
3447,1.0804617663604537
3448,1.1814876952428701
3449,1.2257239306531293
3450,1.112691203579078
3451,1.3532112593289272
3452,1.0943978413252287
3453,1.0983675107153246
3454,1.231386849108938
3455,1.1012313907095574
3456,1.2268724377478093
3457,1.118359226443457
3458,1.1217650167966142
3459,1.2303652862180472
3460,1.0520178843722345
3461,1.0647964617455177
3462,1.1173522392496236
3463,1.148770141661704
3464,1.1903127317251898
3465,1.1545768891009167
3466,1.2089538577605576
3467,1.4489490186317708
3468,1.1099092271817534
3469,1.4046215047523758
3470,1.1903649474153877
3471,1.1984851486127852
3472,1.0341573474921588
3473,1.1761592115793695
3474,1.1876810198982684
3475,1.1077463739261568
3476,1.1172826711557633
3477,1.2918356370582882
3478,1.4221536507674293
3479,1.1800583582635966
3480,1.2512278474697955
3481,1.1246602205404015
3482,1.5382126770887836
3483,1.3353263975468272
3484,1.555844227614377
3485,1.3286236499402682
3486,1.258757483412935
3487,1.2460993175084476
3488,1.2766128748627712
3489,1.156662073772876
3490,1.27001286941315
3491,1.1028905217442269
3492,1.1366802668143179
3493,1.061327288323895
3494,1.2713799768965564
3495,1.3267937707022317
3496,1.412535293071915
3497,1.291689504923916
3498,1.0696056161887044
3499,1.1761592115793695
3500,1.1133016799071878
3501,1.1510830731044013
3502,1.1523608340991478
3503,1.1445995554096213
3504,1.190768780817402
3505,1.1296600522726767
3506,1.3628696387700505
3507,1.1763729093575241
3508,1.1645285664193488
3509,1.2486837877455774
3510,1.0593858354996442
3511,1.1494621338542306
3512,1.2520028202426887
3513,1.3053662368316108
3514,1.38099319737872
3515,1.090897518012129
3516,1.2071004356142432
3517,1.1559217804118171
3518,1.0620854574013037
3519,1.3533983363631292
3520,1.4294613405071794
3521,1.3389615736276437
3522,1.139551993388569
3523,1.218946804549484
3524,1.449217624170785
3525,1.098253362458414
3526,1.1286498232283564
3527,1.176049689830515
3528,1.2040218831401228
3529,1.200985010372907
3530,1.1539178776303283
3531,1.2919259613753746
3532,1.3576067104403846
3533,1.098451533976995
3534,1.449049645191662
3535,1.1855914898757534
3536,1.1200015151780882
3537,1.16487596564904
3538,1.4241820815001385
3539,1.0801647674655983
3540,1.1439760362726756
3541,1.2261334184308952
3542,1.1383627609333906
3543,1.1657908589686403
3544,1.1870202346854457
3545,1.1525103919672375
3546,1.2623743707703736
3547,1.2158993531252065
3548,1.2273012366476248
3549,1.1555984489028057
3550,1.1410146516989201
3551,1.1437473576400283
3552,1.4143054888016766
3553,1.2150947775017897
3554,1.2776871855634873
3555,1.3143672656587975
3556,1.1836590889877305
3557,1.218026282192214
3558,1.4543347769837942
3559,1.311015933777169
3560,1.1740149719146478
3561,1.2267435622424385
3562,1.150218259794394
3563,1.2297642860049618
3564,1.1717812432150019
3565,1.3467347601612776
3566,1.1755066081110415
3567,1.1236107835397622
3568,1.2723891410553854
3569,1.1289809988350894
3570,1.2555818427418546
3571,1.1796148484421585
3572,1.145112861901029
3573,1.3597674394373158
3574,1.130442218772099
3575,1.3884682991127828
3576,1.1116576498917319
3577,1.3131449917257625
3578,1.3206462199423419
3579,1.1389943453414066
3580,1.321956117924781
3581,1.0664239104564042
3582,1.4162539361046498
3583,1.1847918565831652
3584,1.256628353396275
3585,1.3361566122416597
3586,1.2045124798347338
3587,1.2466522776312339
3588,1.108599543672931
3589,1.3631606882203258
3590,1.1315898568388925
3591,1.1559217804118171
3592,1.290230149417323
3593,1.098083282052034
3594,1.1153682037278874
3595,1.1532322031413391
3596,1.0947101231784837
3597,1.101780013344615
3598,1.1151391278907423
3599,1.1026190317335713
3600,1.0863581136650218
3601,1.1471657049190198
3602,1.3511861641881493
3603,1.1165117472111892
3604,1.2001572065967954
3605,1.2327407186248471
3606,1.1580882249850886
3607,1.508765409934579
3608,1.4978631689732445
3609,1.2896031520282298
3610,1.3406191322729064
3611,1.2382609203944277
3612,1.098353230011812
3613,1.1635383107992952
3614,1.124770414483116
3615,1.1286230652898475
3616,1.116458981999339
3617,1.2785964356766601
3618,1.2129702921906416
3619,1.157554187333183
3620,1.1037571738765006
3621,1.1608798642983504
3622,1.1256754944215592
3623,1.2640863728597027
3624,1.295159019237341
3625,1.2904085885119068
3626,1.4219700614213366
3627,1.1417883376826106
3628,1.2518623487874483
3629,1.3394078281020345
3630,1.1616286968311558
3631,1.0913025284583406
3632,1.3620485479257625
3633,1.1104393231404202
3634,1.4267130659482472
3635,1.3187494398718749
3636,1.220945369908951
3637,1.1865066430745719
3638,1.2789639815877774
3639,1.1135238809523385
3640,1.1720077604498313
3641,1.3434055929583868
3642,1.2173906566473518
3643,1.0765666757570909
3644,1.0846304903529806
3645,1.3122835766314027
3646,1.2075835938732145
3647,1.2528901777701815
3648,1.2733714095385502
3649,1.1904592158831824
3650,1.1475431560059008
3651,1.1378351100464381
3652,1.1815942236848649
3653,1.4655007256599903
3654,1.0976870085531365
3655,1.2192989545362054
3656,1.2247828213084182
3657,1.096438250886668
3658,1.1902563366438772
3659,1.0818370033313205
3660,1.2132781572799505
3661,1.0791117685552776
3662,1.334042305750421
3663,1.1264839154015338
3664,1.4498548433104257
3665,1.2713799768965564
3666,1.124063963760147
3667,1.2316061849131819
3668,1.192815967518085
3669,1.2996474551161161
3670,1.1480714568728838
3671,1.2608254202172129
3672,1.2247578855732455
3673,1.2008996595010848
3674,1.156964214196744
3675,1.1582864678250868
3676,1.079219221455763
3677,1.4266214954897383
3678,1.0543035909619722
3679,1.1712841573606556
3680,1.4460820401670091
3681,1.0647131574670134
3682,1.1368014852002692
3683,1.172120706051897
3684,1.0811844463397013
3685,1.1071178161088187
3686,1.1903127317251898
3687,1.0999991966843392
3688,1.4684753298867168
3689,1.1767137035642892
3690,1.1908830999164046
3691,1.259745605618933
3692,1.1958952938062963
3693,1.2423760200834275
3694,1.4094058660972115
3695,1.3942046839104925
3696,1.1578147729097894
3697,1.0956042580120207
3698,1.3681713177134798
3699,1.2041136210079277
3700,1.3466996018154944
3701,1.1900317894686683
3702,1.1488714331522942
3703,1.1106490326799996
3704,1.2123999458788526
3705,1.4019472114065004
3706,1.128865889665926
3707,1.1410733354552538
3708,1.555844227614377
3709,1.1448449361064095
3710,1.169411946867491
3711,1.2317340444902214
3712,1.2699285277725765
3713,1.0945947765364343
3714,1.2000790311732408
3715,1.1296600522726767
3716,1.2603939770120387
3717,1.1259557793809498
3718,1.1447608546508514
3719,1.2042667391675337
3720,1.2020928337273782
3721,1.15220159692016
3722,1.1568033234141313
3723,1.1835608745076365
3724,1.1878485712802442
3725,1.4300923538662842
3726,1.2321209154176203
3727,1.1221056986545572
3728,1.2541940361684736
3729,1.122610565168569
3730,1.1747376379613386
3731,1.147301863743465
3732,1.1330099812277614
3733,1.2562196355823017
3734,1.2317405768582308
3735,1.2254860825091687
3736,1.16487596564904
3737,1.183221669201139
3738,1.0951169462645403
3739,1.3097469587800583
3740,1.2562672241431618
3741,1.2217468395298214
3742,1.0507581165328401
3743,1.348176714450761
3744,1.0950259252873429
3745,1.2051979942966715
3746,1.1811728967004704
3747,1.232638471833072
3748,1.2150947775017897
3749,1.1622703110102801
3750,1.4316770275121702
3751,1.2592235803152043
3752,1.1035204025289995
3753,1.2261436112368669
3754,1.131935915094783
3755,1.1532322031413391
3756,1.0884962976018935
3757,1.1133526994106933
3758,1.1742051427172733
3759,1.1313860809582774
3760,1.1865578796133973
3761,1.2219596339811676
3762,1.1609726367426576
3763,1.2076662511087235
3764,1.1173522392496236
3765,1.3209573291755954
3766,1.2736243230249817
3767,1.2068436037354933
3768,1.2962669377539993
3769,1.1780974286584533
3770,1.2903395210476896
3771,1.1762624918395548
3772,1.3076052050169518
3773,1.2512278474697955
3774,1.2524031729006457
3775,1.1525103919672375
3776,1.1308816588255053
3777,1.109679180860089
3778,1.0571433024765433
3779,1.2344937240076512
3780,1.316437547285043
3781,1.10859199506499
3782,1.2180546903505194
3783,1.1951935535285727
3784,1.1508210905133858
3785,1.0908223829137758
3786,1.2176521982814184
3787,1.16487596564904
3788,1.330404946018225
3789,1.257774454458989
3790,1.1689461533862704
3791,1.3558962374512735
3792,1.0606481609484637
3793,1.1269131958686576
3794,1.1203880857743413
3795,1.1578147729097894
3796,1.1070516800519816
3797,1.0914848605211818
3798,1.200080319382347
3799,1.2052236049468092
3800,1.111410919268795
3801,1.2188297553637568
3802,1.3263670560876701
3803,1.160035342869732
3804,1.1943352369524185
3805,1.1479252336258445
3806,1.1406581328645218
3807,1.447069500561243
3808,1.4219700614213366
3809,1.1960384944752598
3810,1.1330927925284155
3811,1.194241655769886
3812,1.1719035085321676
3813,1.2736243230249817
3814,1.172615407083085
3815,1.1094075035049737
3816,1.1254647638507096
3817,1.1289760678119818
3818,1.1288588910120205
3819,1.2126823117325196
3820,1.1574792163349275
3821,1.1078175064901572
3822,1.121264466129695
3823,1.1446723416867537
3824,1.3110751595124404
3825,1.4187500554214416
3826,1.226475173404858
3827,1.1774966912018863
3828,1.098484511372945
3829,1.1031488180273366
3830,1.1438390342294371
3831,1.1676412898957371
3832,1.0840382862313749
3833,1.2988950973008693
3834,1.2166303027379022
3835,1.3186469936880107
3836,1.1147013143675504
3837,1.16487596564904
3838,1.4316770275121702
3839,1.412380742012805
3840,1.267596776322335
3841,1.2540531510686332
3842,1.1578965131591388
3843,1.1755587269919716
3844,1.0931421965253207
3845,1.183853058861961
3846,1.250731189446814
3847,1.3438779310114626
3848,1.1291350311357917
3849,1.1065288604457346
3850,1.194241655769886
3851,1.1832663699518577
3852,1.2068436037354933
3853,1.118237908348001
3854,1.2196385794192606
3855,1.1206439127809469
3856,1.1444319241239616
3857,1.2132355951532279
3858,1.0791326921710664
3859,1.364010174011717
3860,1.5822233804300718
3861,1.1510830731044013
3862,1.2369462517326093
3863,1.0577227327687155
3864,1.0670539634176504
3865,1.1143441728188082
3866,1.142056611168147
3867,1.1057481300053005
3868,1.2996474551161161
3869,1.3919133148145744
3870,1.4087231076512616
3871,1.0553049369304126
3872,1.104512779271418
3873,1.0898645156608548
3874,1.1745475852389395
3875,1.0938455206235778
3876,1.2174295315735997
3877,1.0710177707853301
3878,1.126094291838644
3879,1.1351966890448384
3880,1.0789766699897592
3881,1.193701904721406
3882,1.1476745879274801
3883,1.1597152634852401
3884,1.2182422175716965
3885,1.0890390942746941
3886,1.3296070584110096
3887,1.1686272015423282
3888,1.110706489556042
3889,1.0474247093527216
3890,1.399341049018157
3891,1.2922868919172188
3892,1.257670065586585
3893,1.2237932341029545
3894,1.3745902681887374
3895,1.1527037062381018
3896,1.1123420757085247
3897,1.1337435498138773
3898,1.3286969948632938
3899,1.1257969416473579
3900,1.0768707051026474
3901,1.357178937238791
3902,1.1218925737300265
3903,1.157147914453458
3904,1.1194594580243973
3905,1.1930527073500177
3906,1.184592053475432
3907,1.1264422960863831
3908,1.6673185169952502
3909,1.1232499836027066
3910,1.2994850587479603
3911,1.2566680572430446
3912,1.2990632140042835
3913,1.1847599975230463
3914,1.0550212618211852
3915,1.1680027521090386
3916,1.0498095203981817
3917,1.1950648348618285
3918,1.1062461871736866
3919,1.0742533261713423
3920,1.1167555485526046
3921,1.0553344382938123
3922,1.354482974342542
3923,1.4871249524518764
3924,1.2974425773949219
3925,1.0756020912659832
3926,1.131415742090795
3927,1.5739172587899177
3928,1.1050706946435753
3929,1.717389267026356
3930,1.3239293934800538
3931,1.1071178161088187
3932,1.1724001547430236
3933,1.2592235803152043
3934,1.1884184533102222
3935,1.2675387423902584
3936,1.1796648211024547
3937,1.4091962616415696
3938,1.1517929583968043
3939,1.1990015249536146
3940,1.1442468558110785
3941,1.1214709525406665
3942,1.2221517720703359
3943,1.2353509116046295
3944,1.2176521982814184
3945,1.217234392077941
3946,1.0905623810779088
3947,1.1810585597097665
3948,1.108599543672931
3949,1.2737911663172892
3950,1.0312929345445827
3951,1.1343003256103188
3952,1.3230698990243428
3953,1.1877735296613476
3954,1.1202742938686225
3955,1.154760222822621
3956,1.0539514763132618
3957,1.1660604805792516
3958,1.2031169783232978
3959,1.3487952341786205
3960,1.2861739755492874
3961,1.0740687454100302
3962,1.14911373159675
3963,1.1521569123912319
3964,1.4146817977414479
3965,1.2232803864089954
3966,1.1603965449110385
3967,1.1832663699518577
3968,1.3143672656587975
3969,1.0704333112658468
3970,1.171887278751419
3971,1.167782073496175
3972,1.3281367456452584
3973,1.1872017273191982
3974,1.1345109240160443
3975,1.085361675521491
3976,1.2714172800754835
3977,1.2198610066673499
3978,1.4582498573079596
3979,1.2896587434346993
3980,1.218251136929517
3981,1.258757483412935
3982,1.1151391278907423
3983,1.2211077024955683
3984,1.1085288727740874
3985,1.0573546618141354
3986,1.1127973346986801
3987,1.0830244309650587
3988,1.2240674812797374
3989,1.1762624918395548
3990,1.1680027521090386
3991,1.3942046839104925
3992,1.1540714350374692
3993,1.1639035297279934
3994,1.1102013529991155
3995,1.2054284980165721
3996,1.1460971476433688
3997,1.2321209154176203
3998,1.4943613959734658
3999,1.1494621338542306
4000,1.1289809988350894
4001,1.2273012366476248
4002,1.068816215551588
4003,1.132594266272084
4004,1.2267435622424385
4005,1.2048614572959335
4006,1.212674026866539
4007,1.1539543318194427
4008,1.1559894918563638
4009,1.3873682384930854
4010,1.4046842622628173
4011,1.2166721242083045
4012,1.2876527919293197
4013,1.189692879098217
4014,1.2821087245984972
4015,1.1406581328645218
4016,1.3020399755756042
4017,1.3592303312956495
4018,1.120783619689658
4019,1.226475173404858
4020,1.1148602353143746
4021,1.2344937240076512
4022,1.0838137263753465
4023,1.6302102033037629
4024,1.2615460229319586
4025,1.078695759748311
4026,1.091358417951318
4027,1.2237932341029545
4028,1.118043297886534
4029,1.28635888304355
4030,1.3708470657749476
4031,1.148130179919218
4032,1.0650440783737383
4033,1.0823283923548381
4034,1.1078913681992844
4035,1.2258897500068824
4036,1.036833946280451
4037,1.1635383107992952
4038,1.1346703812322894
4039,1.1005454352235016
4040,1.1974155014066157
4041,1.1040265660312563
4042,1.2237932341029545
4043,1.231386849108938
4044,1.1330927925284155
4045,1.1937777048548688
4046,1.1305294882329175
4047,1.1329386609945056
4048,1.0956042580120207
4049,1.1705237488057068
4050,1.273104231342769
4051,1.079784874677331
4052,1.1340598945486904
4053,1.2425668383175026
4054,1.2621486585299084
4055,1.211598812180206
4056,1.1734922530581393
4057,1.2760040912422679
4058,1.348061442361581
4059,1.1360178731218635
4060,1.3612157182720868
4061,1.1273242719083574
4062,1.079895676365733
4063,1.2089538577605576
4064,1.160706517225416
4065,1.112959237725836
4066,1.3088382204221105
4067,1.0829098821555176
4068,1.1774966912018863
4069,1.2042178791450615
4070,1.0912955204057952
4071,1.1258184273863876
4072,1.2417794950637806
4073,1.1871007925586885
4074,1.1815942236848649
4075,1.2833673364884575
4076,1.1310018558748995
4077,1.2086786203586748
4078,1.2211077024955683
4079,1.1229197240281903
4080,1.1132307986697583
4081,1.2969894627639533
4082,1.1422065649332356
4083,1.3218911611366337
4084,1.1010307378430948
4085,1.0949208901735952
4086,1.2166721242083045
4087,1.0626991464859212
4088,1.1245053874676292
4089,1.255274977437535
4090,1.3076052050169518
4091,1.3020008264649088
4092,1.319368411388191
4093,1.2170787139368113
4094,1.1148602353143746
4095,1.1957168450038875
4096,1.2504104294234895
4097,1.4156590862330183
4098,1.4610059619168647
4099,1.0946291871768492
4100,1.1410652119858935
4101,1.1471544049783577
4102,1.1720514692954287
4103,1.3400088139617685
4104,1.3218911611366337
4105,1.4489636812193507
4106,1.2037438831814262
4107,1.2574911512291826
4108,1.156738712880486
4109,1.1096751322790335
4110,1.1740149719146478
4111,1.2545055227919142
4112,1.1914066082618653
4113,1.0966615444429857
4114,1.1893741221497227
4115,1.3459151527806472
4116,1.218251136929517
4117,1.341694111582466
4118,1.3358743712565504
4119,1.104427020811438
4120,1.2177979908207675
4121,1.298160969167289
4122,1.1454085725024115
4123,1.0379993193162322
4124,1.14216411161073
4125,1.0497615376674294
4126,1.128185218686509
4127,1.1445700514742732
4128,1.1404682060980598
4129,1.0798345567441148
4130,1.6014589687857155
4131,1.0836631426701915
4132,1.0553049369304126
4133,1.0806914418982432
4134,1.343523599449109
4135,1.1198534977232206
4136,1.3584387401892501
4137,1.3054740663081315
4138,1.0830244309650587
4139,1.1491991551645953
4140,1.4123404413482277
4141,1.0931421965253207
4142,1.177432557539691
4143,1.112884448857762
4144,1.124723398285699
4145,1.1168731430149819
4146,1.111233925484246
4147,1.197004078470996
4148,1.1237358023501964
4149,1.183341776140002
4150,1.2327238648394745
4151,1.4169680634774264
4152,1.2632338592717278
4153,1.179381927540066
4154,1.1189168142305461
4155,1.1059009505745998
4156,1.4685017429575344
4157,1.2017628689446973
4158,1.1373126535285072
4159,1.122844984026567
4160,1.1248819224998403
4161,1.153784640728145
4162,1.1150337812038777
4163,1.1829767867328358
4164,1.147301863743465
4165,1.1609726367426576
4166,1.1708518697591541
4167,1.198797260843125
4168,1.177057897133159
4169,1.09466277179642
4170,1.2383098760079911
4171,1.4864809310006688
4172,1.215706824153418
4173,1.081758208165098
4174,1.3011243797555632
4175,1.2232246982149604
4176,1.2139748971744364
4177,1.2355033358108032
4178,1.3747286245905235
4179,1.1222550150867938
4180,1.0996050220611329
4181,1.0707243353236087
4182,1.1232254685238745
4183,1.068104485686165
4184,1.1521569123912319
4185,1.1966613292265615
4186,1.158250978601884
4187,1.184290688536814
4188,1.226163942957932
4189,1.2521257250099227
4190,1.1673174471787442
4191,1.1861311871658469
4192,1.3464784556894611
4193,1.1284950912358513
4194,1.45651217114351
4195,1.315268479889604
4196,1.126094291838644
4197,1.189780631059736
4198,1.157344440107445
4199,1.1740385436520409
4200,1.20010839132504
4201,1.0981622387352916
4202,1.0855069242035882
4203,1.3223721971141658
4204,1.0926038778383285
4205,1.2121718517145603
4206,1.1800314802440799
4207,1.0829098821555176
4208,1.0623092112600259
4209,1.0614480476580077
4210,1.204451286491221
4211,1.286496078293705
4212,1.075225318099435
4213,1.2305995167504673
4214,1.1761186410462505
4215,1.083582312668472
4216,1.130424518985475
4217,1.0613971482419067
4218,1.227477566397977
4219,1.135806110489994
4220,1.1309565903455916
4221,1.1830800403145874
4222,1.4269434479009453
4223,1.069564914326331
4224,1.2189068811336916
4225,1.086235905476405
4226,1.2363382310976043
4227,1.0749499042243296
4228,1.3485878340688684
4229,1.2122923347417462
4230,1.3643567471753923
4231,1.2861739755492874
4232,1.1651145318089497
4233,1.3824688175422555
4234,1.1555984489028057
4235,1.226163942957932
4236,1.1970475069998594
4237,1.180846833721098
4238,1.1443778300319478
4239,1.2230087704426735
4240,1.4392683324785627
4241,1.3683555803375935
4242,1.339393257562037
4243,1.2258755376149284
4244,1.2195042678599626
4245,1.1979339480784952
4246,1.1147013143675504
4247,1.086235905476405
4248,1.401950544353233
4249,1.1198826792377257
4250,1.1124107736549207
4251,1.166674094793118
4252,1.1494621338542306
4253,1.1264839154015338
4254,1.1768370136977901
4255,1.131415742090795
4256,1.1078175064901572
4257,1.1814314385257159
4258,1.112959237725836
4259,1.2367814110143556
4260,1.464463527421645
4261,1.1617329581829128
4262,1.1171111715866664
4263,1.2877953521777212
4264,1.322264675184205
4265,1.147301863743465
4266,1.1524043562743898
4267,1.1233803531377144
4268,1.2123999458788526
4269,1.1269149786733568
4270,1.160527876394808
4271,1.3533983363631292
4272,1.2008996595010848
4273,1.1057481300053005
4274,1.1118693365996046
4275,1.1904464395291354
4276,1.0969655186472222
4277,1.237329973443137
4278,1.2045161808751454
4279,1.150830651149708
4280,1.2203821101312085
4281,1.159185377103989
4282,1.6673185169952502
4283,1.1342172794275864
4284,1.1277819188557154
4285,1.4013679548944862
4286,1.17990661698931
4287,1.2429428213958587
4288,1.044500396230666
4289,1.134423184167031
4290,1.2818713283066072
4291,1.0553999728949062
4292,1.2538112429073665
4293,1.1774578781499812
4294,1.2054464537272742
4295,1.1316908281622595
4296,1.09001456411311
4297,1.1615266092300316
4298,1.2395996497731745
4299,1.1202009881972077
4300,1.23081389694523
4301,1.138972135395299
4302,1.1599363268683702
4303,1.086045560087134
4304,1.26066673019501
4305,1.1582864678250868
4306,1.2031124718472441
4307,1.095429164425646
4308,1.1406527989100579
4309,1.1232199988889129
4310,1.1796917398951086
4311,1.3203671658380849
4312,1.300952400043362
4313,1.1030624198088412
4314,1.053893226760436
4315,1.1102683321798725
4316,1.4028614016932768
4317,1.2753411621912008
4318,1.1393229469037665
4319,1.1343003256103188
4320,1.1352014006866942
4321,1.1448536897494153
4322,1.340358678240107
4323,1.0553172147198007
4324,1.2668423234339672
4325,1.1377835568680943
4326,1.2862959097295104
4327,1.1204865649170428
4328,1.277323474672932
4329,1.1977963810953944
4330,1.2821087245984972
4331,1.135512064330974
4332,1.3040274758463575
4333,1.195924045767099
4334,1.3054267063052238
4335,1.1407259842227626
4336,1.3621201593850347
4337,1.1890644326034454
4338,1.1683999343641989
4339,1.3263670560876701
4340,1.286835550091355
4341,1.099483816517389
4342,1.318113311323421
4343,1.2045124798347338
4344,1.212674026866539
4345,1.195901013362135
4346,1.3036972935728404
4347,1.3149882691436705
4348,1.1524393637816108
4349,1.303267573634411
4350,1.1365134367526355
4351,1.1902083259573095
4352,1.2089538577605576
4353,1.4121480021210047
4354,1.2168643463272697
4355,1.3382296196651229
4356,1.180157929621486
4357,1.154676583276218
4358,1.2126823117325196
4359,1.3591185684240534
4360,1.1248062226809894
4361,1.1559217804118171
4362,1.1424666453071302
4363,1.0717510956597025
4364,1.0661906202233329
4365,1.1175994035315402
4366,1.2863308017087207
4367,1.2316061849131819
4368,1.1665920043994495
4369,1.158276915907038
4370,1.1617484986471036
4371,1.130835782767925
4372,1.1621462975603525
4373,1.2190053452460607
4374,1.1578978099862673
4375,1.54348737967719
4376,1.095146670111787
4377,1.05749096735704
4378,1.1359145574229514
4379,1.1927826297896493
4380,1.3119570283850186
4381,1.1287875244079286
4382,1.4622542603294684
4383,1.2668423234339672
4384,1.2438254077365354
4385,1.155142422340528
4386,1.1016580785798165
4387,1.2076662511087235
4388,1.4143054888016766
4389,1.1870202346854457
4390,1.3682019954731053
4391,1.2001572065967954
4392,1.1293318728070125
4393,1.1279594306761591
4394,1.0746610167467436
4395,1.1679979199172301
4396,1.3156911291677085
4397,1.1960317505419589
4398,1.1568173232235037
4399,1.0647964617455177
4400,1.1793419265890532
4401,1.1118237606054835
4402,1.087871078492791
4403,1.1141033709965311
4404,1.0644019954132178
4405,1.1925354023036587
4406,1.3194376587991397
4407,1.112959237725836
4408,1.0913957085624455
4409,1.4236331914136733
4410,1.1770125859726934
4411,1.1845814450383028
4412,1.1133526994106933
4413,1.1242079507999905
4414,1.453795740253891
4415,1.1202742938686225
4416,1.117676418662347
4417,1.2639723004958139
4418,1.4883680566326156
4419,1.1110609455972063
4420,1.0980579857669526
4421,1.0760679750151134
4422,1.076134344934864
4423,1.1908197468001716
4424,1.2042667391675337
4425,1.248160815033136
4426,1.0448391981232126
4427,1.087657711093299
4428,1.157547142586024
4429,1.2166303027379022
4430,1.1182031811168307
4431,1.5965870354924034
4432,1.1898958053458473
4433,1.1797889159823636
4434,1.162754421102463
4435,1.05749096735704
4436,1.3184562162104403
4437,1.2565497579998834
4438,1.1462681167209445
4439,1.1762404139365408
4440,1.2765532339031664
4441,1.3854667355523977
4442,1.1619749030070219
4443,1.232559994945188
4444,1.4501483288240762
4445,1.3310589200951983
4446,1.218329729654684
4447,1.278688281459903
4448,1.1168731430149819
4449,1.1464959623467357
4450,1.3584387401892501
4451,1.1602776617335064
4452,1.140880261883006
4453,1.2427532024868886
4454,1.1857508991702455
4455,1.1619749030070219
4456,1.3855037969501331
4457,1.308166552322737
4458,1.0614480476580077
4459,1.189692879098217
4460,1.2218743974912305
4461,1.1038928448557876
4462,1.14216411161073
4463,1.1299683769763085
4464,1.2190970095480023
4465,1.2203821101312085
4466,1.1744675344112119
4467,1.3245891002041608
4468,1.0360654572388348
4469,1.1482290632437075
4470,1.2713799768965564
4471,1.0819081915526707
4472,1.1356898333090393
4473,1.3226705364085087
4474,1.0550212618211852
4475,1.2578356560808512
4476,1.294542054664378
4477,1.1715554197508167
4478,1.2284367612322193
4479,1.0614480476580077
4480,1.0661465551134506
4481,1.3194659088619836
4482,1.1489273590489042
4483,1.2066816368133237
4484,1.1049223445735885
4485,1.1688200361302277
4486,1.1045343819101834
4487,1.3158466137861566
4488,1.3493280404667622
4489,1.1769279580550711
4490,1.3200373596679342
4491,1.1071758017457682
4492,1.2675563331571646
4493,1.157344440107445
4494,1.0484671943147432
4495,1.2071196323278899
4496,1.2468514148153929
4497,1.1534232475556352
4498,1.3310589200951983
4499,1.1518795579301144
4500,1.1123420757085247
4501,1.1786773475747192
4502,1.1842394066899582
4503,1.2002769912288487
4504,1.1301014164135321
4505,1.2055960314123988
4506,1.2675708438938325
4507,1.105138163107399
4508,1.1555984489028057
4509,1.1842364809959436
4510,1.0827665317476955
4511,1.3741555690279281
4512,1.18005958920729
4513,1.2691676170063928
4514,1.0993297477114492
4515,1.2661909716729103
4516,1.0691698340516562
4517,1.0926038778383285
4518,1.1744675344112119
4519,1.1519859654283169
4520,1.256628353396275
4521,1.1604822479439372
4522,1.1200015151780882
4523,1.2646292535555155
4524,1.147141127936644
4525,1.1562431068455001
4526,1.1038700781368924
4527,1.3562257112249412
4528,1.0813056789250555
4529,1.2209784102309107
4530,1.3082783683807608
4531,1.2612628563978974
4532,1.1711956110812474
4533,1.1273482278001146
4534,1.1479899269854341
4535,1.2260495280952683
4536,1.2669665868079678
4537,1.109395359374039
4538,1.1663074586187099
4539,1.2351324943962017
4540,1.1900580429222067
4541,1.2363382310976043
4542,1.169949495123533
4543,1.2108354713288925
4544,1.0653479998393527
4545,1.3753511091823885
4546,1.180017547287067
4547,1.0751105018410592
4548,1.088124205665681
4549,1.350222546019563
4550,1.0950078268514865
4551,1.129610040437109
4552,1.189692879098217
4553,1.1872521164669096
4554,1.321300553890437
4555,1.2505906772981277
4556,1.6302102033037629
4557,1.0728551505596227
4558,1.3262365127406242
4559,1.2045161808751454
4560,1.2107007781479147
4561,1.2836879796398906
4562,1.1465955790015163
4563,1.0691801508622356
4564,1.3610550937557444
4565,1.1245053874676292
4566,1.192815967518085
4567,1.046880933370998
4568,1.4316770275121702
4569,1.2425869041521262
4570,1.0990838684557884
4571,1.1858804969058505
4572,1.232559994945188
4573,1.224085507643123
4574,1.4402860314075523
4575,1.26753001935709
4576,1.076479515715375
4577,1.103110574479539
4578,1.2589481895665293
4579,1.177057897133159
4580,1.1206439127809469
4581,1.1067973154550679
4582,1.119984467823411
4583,1.2144095098428085
4584,1.1832630138668614
4585,1.1556963416202446
4586,1.0888371665842569
4587,1.3174819165039495
4588,1.2276132107851498
4589,1.2292187285894824
4590,1.0511524552705505
4591,1.4373217912195118
4592,1.2115513540299434
4593,1.1889826190894284
4594,1.3051392041501122
4595,1.1869944836684834
4596,1.3274572560456062
4597,1.0410794199506304
4598,1.472278049621109
4599,1.2075356844174276
4600,1.1445700514742732
4601,1.2362085237605729
4602,1.3051392041501122
4603,1.1993438918863726
4604,1.1369709446857201
4605,1.1688200361302277
4606,1.1201653091261492
4607,1.4088635015561968
4608,1.1253411881706323
4609,1.1701529526243561
4610,1.2107007781479147
4611,1.1909132302728413
4612,1.157147914453458
4613,1.086235905476405
4614,1.412380742012805
4615,1.1811728967004704
4616,1.167782073496175
4617,1.1868384086371266
4618,1.2733714095385502
4619,1.1768370136977901
4620,1.1769565662555375
4621,1.0607419657968487
4622,1.4334402054821513
4623,1.4259063978632383
4624,1.096343906104899
4625,1.2352719456750587
4626,1.157554187333183
4627,1.170008312665902
4628,1.1247823991869672
4629,1.0830244309650587
4630,1.330404946018225
4631,1.2003245772100815
4632,1.3137103917182984
4633,1.3332081983100639
4634,1.271130281147381
4635,1.177434318672079
4636,1.238345032966217
4637,1.1148193676126308
4638,1.2052236049468092
4639,1.4234850632851095
4640,1.1218925737300265
4641,1.2176521982814184
4642,1.2963044295574582
4643,1.2051807948631459
4644,1.2438254077365354
4645,1.079219221455763
4646,1.1141888584197097
4647,1.2458879737890396
4648,1.2253787806574437
4649,1.0632429622578499
4650,1.1214629559725608
4651,1.264870044955159
4652,1.258892236078464
4653,1.1021979489448848
4654,1.1207141053852079
4655,1.1959348619719627
4656,1.4498548433104257
4657,1.1096751322790335
4658,1.2566680572430446
4659,1.150365319117007
4660,1.5409705976690993
4661,1.4047634251991319
4662,1.1261184806837832
4663,1.3548653333400695
4664,1.1092947074098782
4665,1.1075270934672552
4666,1.1603965449110385
4667,1.134400591235981
4668,1.1815942236848649
4669,1.1617307437018085
4670,1.1909493987219228
4671,1.1595413228060976
4672,1.103110574479539
4673,1.113177734350534
4674,1.0746402740343013
4675,1.4001950063160686
4676,1.128686220095171
4677,1.363946332745701
4678,1.158791389381105
4679,1.2803609125782185
4680,1.0938455206235778
4681,1.1549811657993554
4682,1.147693035480996
4683,1.1376440987929115
4684,1.1779103244172142
4685,1.0998083514872157
4686,1.181596819084609
4687,1.121404191907576
4688,1.2807331477409754
4689,1.1193872172004775
4690,1.2308965381917685
4691,1.4610059619168647
4692,1.1470532928601582
4693,1.1308883019034648
4694,1.1299222355499543
4695,1.2965966586209272
4696,1.1411300353024625
4697,1.2760598989801628
4698,1.2389554190597183
4699,1.141490838826432
4700,1.1613411958912863
4701,1.1639170794284401
4702,1.1345109240160443
4703,1.2536971012975195
4704,1.1340598945486904
4705,1.1171111715866664
4706,1.1081022880974438
4707,1.2520762135411814
4708,1.0765666757570909
4709,1.1164074762620164
4710,1.1208324418815732
4711,1.1564867966658958
4712,1.1530888901943581
4713,1.1939329554876035
4714,1.0795549288432658
4715,1.257774454458989
4716,1.2739251654049195
4717,1.2687816512246113
4718,1.1010342159188187
4719,1.0689916719164125
4720,1.128410028892576
4721,1.134400591235981
4722,1.3651887520787878
4723,1.1970840689023912
