sbp,smoker_current,hdl_c,tot_chol,bp_treated,race,age,sex,diabetes
100,0,54,319,1,White,60,Female,1
122,Missing,72,150,1,Other,65,Female,1
147.3333333,1,49,446,1,White,55,Female,1
141.6666667,Missing,53,179,1,Black,76,Female,1
128,0,39,131,1,White,69,Male,1
139.6666667,0,40,238,Missing,White,61,Male,1
132,0,31,152,1,Black,72,Male,1
127.3333333,1,80,138,1,Black,65,Male,1
134,0,34,158,1,White,79,Male,1
128,Missing,81,155,Missing,Other,65,Female,1
131,Missing,60,119,1,Black,67,Male,1
123.3333333,0,52,109,1,Black,75,Male,1
115.6666667,0,37,250,1,Other,68,Male,1
131.3333333,Missing,31,180,1,Black,42,Female,1
217,0,58,220,1,Black,77,Female,1
102.6666667,Missing,61,156,Missing,Other,67,Male,1
124.3333333,Missing,35,121,1,White,51,Male,1
117,1,39,78,1,Black,66,Male,1
138.3333333,Missing,49,149,1,Black,79,Male,1
133.3333333,0,38,177,1,Other,55,Female,1
135.3333333,Missing,61,165,Missing,White,74,Female,1
111.6666667,1,72,149,1,Black,51,Female,1
121,0,38,161,1,Other,66,Male,1
145.6666667,0,36,164,1,Other,68,Male,1
119,Missing,46,139,0,White,68,Female,1
141.3333333,Missing,48,126,1,Other,74,Female,1
118.6666667,Missing,61,161,Missing,Other,52,Female,1
121,0,38,161,1,Other,66,Male,1
112.3333333,Missing,43,145,1,Other,44,Male,1
140.3333333,Missing,70,179,1,Other,62,Female,1
132.3333333,0,49,230,Missing,Other,74,Female,1
138,Missing,79,231,1,Other,74,Female,1
146.3333333,Missing,87,138,Missing,White,54,Male,1
114,Missing,41,148,1,Other,66,Male,1
125.6666667,Missing,77,165,Missing,Other,55,Female,1
119.3333333,Missing,35,162,Missing,Black,46,Male,1
116.6666667,Missing,62,197,Missing,Other,54,Male,1
159.3333333,0,45,144,1,Black,78,Male,1
140.3333333,0,45,113,1,Other,74,Female,1
102.3333333,0,34,141,1,Other,65,Male,1
133.6666667,0,61,107,1,Other,72,Male,1
104.3333333,0,42,148,1,Black,66,Male,1
116.6666667,Missing,40,172,1,Other,65,Male,1
153,1,43,251,1,Black,69,Female,1
105.6666667,1,28,174,0,Other,47,Male,1
141.3333333,Missing,44,127,Missing,Black,61,Male,1
152.6666667,Missing,52,171,1,Black,56,Female,1
123,Missing,38,184,1,Other,47,Male,1
113.6666667,Missing,77,219,Missing,Other,62,Female,1
101,1,79,185,Missing,Other,65,Female,1
128,0,58,153,1,White,72,Female,1
113.6666667,Missing,77,219,Missing,Other,62,Female,1
128,Missing,37,152,1,Other,60,Male,1
180.6666667,0,51,184,1,Black,78,Female,1
108.6666667,0,58,261,Missing,Other,54,Male,1
137.6666667,0,44,159,Missing,White,63,Male,1
138.3333333,0,34,133,1,White,79,Male,1
104,1,47,158,1,Other,64,Female,1
166.6666667,Missing,38,176,1,Other,65,Male,1
131.3333333,Missing,61,178,1,Other,74,Female,1
143,1,48,242,0,White,58,Male,1
143.3333333,0,31,267,1,White,48,Female,1
94,Missing,35,214,1,Other,46,Male,1
160.3333333,Missing,41,159,1,Other,58,Male,1
171,Missing,46,141,1,Other,55,Female,1
137.3333333,Missing,71,204,1,Other,68,Female,1
107.6666667,Missing,38,161,Missing,Other,65,Male,1
127.6666667,0,77,238,1,Black,72,Female,1
112.6666667,Missing,54,168,Missing,White,68,Male,1
117.3333333,0,44,213,Missing,Other,66,Male,1
156,0,52,137,Missing,Black,66,Female,1
141,Missing,41,169,1,Other,56,Male,1
149,Missing,42,133,1,Black,58,Female,1
110,0,47,129,1,White,63,Male,1
181.6666667,Missing,56,144,1,Black,67,Female,1
102.3333333,Missing,45,146,1,Black,65,Female,1
127,Missing,37,133,1,White,55,Male,1
124,1,70,199,0,Black,62,Male,1
146.6666667,1,68,198,1,Other,68,Female,1
120.3333333,0,37,203,Missing,Black,50,Male,1
104.3333333,Missing,56,136,1,Black,59,Male,1
118.6666667,Missing,49,212,Missing,Black,53,Male,1
134.3333333,0,50,152,1,Other,67,Male,1
166.6666667,1,39,321,1,Other,52,Male,1
126.6666667,1,64,176,1,Black,66,Female,1
116.3333333,Missing,29,248,0,Black,55,Female,1
101.3333333,Missing,49,159,Missing,Other,50,Male,1
117,1,44,172,1,Other,62,Male,1
173.6666667,Missing,35,210,1,Black,57,Female,1
153.3333333,Missing,42,100,Missing,Black,61,Male,1
181.3333333,0,43,180,1,Other,61,Female,1
123.3333333,Missing,68,193,1,Black,61,Female,1
162.3333333,Missing,50,146,1,White,78,Female,1
131.6666667,Missing,46,140,Missing,Other,70,Male,1
103,0,40,164,1,Other,58,Male,1
130.3333333,Missing,30,237,1,White,49,Female,1
139.3333333,0,47,165,Missing,White,79,Female,1
154.3333333,1,77,207,Missing,Other,67,Female,1
131,0,54,173,1,Other,72,Male,1
178.6666667,0,53,185,1,Black,48,Male,1
117.6666667,Missing,38,218,Missing,Other,57,Male,1
140,0,66,157,1,Black,67,Female,1
108.6666667,0,49,169,1,Other,70,Male,1
133.3333333,Missing,54,169,1,Black,78,Male,1
126,1,56,146,1,Other,50,Male,1
104,Missing,52,229,1,Black,56,Female,1
107.6666667,1,40,120,1,White,65,Female,1
104.6666667,Missing,42,259,Missing,Black,46,Male,1
100,0,54,319,1,White,60,Female,1
134,0,28,164,Missing,White,43,Male,1
104,0,46,113,Missing,Other,44,Male,1
142.6666667,0,41,227,1,Black,53,Male,1
150.6666667,0,35,210,1,Other,58,Female,1
139,0,39,226,1,White,55,Male,1
165,1,36,207,Missing,Other,50,Male,1
130.6666667,1,43,214,1,White,56,Female,1
131.3333333,Missing,39,113,Missing,White,66,Male,1
131,Missing,37,142,Missing,Black,43,Female,1
179.3333333,0,43,193,1,White,68,Female,1
153,1,52,174,0,Other,66,Female,1
115.6666667,1,67,193,1,Other,79,Male,1
128,Missing,40,217,1,White,61,Male,1
182.6666667,Missing,49,221,0,Other,57,Male,1
143.6666667,1,48,186,1,Black,64,Male,1
139,0,39,226,1,White,55,Male,1
96.66666667,0,52,206,1,White,55,Female,1
128.6666667,Missing,30,169,Missing,Other,62,Male,1
92.33333333,1,61,228,Missing,Black,49,Female,1
153,1,68,158,1,Black,70,Male,1
129.6666667,Missing,78,208,Missing,Other,41,Female,1
97,1,49,131,0,White,70,Male,1
143,Missing,57,155,1,Black,40,Female,1
183,1,54,130,0,Black,63,Male,1
110.3333333,1,36,235,Missing,Black,43,Male,1
150,0,35,205,1,White,64,Female,1
139.6666667,1,64,141,1,Black,74,Female,1
92.33333333,1,61,228,Missing,Black,49,Female,1
152,0,43,160,1,White,74,Male,1
113.6666667,Missing,70,119,1,Black,78,Male,1
128,Missing,48,175,1,Black,64,Male,1
108.6666667,Missing,46,165,1,White,63,Male,1
143.3333333,0,88,180,1,Black,67,Male,1
149.3333333,Missing,54,114,1,Black,65,Male,1
144.6666667,Missing,51,217,Missing,Other,67,Female,1
129.6666667,Missing,41,121,1,Other,60,Female,1
126.6666667,0,53,229,Missing,White,67,Female,1
151.6666667,1,93,208,1,White,70,Female,1
119.3333333,0,40,133,1,Black,66,Male,1
135.6666667,Missing,59,157,Missing,Other,62,Female,1
105.3333333,0,38,174,1,Other,47,Female,1
131.3333333,0,42,230,Missing,Black,54,Female,1
113,Missing,44,157,0,White,52,Female,1
143.3333333,Missing,57,143,1,Other,69,Female,1
106,Missing,59,198,1,Other,53,Female,1
104,1,47,158,1,Other,64,Female,1
108.3333333,0,30,168,1,Other,72,Male,1
139.6666667,1,64,141,1,Black,74,Female,1
149,0,40,217,1,White,64,Female,1
134.6666667,Missing,55,168,1,Black,63,Female,1
123.6666667,0,59,189,1,Black,59,Female,1
142.6666667,0,41,227,1,Black,53,Male,1
128,0,39,131,1,White,69,Male,1
113,1,37,120,1,Black,63,Male,1
128.3333333,1,41,126,Missing,White,64,Male,1
132.3333333,0,62,174,0,White,79,Male,1
114.6666667,0,55,139,1,Black,65,Female,1
118,0,32,181,1,Other,50,Male,1
142.6666667,Missing,41,173,1,Other,59,Male,1
132,1,73,185,0,White,72,Male,1
137.3333333,Missing,41,150,1,Black,68,Female,1
117.6666667,Missing,47,205,Missing,White,55,Male,1
142.3333333,Missing,53,246,1,Black,61,Male,1
125.3333333,1,33,147,1,White,74,Male,1
103,0,40,164,1,Other,58,Male,1
108.3333333,Missing,80,179,1,Black,56,Female,1
130,1,54,117,1,Other,60,Male,1
118.6666667,Missing,49,212,Missing,Black,53,Male,1
128.6666667,Missing,64,165,Missing,Black,47,Male,1
144.6666667,Missing,49,278,1,White,75,Female,1
118,0,32,181,1,Other,50,Male,1
93,0,44,190,Missing,White,61,Female,1
94.66666667,Missing,39,111,1,Other,48,Male,1
132.3333333,0,49,230,Missing,Other,74,Female,1
131.6666667,Missing,46,140,Missing,Other,70,Male,1
125.3333333,1,33,147,1,White,74,Male,1
110.3333333,Missing,52,175,1,Other,54,Female,1
108,Missing,42,180,1,Black,79,Male,1
128,Missing,53,144,1,White,70,Female,1
105.6666667,Missing,35,177,1,Other,46,Male,1
103.3333333,0,61,117,Missing,White,65,Female,1
107.3333333,0,38,169,Missing,Black,44,Male,1
114.3333333,0,40,159,1,Other,54,Male,1
127.6666667,0,63,199,Missing,Other,75,Male,1
112,0,48,152,Missing,White,47,Female,1
103,Missing,22,293,1,White,60,Male,1
130,Missing,36,132,1,Black,52,Male,1
125.3333333,Missing,43,122,1,Other,56,Male,1
123,1,30,223,1,Other,43,Male,1
140.3333333,1,50,173,Missing,Other,44,Male,1
103.3333333,0,41,155,Missing,Black,53,Female,1
120.3333333,0,37,203,Missing,Black,50,Male,1
106,Missing,59,198,1,Other,53,Female,1
148,Missing,97,174,1,Black,70,Female,1
103,Missing,22,293,1,White,60,Male,1
155,1,55,134,1,Black,66,Male,1
121,Missing,34,157,1,White,77,Male,1
119.6666667,0,37,221,Missing,White,41,Male,1
144.6666667,1,40,172,Missing,White,52,Female,1
135.6666667,1,43,178,1,White,44,Female,1
150,Missing,39,118,1,Other,75,Male,1
112.6666667,Missing,54,168,Missing,White,68,Male,1
111.3333333,Missing,46,179,1,Other,63,Female,1
131,0,92,226,1,Black,55,Female,1
105.6666667,Missing,35,177,1,Other,46,Male,1
117.3333333,0,67,166,1,Black,78,Female,1
149.3333333,1,38,194,1,Other,64,Female,1
119.3333333,Missing,35,162,Missing,Black,46,Male,1
123.3333333,Missing,68,193,1,Black,61,Female,1
138.3333333,0,36,110,Missing,White,74,Male,1
109.6666667,0,48,185,1,Black,69,Female,1
111.3333333,1,43,187,1,White,45,Female,1
123.6666667,0,59,189,1,Black,59,Female,1
141.3333333,0,37,161,1,Black,72,Female,1
165,1,36,207,Missing,Other,50,Male,1
109,Missing,26,207,1,Other,50,Female,1
140.3333333,0,45,113,1,Other,74,Female,1
119,0,44,248,Missing,Other,62,Female,1
147.3333333,0,47,210,Missing,Other,55,Male,1
126.6666667,1,64,176,1,Black,66,Female,1
110,0,47,129,1,White,63,Male,1
131,Missing,35,177,1,White,73,Female,1
164.6666667,Missing,57,339,1,White,64,Female,1
127,0,41,162,1,Other,69,Male,1
138.6666667,0,38,167,Missing,Other,60,Male,1
131.3333333,0,42,230,Missing,Black,54,Female,1
165.6666667,0,40,221,1,Other,60,Female,1
116.6666667,0,39,132,Missing,Black,61,Male,1
92.66666667,Missing,54,122,1,Other,74,Male,1
140.3333333,Missing,70,179,1,Other,62,Female,1
150.6666667,Missing,52,224,1,Black,64,Female,1
139.6666667,0,50,180,1,Black,59,Female,1
164,1,51,177,1,Black,63,Female,1
143.3333333,Missing,57,143,1,Other,69,Female,1
135.6666667,Missing,59,157,Missing,Other,62,Female,1
164.6666667,Missing,48,162,1,Other,71,Female,1
150,0,51,113,1,Other,65,Male,1
125.6666667,Missing,67,196,1,Other,51,Male,1
181,1,59,188,1,Black,71,Male,1
128,1,35,234,Missing,White,67,Male,1
119.3333333,Missing,35,162,Missing,Black,46,Male,1
154,Missing,60,183,1,Other,70,Female,1
123,Missing,36,133,1,White,56,Male,1
151.3333333,Missing,57,274,1,Black,66,Female,1
148.3333333,Missing,53,172,1,Other,61,Female,1
100.3333333,Missing,43,162,Missing,Other,59,Female,1
131,Missing,50,234,1,Black,65,Male,1
154.3333333,Missing,75,245,1,Black,67,Female,1
106,1,29,140,Missing,Other,61,Male,1
123.6666667,1,41,116,1,Black,51,Male,1
121.3333333,Missing,40,165,1,Black,68,Female,1
116.6666667,Missing,61,195,1,Other,71,Female,1
125.3333333,Missing,57,190,Missing,Black,68,Female,1
125.3333333,Missing,43,122,1,Other,56,Male,1
107.6666667,1,40,120,1,White,65,Female,1
153,1,68,158,1,Black,70,Male,1
113.3333333,1,29,122,1,Black,65,Male,1
157.3333333,1,49,208,Missing,Other,60,Male,1
156.3333333,0,41,112,1,Other,76,Male,1
124.3333333,0,33,177,1,Other,46,Male,1
123.3333333,Missing,42,197,Missing,Other,60,Female,1
143.3333333,Missing,57,143,1,Other,69,Female,1
118.6666667,0,56,190,0,Black,43,Male,1
123.6666667,Missing,62,185,1,Other,60,Female,1
141,Missing,41,169,1,Other,56,Male,1
158,0,61,144,1,Black,54,Male,1
152.3333333,Missing,37,215,1,Black,78,Male,1
110,Missing,73,213,Missing,Other,68,Female,1
111.6666667,0,38,94,Missing,Black,53,Female,1
138.6666667,0,30,180,Missing,Other,72,Male,1
142.3333333,0,40,203,Missing,White,65,Male,1
125.3333333,1,33,147,1,White,74,Male,1
106,Missing,40,165,1,Other,50,Male,1
111,Missing,48,200,Missing,Other,69,Female,1
133.6666667,0,41,233,1,White,75,Male,1
166.6666667,Missing,38,176,1,Other,65,Male,1
146.3333333,Missing,87,138,Missing,White,54,Male,1
132,0,39,162,Missing,White,43,Female,1
143,1,48,242,0,White,58,Male,1
131,Missing,37,142,Missing,Black,43,Female,1
156.6666667,Missing,59,149,1,Other,75,Female,1
154.6666667,Missing,45,180,1,Black,73,Male,1
170.6666667,0,42,131,1,Black,75,Male,1
131.6666667,Missing,41,209,Missing,Black,61,Female,1
114.6666667,0,55,139,1,Black,65,Female,1
152.6666667,Missing,40,178,Missing,Other,72,Male,1
122,Missing,46,164,Missing,Other,55,Female,1
150.6666667,0,52,153,1,Other,69,Male,1
137.3333333,Missing,48,155,1,Other,60,Female,1
115,0,52,179,1,White,67,Male,1
122,Missing,68,129,1,Black,62,Female,1
104.3333333,1,48,129,Missing,White,45,Male,1
131,1,61,221,1,Other,53,Female,1
122,Missing,35,86,0,Other,62,Male,1
201,0,41,225,Missing,White,79,Male,1
98.66666667,Missing,56,128,1,Black,70,Female,1
149,Missing,32,174,1,Black,68,Male,1
192.3333333,Missing,56,118,1,Black,45,Female,1
130.6666667,Missing,34,205,1,White,45,Male,1
119.3333333,0,52,211,Missing,Other,56,Male,1
93,0,44,190,Missing,White,61,Female,1
182.6666667,Missing,54,300,1,Other,74,Female,1
150.6666667,Missing,41,136,1,Other,68,Female,1
143,0,51,126,Missing,Other,72,Male,1
138.3333333,0,34,133,1,White,79,Male,1
129.6666667,Missing,31,117,1,White,79,Male,1
107.3333333,0,40,191,0,Other,61,Male,1
146.6666667,Missing,66,164,1,White,59,Male,1
123,Missing,38,184,1,Other,47,Male,1
111.3333333,1,43,187,1,White,45,Female,1
185,0,60,175,1,Black,73,Female,1
117,1,44,172,1,Other,62,Male,1
135.6666667,Missing,54,105,Missing,White,75,Male,1
101,1,79,185,Missing,Other,65,Female,1
155.6666667,1,42,170,Missing,White,52,Male,1
124.3333333,Missing,48,164,1,Other,64,Female,1
124,Missing,43,165,1,Black,77,Female,1
120.3333333,0,37,164,1,White,55,Female,1
106.6666667,Missing,63,159,1,Black,58,Female,1
117,0,39,160,Missing,Other,71,Male,1
144.6666667,1,41,205,Missing,Other,50,Male,1
123,Missing,39,163,1,Other,53,Female,1
123,Missing,49,160,Missing,Other,68,Male,1
150.6666667,0,33,122,1,White,64,Male,1
121.3333333,Missing,76,204,1,White,49,Female,1
142.6666667,Missing,68,208,1,Black,64,Male,1
130.3333333,1,27,234,1,Other,49,Male,1
142.6666667,0,60,155,Missing,White,75,Male,1
140.3333333,Missing,65,218,1,Other,70,Female,1
118,0,49,160,1,Other,56,Female,1
101,1,79,185,Missing,Other,65,Female,1
120,1,69,255,1,Black,52,Male,1
165.3333333,Missing,60,221,Missing,Other,77,Female,1
118.6666667,1,38,206,Missing,White,50,Male,1
133.6666667,Missing,46,224,0,Other,63,Female,1
134.6666667,0,38,164,1,Other,79,Male,1
121.6666667,Missing,52,184,Missing,Other,77,Female,1
129.6666667,Missing,41,121,1,Other,60,Female,1
111.6666667,0,40,153,Missing,White,60,Male,1
129,Missing,37,159,1,White,74,Female,1
124,Missing,43,165,1,Black,77,Female,1
111.3333333,0,42,161,Missing,White,76,Male,1
146.6666667,Missing,83,143,1,Black,57,Female,1
105.6666667,0,29,176,1,Other,65,Male,1
171,Missing,35,216,1,Other,72,Female,1
115,Missing,44,137,Missing,Other,45,Male,1
101,1,46,189,1,White,70,Female,1
130.6666667,Missing,43,135,1,Black,56,Male,1
148,0,60,180,1,Black,73,Female,1
119.3333333,Missing,78,177,1,Other,76,Female,1
122.3333333,1,39,166,1,Other,50,Female,1
104,Missing,50,201,Missing,Other,40,Male,1
164.6666667,Missing,48,162,1,Other,71,Female,1
148,Missing,97,174,1,Black,70,Female,1
140.3333333,Missing,60,207,1,Black,65,Female,1
178.3333333,0,53,116,1,Black,75,Male,1
135.3333333,Missing,81,264,Missing,Black,61,Female,1
121.3333333,Missing,46,137,Missing,White,73,Male,1
130.6666667,Missing,35,223,1,White,51,Female,1
134,0,28,164,Missing,White,43,Male,1
172.6666667,Missing,37,87,1,Black,61,Female,1
137.6666667,1,79,166,1,Black,61,Female,1
100.3333333,Missing,58,220,1,White,53,Female,1
108.3333333,0,30,168,1,Other,72,Male,1
99.33333333,0,36,150,1,White,61,Male,1
132.6666667,Missing,39,173,Missing,White,72,Male,1
94.33333333,1,54,149,1,Black,60,Male,1
133,Missing,50,156,1,Other,58,Male,1
135.6666667,1,43,178,1,White,44,Female,1
104,0,46,113,Missing,Other,44,Male,1
122,Missing,35,86,0,Other,62,Male,1
135.3333333,Missing,94,232,Missing,Other,71,Female,1
166,Missing,45,105,1,Black,69,Female,1
156.3333333,1,95,196,0,Other,53,Female,1
122,Missing,72,150,1,Other,65,Female,1
123.6666667,0,54,173,1,Black,70,Female,1
131.3333333,0,40,139,1,Black,64,Female,1
134.6666667,Missing,55,168,1,Black,63,Female,1
121,0,58,216,1,White,67,Male,1
132.6666667,1,41,115,1,White,51,Male,1
151.3333333,1,46,231,1,Black,56,Female,1
126.3333333,Missing,38,186,1,Other,56,Female,1
116,Missing,42,167,1,White,71,Male,1
128.6666667,0,32,175,1,Other,71,Male,1
140.3333333,1,42,182,1,White,54,Female,1
131,Missing,35,177,1,White,73,Female,1
118,0,38,227,1,Black,61,Male,1
136.6666667,Missing,40,190,1,Other,69,Male,1
130,Missing,61,153,1,Black,60,Male,1
140.3333333,1,50,173,Missing,Other,44,Male,1
102,0,32,135,1,White,59,Male,1
132.6666667,Missing,39,173,Missing,White,72,Male,1
131.3333333,Missing,35,112,1,White,72,Male,1
130.3333333,Missing,30,237,1,White,49,Female,1
156.3333333,0,41,112,1,Other,76,Male,1
131.3333333,Missing,31,180,1,Black,42,Female,1
136.6666667,Missing,40,190,1,Other,69,Male,1
138,Missing,61,119,1,Other,60,Female,1
106.6666667,Missing,57,218,1,White,73,Female,1
117,0,41,158,1,White,43,Female,1
195.3333333,0,62,340,1,Black,60,Female,1
86.33333333,1,47,138,1,White,65,Female,1
114.6666667,0,36,218,1,White,77,Male,1
140.6666667,1,46,199,Missing,Other,66,Male,1
126.6666667,0,53,229,Missing,White,67,Female,1
137,Missing,36,150,1,White,59,Male,1
149.3333333,Missing,25,138,1,Other,73,Male,1
141.6666667,0,40,123,Missing,Other,45,Male,1
117,Missing,45,166,1,Black,47,Female,1
141,Missing,68,220,1,Black,61,Female,1
130,Missing,37,159,Missing,Other,50,Male,1
127.3333333,Missing,51,150,Missing,Other,72,Female,1
143.3333333,0,41,153,1,White,71,Male,1
104.3333333,1,48,129,Missing,White,45,Male,1
132.6666667,1,39,202,1,White,50,Male,1
144.6666667,0,80,148,1,Black,62,Female,1
141.3333333,0,44,160,1,White,79,Male,1
134,Missing,49,186,Missing,Other,61,Male,1
115.6666667,Missing,94,192,1,White,78,Female,1
120.3333333,0,37,164,1,White,55,Female,1
94.66666667,Missing,39,111,1,Other,48,Male,1
131.6666667,Missing,38,185,1,Black,44,Female,1
145.3333333,Missing,54,142,1,Black,41,Female,1
106.6666667,0,29,146,1,Other,44,Male,1
140.6666667,1,46,199,Missing,Other,66,Male,1
178.3333333,Missing,60,150,1,Black,75,Female,1
151.3333333,1,46,231,1,Black,56,Female,1
149,Missing,54,162,1,White,75,Female,1
151.6666667,Missing,75,185,Missing,White,60,Female,1
141.6666667,0,121,313,Missing,Black,57,Female,1
151.6666667,0,48,137,1,Other,72,Female,1
95.66666667,Missing,49,153,Missing,Other,60,Female,1
116,0,22,176,Missing,Other,47,Male,1
120,0,87,189,Missing,Other,61,Male,1
111.6666667,0,40,153,Missing,White,60,Male,1
124.3333333,Missing,48,164,1,Other,64,Female,1
133,Missing,48,147,1,Other,73,Female,1
128,Missing,48,175,1,Black,64,Male,1
122.3333333,0,44,124,1,Other,73,Male,1
151.3333333,Missing,76,155,1,Black,79,Male,1
139.3333333,Missing,65,223,1,Black,56,Female,1
132.3333333,0,49,230,Missing,Other,74,Female,1
117,0,35,97,Missing,White,41,Male,1
116,0,22,176,Missing,Other,47,Male,1
138.3333333,0,36,110,Missing,White,74,Male,1
139.3333333,Missing,50,112,1,Black,50,Female,1
135.6666667,Missing,42,210,0,Black,53,Female,1
131.3333333,Missing,40,252,Missing,Other,49,Male,1
136.6666667,Missing,40,190,1,Other,69,Male,1
116.3333333,Missing,52,152,Missing,White,74,Female,1
131.6666667,Missing,57,155,1,Black,61,Female,1
194,Missing,72,159,1,Black,66,Female,1
149,Missing,32,174,1,Black,68,Male,1
156,Missing,56,176,1,Black,60,Female,1
116.3333333,Missing,41,167,Missing,Other,60,Male,1
126,Missing,41,186,1,Black,66,Male,1
107,Missing,44,119,1,Other,55,Female,1
163.6666667,1,53,130,1,Black,61,Male,1
125,Missing,37,184,Missing,Other,50,Male,1
197.3333333,1,49,251,1,Black,62,Male,1
140.3333333,1,50,173,Missing,Other,44,Male,1
102.3333333,Missing,45,146,1,Black,65,Female,1
131,Missing,35,177,1,White,73,Female,1
123,Missing,36,133,1,White,56,Male,1
132,Missing,43,157,Missing,Black,77,Male,1
130,Missing,35,147,Missing,Other,63,Male,1
145.3333333,Missing,57,190,Missing,Other,62,Male,1
168.6666667,Missing,32,186,Missing,White,45,Male,1
106.6666667,0,40,183,1,Black,69,Female,1
123.6666667,0,37,195,Missing,Other,63,Male,1
125,Missing,50,179,1,Other,73,Female,1
120,0,56,158,Missing,Other,64,Female,1
156.6666667,Missing,59,149,1,Other,75,Female,1
121,0,58,274,Missing,Other,62,Male,1
131.6666667,Missing,38,185,1,Black,44,Female,1
128.3333333,1,85,218,1,Black,68,Male,1
110.3333333,Missing,34,77,1,Other,60,Male,1
186.3333333,Missing,26,189,1,Black,60,Female,1
146,1,31,241,1,Black,48,Male,1
109.6666667,Missing,47,172,1,Other,66,Male,1
112.3333333,0,39,185,Missing,Other,62,Male,1
104.6666667,Missing,53,242,1,Other,73,Female,1
143.6666667,0,51,190,1,Other,61,Male,1
135.6666667,1,43,178,1,White,44,Female,1
131.6666667,0,56,111,1,Other,69,Male,1
186.3333333,Missing,26,189,1,Black,60,Female,1
133.3333333,Missing,33,173,1,Other,61,Male,1
124,1,70,199,0,Black,62,Male,1
112,0,48,152,Missing,White,47,Female,1
184,1,51,133,1,Black,72,Male,1
105.3333333,0,50,141,Missing,Other,72,Male,1
155.6666667,Missing,50,133,Missing,Black,67,Male,1
123.6666667,1,41,116,1,Black,51,Male,1
115,Missing,44,137,Missing,Other,45,Male,1
133.3333333,Missing,39,110,1,White,69,Male,1
145,Missing,68,191,1,Black,49,Female,1
104,0,34,142,1,White,76,Male,1
124,Missing,43,165,1,Black,77,Female,1
129.3333333,Missing,77,179,0,White,44,Female,1
123,0,52,164,1,Other,41,Female,1
143.6666667,0,51,190,1,Other,61,Male,1
135.6666667,Missing,37,135,1,Other,65,Female,1
152.6666667,1,61,170,1,Other,69,Male,1
132,Missing,43,157,Missing,Black,77,Male,1
105.3333333,Missing,42,161,1,White,70,Female,1
141.3333333,Missing,54,183,1,White,76,Female,1
118,Missing,38,154,Missing,Other,64,Female,1
135.3333333,Missing,61,165,Missing,White,74,Female,1
104.3333333,Missing,56,136,1,Black,59,Male,1
184,1,51,133,1,Black,72,Male,1
112,0,48,152,Missing,White,47,Female,1
116,Missing,56,187,Missing,Other,63,Male,1
148,0,67,143,1,Other,58,Male,1
140.3333333,Missing,50,130,1,Other,70,Male,1
117.6666667,0,80,171,Missing,Other,66,Female,1
125.6666667,0,56,230,Missing,Black,70,Male,1
141.3333333,0,44,160,1,White,79,Male,1
116,0,22,176,Missing,Other,47,Male,1
125.3333333,Missing,30,125,1,White,55,Male,1
127,Missing,58,277,Missing,Other,74,Female,1
148.6666667,Missing,75,139,1,White,73,Male,1
166.6666667,0,54,155,1,Other,69,Male,1
101.3333333,0,36,156,1,White,65,Female,1
104.3333333,Missing,42,148,0,White,54,Female,1
166,Missing,45,105,1,Black,69,Female,1
127.6666667,0,32,169,Missing,Other,46,Male,1
128,Missing,81,155,Missing,Other,65,Female,1
127.3333333,Missing,34,166,Missing,Other,48,Male,1
131,0,58,154,1,Other,50,Male,1
127.3333333,1,76,219,1,Black,71,Male,1
114.6666667,0,35,150,1,Other,65,Male,1
141.6666667,Missing,53,179,1,Black,76,Female,1
136.6666667,0,45,121,1,White,68,Female,1
149.3333333,0,34,107,1,Black,68,Male,1
119,Missing,54,167,1,Other,69,Male,1
127.6666667,0,48,193,0,Other,64,Male,1
146.6666667,0,27,170,1,Other,72,Male,1
170.3333333,1,46,145,1,Black,60,Male,1
143.6666667,1,39,160,1,Other,63,Female,1
124,0,39,135,1,White,48,Female,1
150.6666667,0,51,221,Missing,Other,71,Female,1
167.6666667,1,69,123,Missing,Black,62,Male,1
121.6666667,Missing,52,184,Missing,Other,77,Female,1
147.3333333,Missing,34,167,1,Black,75,Male,1
146.6666667,0,27,170,1,Other,72,Male,1
125,Missing,39,157,1,Other,62,Male,1
116.3333333,Missing,41,167,Missing,Other,60,Male,1
83.33333333,1,32,193,1,Black,49,Male,1
145.6666667,Missing,43,183,1,Black,75,Female,1
142.3333333,0,38,155,Missing,White,77,Male,1
132,0,39,162,Missing,White,43,Female,1
139,1,54,175,0,White,66,Female,1
131,1,61,221,1,Other,53,Female,1
120.3333333,0,37,164,1,White,55,Female,1
99,Missing,51,183,Missing,Other,47,Female,1
165.3333333,1,50,218,1,Other,56,Male,1
108.6666667,0,49,169,1,Other,70,Male,1
141.3333333,Missing,44,127,Missing,Black,61,Male,1
107.3333333,0,40,191,0,Other,61,Male,1
133.6666667,0,35,102,1,White,76,Male,1
131.6666667,Missing,48,192,Missing,White,61,Female,1
94,Missing,35,214,1,Other,46,Male,1
107,0,76,179,1,Other,60,Female,1
110,1,35,152,Missing,Other,61,Female,1
146.3333333,0,54,169,1,White,54,Female,1
93.33333333,0,58,171,1,Black,67,Female,1
130,0,49,203,Missing,Other,52,Female,1
98.66666667,Missing,56,128,1,Black,70,Female,1
105.6666667,1,61,181,1,White,51,Male,1
151.3333333,Missing,57,274,1,Black,66,Female,1
158,1,38,162,Missing,Other,57,Male,1
132,1,73,185,0,White,72,Male,1
153.6666667,Missing,49,225,1,Black,60,Female,1
123.6666667,Missing,42,191,1,Black,51,Male,1
140.6666667,Missing,65,242,1,Black,60,Female,1
103.3333333,0,61,117,Missing,White,65,Female,1
115.6666667,0,37,250,1,Other,68,Male,1
119.3333333,0,52,211,Missing,Other,56,Male,1
140.3333333,1,50,173,Missing,Other,44,Male,1
139,1,54,175,0,White,66,Female,1
132,1,51,94,1,Black,65,Male,1
117,Missing,61,140,1,Other,67,Female,1
121.6666667,1,50,131,0,Black,54,Female,1
82.66666667,1,27,154,1,White,60,Female,1
137.6666667,1,79,166,1,Black,61,Female,1
134,Missing,41,173,Missing,Other,56,Male,1
114.3333333,1,87,175,1,White,55,Male,1
128.3333333,0,48,180,1,Black,68,Female,1
131,0,40,157,Missing,Black,71,Male,1
166.6666667,0,54,155,1,Other,69,Male,1
103.3333333,0,41,155,Missing,Black,53,Female,1
104.6666667,0,22,128,Missing,Other,62,Male,1
162.3333333,Missing,50,146,1,White,78,Female,1
119.3333333,0,52,211,Missing,Other,56,Male,1
99.66666667,0,55,182,1,White,72,Male,1
142.3333333,0,40,203,Missing,White,65,Male,1
147.3333333,1,49,446,1,White,55,Female,1
135,Missing,67,180,Missing,Other,62,Female,1
119,Missing,54,167,1,Other,69,Male,1
112.3333333,Missing,34,156,1,White,63,Female,1
117,0,35,97,Missing,White,41,Male,1
155.6666667,1,42,170,Missing,White,52,Male,1
122.6666667,Missing,88,190,Missing,Other,57,Female,1
112,0,48,152,Missing,White,47,Female,1
113,Missing,44,157,0,White,52,Female,1
131,Missing,49,150,Missing,Other,59,Male,1
123,Missing,49,160,Missing,Other,68,Male,1
137.3333333,Missing,41,161,1,Other,61,Male,1
132,0,39,162,Missing,White,43,Female,1
134,Missing,41,173,Missing,Other,56,Male,1
150,0,35,205,1,White,64,Female,1
146.3333333,Missing,87,138,Missing,White,54,Male,1
119,Missing,60,198,1,White,46,Female,1
124.3333333,Missing,51,188,Missing,Other,43,Female,1
111,Missing,63,150,Missing,Other,63,Female,1
148,Missing,51,197,Missing,Black,60,Female,1
123.6666667,Missing,62,185,1,Other,60,Female,1
136.3333333,Missing,48,133,1,White,75,Male,1
183,1,54,130,0,Black,63,Male,1
137.6666667,0,44,159,Missing,White,63,Male,1
164.6666667,Missing,48,162,1,Other,71,Female,1
110.6666667,Missing,38,191,Missing,White,56,Female,1
99.33333333,0,36,150,1,White,61,Male,1
168.3333333,0,81,152,1,Black,66,Male,1
101.3333333,0,36,156,1,White,65,Female,1
129.6666667,Missing,49,210,1,Other,50,Female,1
130.6666667,Missing,34,205,1,White,45,Male,1
106.3333333,Missing,60,183,1,Other,43,Female,1
123,Missing,49,160,Missing,Other,68,Male,1
128.6666667,0,32,175,1,Other,71,Male,1
159.3333333,1,39,218,0,White,50,Male,1
152.3333333,Missing,41,196,1,Black,65,Female,1
161.6666667,Missing,43,207,1,Other,62,Male,1
103.6666667,Missing,61,162,1,Other,66,Female,1
125.6666667,Missing,109,184,1,Other,70,Female,1
120.6666667,0,64,240,1,White,60,Female,1
137.3333333,Missing,65,226,1,White,76,Female,1
149,Missing,32,174,1,Black,68,Male,1
91.66666667,0,42,160,1,Other,53,Female,1
105,Missing,52,227,1,Black,52,Female,1
110.3333333,Missing,38,122,1,Other,58,Female,1
120,Missing,40,138,1,Other,60,Male,1
146.3333333,1,37,159,1,White,60,Male,1
140.6666667,0,40,186,1,Black,75,Male,1
127.6666667,0,48,193,0,Other,64,Male,1
143,1,48,242,0,White,58,Male,1
106,Missing,40,165,1,Other,50,Male,1
122,Missing,46,164,Missing,Other,55,Female,1
123.6666667,0,59,189,1,Black,59,Female,1
111,Missing,48,200,Missing,Other,69,Female,1
119.3333333,Missing,43,243,1,Black,66,Female,1
118.3333333,0,41,166,Missing,White,74,Male,1
125.3333333,Missing,5,114,1,White,76,Female,1
194,Missing,45,176,0,Other,60,Male,1
145.6666667,Missing,93,212,1,Black,71,Male,1
135.3333333,0,63,140,1,White,64,Male,1
139.6666667,Missing,34,165,1,White,71,Male,1
127.6666667,0,32,93,1,Other,68,Male,1
127.6666667,0,63,199,Missing,Other,75,Male,1
152.3333333,Missing,37,215,1,Black,78,Male,1
123.3333333,0,52,109,1,Black,75,Male,1
153.6666667,Missing,35,271,1,White,74,Male,1
132.3333333,1,38,79,Missing,Other,63,Female,1
128,0,58,153,1,White,72,Female,1
113.6666667,0,50,158,1,Other,79,Male,1
159.3333333,Missing,61,173,Missing,Other,67,Male,1
113,Missing,44,186,1,Other,64,Female,1
128,0,56,170,1,Black,45,Male,1
123.6666667,0,35,171,1,Other,56,Male,1
118,1,40,178,1,Black,62,Female,1
117,1,39,78,1,Black,66,Male,1
185,0,41,172,1,Black,79,Male,1
141,Missing,68,220,1,Black,61,Female,1
130,Missing,66,158,1,Other,58,Male,1
132.6666667,0,59,274,Missing,White,48,Female,1
121.3333333,0,50,173,0,Other,78,Female,1
125.6666667,0,56,230,Missing,Black,70,Male,1
135.3333333,0,49,206,1,Other,52,Male,1
131,0,58,154,1,Other,50,Male,1
157.3333333,0,49,154,Missing,White,76,Female,1
126.3333333,0,63,282,Missing,Other,62,Male,1
136.6666667,Missing,40,190,1,Other,69,Male,1
153.3333333,1,40,259,Missing,White,52,Female,1
113.6666667,1,40,219,Missing,Other,51,Male,1
144.6666667,Missing,49,278,1,White,75,Female,1
134.3333333,0,50,152,1,Other,67,Male,1
158,1,38,162,Missing,Other,57,Male,1
89.33333333,Missing,48,177,1,White,71,Male,1
149,Missing,32,174,1,Black,68,Male,1
148,0,60,180,1,Black,73,Female,1
129.3333333,Missing,55,224,1,Black,60,Female,1
141.6666667,0,121,313,Missing,Black,57,Female,1
126,0,43,231,1,Black,58,Male,1
105,1,47,145,0,Other,57,Female,1
155.3333333,0,29,134,1,White,67,Male,1
140,0,66,157,1,Black,67,Female,1
137.3333333,Missing,29,176,1,White,71,Male,1
137.3333333,0,38,143,Missing,Other,65,Male,1
107.3333333,0,38,169,Missing,Black,44,Male,1
159.3333333,1,39,218,0,White,50,Male,1
118,Missing,58,228,1,Other,62,Female,1
181.3333333,Missing,48,218,0,Black,56,Female,1
125.3333333,Missing,30,125,1,White,55,Male,1
135.3333333,Missing,58,281,1,Other,48,Female,1
108,0,48,139,Missing,Other,67,Male,1
113,1,51,255,Missing,Black,41,Female,1
166.6666667,Missing,38,176,1,Other,65,Male,1
148,0,60,180,1,Black,73,Female,1
147,1,55,151,Missing,Other,64,Female,1
178.3333333,0,53,116,1,Black,75,Male,1
156.6666667,0,57,148,1,White,68,Female,1
138,0,36,94,1,Other,68,Male,1
127.6666667,Missing,47,213,Missing,Black,42,Male,1
154,0,48,187,Missing,Other,73,Female,1
135.3333333,Missing,94,232,Missing,Other,71,Female,1
102,0,32,135,1,White,59,Male,1
115.3333333,0,32,197,1,White,66,Female,1
136.3333333,1,76,180,1,Black,55,Male,1
119.3333333,Missing,51,159,0,Other,46,Female,1
136.3333333,0,41,129,1,Other,75,Male,1
114,Missing,49,171,1,Other,70,Female,1
104,Missing,68,183,1,White,68,Female,1
121.3333333,0,38,147,Missing,White,65,Male,1
94.33333333,1,54,149,1,Black,60,Male,1
129,Missing,42,210,Missing,White,62,Male,1
153,1,68,158,1,Black,70,Male,1
192.3333333,Missing,56,118,1,Black,45,Female,1
115.6666667,Missing,56,124,Missing,Other,54,Male,1
110,Missing,42,120,1,White,63,Male,1
143,0,48,160,1,Black,72,Male,1
108,Missing,42,180,1,Black,79,Male,1
146.6666667,Missing,83,143,1,Black,57,Female,1
152.6666667,Missing,40,178,Missing,Other,72,Male,1
115,Missing,76,158,Missing,Other,51,Female,1
160.3333333,Missing,57,145,Missing,Other,72,Male,1
141.3333333,0,37,161,1,Black,72,Female,1
119.3333333,0,52,211,Missing,Other,56,Male,1
150.3333333,1,59,249,1,Black,66,Female,1
119,Missing,60,198,1,White,46,Female,1
105.6666667,0,29,176,1,Other,65,Male,1
128,0,56,170,1,Black,45,Male,1
132.6666667,0,59,274,Missing,White,48,Female,1
146,Missing,40,167,1,Other,71,Female,1
137.6666667,Missing,54,157,1,Other,64,Female,1
147,1,55,151,Missing,Other,64,Female,1
128,Missing,45,167,1,Other,65,Female,1
144.3333333,Missing,57,186,0,Black,60,Female,1
140.3333333,Missing,46,147,1,Black,53,Female,1
160,0,42,117,1,Other,63,Male,1
137.3333333,Missing,48,155,1,Other,60,Female,1
135,1,71,218,1,White,48,Female,1
144.6666667,0,32,140,Missing,Black,69,Male,1
111.3333333,Missing,38,178,Missing,White,49,Male,1
153,1,68,158,1,Black,70,Male,1
182.6666667,Missing,54,300,1,Other,74,Female,1
131,0,92,226,1,Black,55,Female,1
112.6666667,Missing,56,136,Missing,Other,53,Male,1
117,0,35,97,Missing,White,41,Male,1
142.3333333,0,28,188,1,Other,59,Male,1
140.6666667,Missing,49,157,1,Black,61,Male,1
150.6666667,1,48,166,1,Black,78,Male,1
107.6666667,Missing,52,214,Missing,Other,57,Female,1
116.6666667,Missing,42,212,1,White,77,Male,1
144.3333333,0,40,147,1,White,70,Male,1
117,Missing,34,180,1,Black,76,Male,1
112,0,48,152,Missing,White,47,Female,1
128,Missing,48,175,1,Black,64,Male,1
134.6666667,Missing,33,162,1,Black,54,Male,1
103.6666667,1,44,195,Missing,Black,43,Female,1
137.3333333,Missing,29,176,1,White,71,Male,1
116,Missing,62,134,1,Other,69,Male,1
129.3333333,0,35,214,Missing,Other,70,Female,1
176.6666667,Missing,46,186,1,Other,58,Female,1
107,Missing,80,158,Missing,Other,50,Female,1
136.6666667,0,36,225,1,White,79,Male,1
128,1,51,246,1,Black,58,Female,1
113,1,37,120,1,Black,63,Male,1
151.3333333,Missing,76,155,1,Black,79,Male,1
112.3333333,Missing,54,264,Missing,White,60,Female,1
150.6666667,1,53,173,Missing,White,60,Male,1
133,Missing,38,205,0,Other,51,Female,1
99.66666667,Missing,36,158,1,White,63,Female,1
143,Missing,57,148,Missing,Other,54,Female,1
133.6666667,Missing,46,224,0,Other,63,Female,1
161.3333333,Missing,46,146,1,Other,68,Female,1
100.3333333,1,34,129,1,White,57,Male,1
123.6666667,0,59,189,1,Black,59,Female,1
117,1,44,172,1,Other,62,Male,1
152.6666667,Missing,52,171,1,Black,56,Female,1
101.6666667,Missing,60,114,1,Black,71,Female,1
114,Missing,49,171,1,Other,70,Female,1
114,Missing,49,171,1,Other,70,Female,1
128,Missing,46,198,Missing,Other,46,Female,1
102.3333333,1,45,184,Missing,Black,48,Female,1
128.3333333,Missing,40,196,Missing,Other,54,Female,1
144.6666667,0,32,140,Missing,Black,69,Male,1
112,Missing,48,139,Missing,Other,49,Female,1
124,1,70,199,0,Black,62,Male,1
159.3333333,1,39,218,0,White,50,Male,1
102,0,32,135,1,White,59,Male,1
127,1,79,190,1,Black,74,Female,1
129,Missing,53,97,1,Other,63,Male,1
136,Missing,40,190,Missing,Black,68,Male,1
123.3333333,1,35,239,0,Other,53,Male,1
127,1,44,128,Missing,White,72,Male,1
119.3333333,Missing,35,162,Missing,Black,46,Male,1
121.6666667,Missing,52,159,1,Black,62,Female,1
139,0,39,226,1,White,55,Male,1
96.66666667,0,35,153,1,White,76,Male,1
110,0,47,129,1,White,63,Male,1
141,Missing,41,169,1,Other,56,Male,1
139.3333333,0,47,165,Missing,White,79,Female,1
138.3333333,0,48,143,1,White,75,Male,1
110,Missing,73,213,Missing,Other,68,Female,1
142.6666667,0,60,155,Missing,White,75,Male,1
114,Missing,41,148,1,Other,66,Male,1
118,0,38,227,1,Black,61,Male,1
156.3333333,0,41,112,1,Other,76,Male,1
110,Missing,73,213,Missing,Other,68,Female,1
141,0,51,139,1,Other,70,Female,1
141,0,43,118,1,White,70,Male,1
149.3333333,Missing,25,138,1,Other,73,Male,1
114.3333333,1,87,175,1,White,55,Male,1
137.3333333,Missing,29,176,1,White,71,Male,1
133.6666667,Missing,51,164,Missing,Other,67,Female,1
155.3333333,Missing,68,167,Missing,Other,70,Female,1
135.6666667,Missing,54,105,Missing,White,75,Male,1
125.6666667,0,56,230,Missing,Black,70,Male,1
150.6666667,Missing,33,167,1,Black,77,Male,1
168.3333333,0,81,152,1,Black,66,Male,1
141.6666667,Missing,61,279,1,Other,52,Female,1
185.6666667,Missing,61,166,1,Black,63,Female,1
112.6666667,Missing,41,218,Missing,Other,64,Female,1
137.6666667,Missing,54,157,1,Other,64,Female,1
117.3333333,Missing,51,206,1,White,68,Female,1
120.3333333,0,37,164,1,White,55,Female,1
132,Missing,43,157,Missing,Black,77,Male,1
129.6666667,0,52,209,1,Black,51,Male,1
154,0,48,187,Missing,Other,73,Female,1
126,1,56,146,1,Other,50,Male,1
123.3333333,1,62,188,1,Other,64,Female,1
125.6666667,Missing,67,196,1,Other,51,Male,1
93,0,44,190,Missing,White,61,Female,1
157,0,35,186,Missing,White,65,Male,1
107,Missing,47,177,Missing,Other,42,Female,1
106,Missing,40,165,1,Other,50,Male,1
153.3333333,0,57,188,Missing,Black,60,Female,1
121.6666667,Missing,46,166,Missing,Other,61,Male,1
129,Missing,42,210,Missing,White,62,Male,1
145.6666667,Missing,43,183,1,Black,75,Female,1
171,0,33,195,1,White,65,Male,1
135.6666667,Missing,37,135,1,Other,65,Female,1
112.6666667,1,24,288,Missing,Other,50,Male,1
109.6666667,Missing,47,172,1,Other,66,Male,1
95.66666667,Missing,49,153,Missing,Other,60,Female,1
102.6666667,Missing,61,156,Missing,Other,67,Male,1
136.3333333,Missing,41,238,1,White,61,Male,1
130,1,54,117,1,Other,60,Male,1
112.6666667,1,24,288,Missing,Other,50,Male,1
155.6666667,1,42,170,Missing,White,52,Male,1
143,1,48,242,0,White,58,Male,1
123,Missing,39,163,1,Other,53,Female,1
133.6666667,0,35,102,1,White,76,Male,1
111.3333333,0,42,161,Missing,White,76,Male,1
118.3333333,Missing,45,95,Missing,White,57,Male,1
111.3333333,Missing,38,153,Missing,Other,59,Female,1
118.6666667,Missing,61,161,Missing,Other,52,Female,1
151,0,45,184,1,White,65,Male,1
127.3333333,0,86,210,1,White,75,Female,1
127.3333333,Missing,56,170,1,Black,51,Female,1
121.3333333,Missing,46,211,1,Other,60,Female,1
107.6666667,Missing,52,214,Missing,Other,57,Female,1
143.3333333,Missing,60,159,1,Other,66,Female,1
143.3333333,Missing,57,143,1,Other,69,Female,1
141.3333333,Missing,42,182,Missing,Other,54,Male,1
147,Missing,36,126,Missing,Other,63,Male,1
111.3333333,0,42,161,Missing,White,76,Male,1
119.3333333,Missing,37,119,1,White,61,Male,1
96.66666667,0,48,227,1,Black,65,Female,1
113,Missing,44,157,0,White,52,Female,1
138,0,38,288,1,White,74,Female,1
104,Missing,68,183,1,White,68,Female,1
123.6666667,0,37,195,Missing,Other,63,Male,1
135.6666667,Missing,59,157,Missing,Other,62,Female,1
154,Missing,60,183,1,Other,70,Female,1
150.6666667,Missing,52,224,1,Black,64,Female,1
153.3333333,0,57,188,Missing,Black,60,Female,1
141.3333333,Missing,54,183,1,White,76,Female,1
135.6666667,Missing,37,135,1,Other,65,Female,1
120.6666667,Missing,52,180,Missing,White,48,Male,1
142.3333333,0,38,155,Missing,White,77,Male,1
151.3333333,1,58,189,1,Black,67,Female,1
148,Missing,34,135,1,Black,69,Male,1
88,1,78,126,1,Other,59,Male,1
113,Missing,49,129,1,White,51,Male,1
131,0,54,173,1,Other,72,Male,1
116,Missing,62,134,1,Other,69,Male,1
115.6666667,Missing,78,158,Missing,Black,75,Female,1
128.6666667,Missing,30,169,Missing,Other,62,Male,1
177.3333333,0,54,115,0,Black,64,Male,1
121.6666667,1,50,131,0,Black,54,Female,1
131.3333333,Missing,39,113,Missing,White,66,Male,1
130,Missing,36,132,1,Black,52,Male,1
137,Missing,36,150,1,White,59,Male,1
152.6666667,Missing,43,125,1,Other,66,Male,1
155.3333333,Missing,58,160,Missing,White,52,Female,1
138.3333333,0,48,143,1,White,75,Male,1
118.6666667,Missing,35,148,Missing,Black,43,Male,1
154.3333333,Missing,57,180,1,White,65,Female,1
115.3333333,0,32,197,1,White,66,Female,1
164.3333333,0,52,196,Missing,Other,68,Male,1
136.6666667,0,45,121,1,White,68,Female,1
118.3333333,Missing,45,95,Missing,White,57,Male,1
93.33333333,0,58,171,1,Black,67,Female,1
155.3333333,Missing,57,165,1,Black,77,Female,1
131.3333333,Missing,32,141,1,Black,60,Male,1
135.6666667,Missing,37,135,1,Other,65,Female,1
149.3333333,Missing,25,138,1,Other,73,Male,1
156.6666667,0,57,148,1,White,68,Female,1
129.3333333,Missing,50,173,0,White,71,Female,1
142.3333333,0,31,122,1,White,68,Female,1
100.3333333,1,34,129,1,White,57,Male,1
138.6666667,0,54,144,1,Black,67,Female,1
110.3333333,Missing,49,256,Missing,White,49,Male,1
112,Missing,48,139,Missing,Other,49,Female,1
135.3333333,Missing,61,165,Missing,White,74,Female,1
118,0,49,160,1,Other,56,Female,1
131,Missing,35,175,1,White,67,Male,1
93.66666667,0,30,160,1,White,58,Male,1
94.33333333,1,54,149,1,Black,60,Male,1
116.6666667,Missing,61,195,1,Other,71,Female,1
121.3333333,Missing,50,147,Missing,White,63,Male,1
153.6666667,0,48,169,1,Other,71,Male,1
151,0,45,184,1,White,65,Male,1
101.3333333,Missing,97,129,1,White,56,Female,1
105.3333333,0,50,141,Missing,Other,72,Male,1
158,0,61,144,1,Black,54,Male,1
130.6666667,Missing,61,153,1,Black,65,Female,1
141.3333333,0,44,160,1,White,79,Male,1
118.6666667,Missing,35,148,Missing,Black,43,Male,1
186.3333333,Missing,26,189,1,Black,60,Female,1
141.3333333,Missing,25,204,1,Other,54,Female,1
170.6666667,0,42,131,1,Black,75,Male,1
118.6666667,0,32,215,1,White,41,Male,1
153.3333333,0,57,188,Missing,Black,60,Female,1
115,Missing,44,137,Missing,Other,45,Male,1
106.6666667,0,40,183,1,Black,69,Female,1
134,Missing,29,105,1,Other,68,Male,1
138.6666667,Missing,38,123,1,Other,68,Male,1
110,Missing,73,213,Missing,Other,68,Female,1
133.6666667,Missing,46,224,0,Other,63,Female,1
115,1,50,181,1,White,62,Female,1
127.3333333,Missing,34,166,Missing,Other,48,Male,1
115.6666667,0,44,189,1,White,71,Male,1
106.3333333,1,52,277,Missing,White,54,Female,1
188.3333333,Missing,67,177,1,Black,78,Female,1
119.3333333,Missing,43,243,1,Black,66,Female,1
139.6666667,1,64,141,1,Black,74,Female,1
136.6666667,0,36,225,1,White,79,Male,1
123.6666667,0,37,195,Missing,Other,63,Male,1
127,Missing,58,277,Missing,Other,74,Female,1
147.6666667,1,28,211,1,Black,52,Male,1
135.3333333,Missing,61,165,Missing,White,74,Female,1
117.6666667,Missing,47,205,Missing,White,55,Male,1
122,Missing,45,236,0,Other,54,Female,1
153.6666667,Missing,35,271,1,White,74,Male,1
126.6666667,Missing,67,179,Missing,Other,74,Female,1
143.6666667,0,51,190,1,Other,61,Male,1
119,Missing,46,139,0,White,68,Female,1
117.3333333,0,44,213,Missing,Other,66,Male,1
143.3333333,0,88,180,1,Black,67,Male,1
146.3333333,1,37,159,1,White,60,Male,1
130.3333333,Missing,41,139,Missing,Other,41,Male,1
153.6666667,Missing,35,271,1,White,74,Male,1
121.6666667,Missing,96,187,0,Black,58,Female,1
105,0,52,140,1,Black,73,Female,1
141,1,46,211,1,White,59,Male,1
117,0,35,97,Missing,White,41,Male,1
124.6666667,Missing,43,165,1,White,63,Male,1
118,0,32,181,1,Other,50,Male,1
111,Missing,48,200,Missing,Other,69,Female,1
127.6666667,0,32,169,Missing,Other,46,Male,1
131,0,52,160,1,White,70,Female,1
131,Missing,50,234,1,Black,65,Male,1
96.66666667,0,35,153,1,White,76,Male,1
110.6666667,Missing,52,198,Missing,Other,60,Female,1
128.3333333,Missing,39,243,1,Black,51,Female,1
114,1,45,182,Missing,White,55,Male,1
108.6666667,0,49,169,1,Other,70,Male,1
130,Missing,35,147,Missing,Other,63,Male,1
127.6666667,0,48,193,0,Other,64,Male,1
168,1,36,100,Missing,Black,66,Male,1
117,Missing,61,140,1,Other,67,Female,1
125.6666667,Missing,30,136,1,White,66,Male,1
132,0,53,139,1,White,72,Male,1
129,Missing,53,222,0,Black,64,Female,1
185.6666667,Missing,61,166,1,Black,63,Female,1
127.6666667,Missing,60,155,Missing,Other,60,Male,1
110,1,42,180,Missing,White,55,Male,1
107.3333333,0,44,100,1,Other,69,Male,1
145,Missing,68,191,1,Black,49,Female,1
134.6666667,0,38,164,1,Other,79,Male,1
129.3333333,Missing,55,224,1,Black,60,Female,1
119.3333333,Missing,43,243,1,Black,66,Female,1
150.6666667,0,33,122,1,White,64,Male,1
117,Missing,46,232,1,Other,57,Male,1
102,0,39,144,1,Other,50,Male,1
173.6666667,Missing,35,210,1,Black,57,Female,1
130,Missing,36,132,1,Black,52,Male,1
105.3333333,0,38,174,1,Other,47,Female,1
103.6666667,0,53,118,1,Other,62,Male,1
107.6666667,Missing,52,214,Missing,Other,57,Female,1
144.6666667,1,40,172,Missing,White,52,Female,1
123,Missing,39,163,1,Other,53,Female,1
122,Missing,39,169,Missing,White,71,Male,1
132.3333333,1,38,79,Missing,Other,63,Female,1
155.6666667,Missing,50,133,Missing,Black,67,Male,1
111.3333333,Missing,38,153,Missing,Other,59,Female,1
124.3333333,0,33,177,1,Other,46,Male,1
142.6666667,Missing,41,173,1,Other,59,Male,1
130.6666667,1,43,214,1,White,56,Female,1
104,Missing,50,201,Missing,Other,40,Male,1
123.6666667,0,37,169,Missing,White,47,Male,1
138,0,41,152,Missing,White,77,Male,1
149.3333333,Missing,38,136,Missing,Other,77,Female,1
92.66666667,Missing,54,122,1,Other,74,Male,1
155.6666667,Missing,45,266,0,White,59,Male,1
156,Missing,56,176,1,Black,60,Female,1
135.6666667,1,43,178,1,White,44,Female,1
126.6666667,1,187,282,Missing,Black,61,Female,1
140.3333333,1,42,182,1,White,54,Female,1
154.3333333,Missing,75,245,1,Black,67,Female,1
131,Missing,37,142,Missing,Black,43,Female,1
115.6666667,1,67,193,1,Other,79,Male,1
149.3333333,0,34,107,1,Black,68,Male,1
158,0,61,144,1,Black,54,Male,1
119,0,44,248,Missing,Other,62,Female,1
177.3333333,0,54,115,0,Black,64,Male,1
91.33333333,0,70,167,1,Black,69,Female,1
97.33333333,1,45,133,Missing,White,69,Male,1
106,Missing,50,214,Missing,Other,65,Male,1
102.3333333,Missing,45,146,1,Black,65,Female,1
106,Missing,59,198,1,Other,53,Female,1
134.6666667,1,36,209,1,Black,47,Male,1
133.6666667,0,61,107,1,Other,72,Male,1
113,0,62,240,Missing,Black,71,Female,1
131,Missing,37,133,Missing,Other,77,Male,1
106.3333333,1,52,277,Missing,White,54,Female,1
121.3333333,Missing,40,165,1,Black,68,Female,1
126.3333333,Missing,64,144,1,Black,49,Female,1
135.3333333,Missing,81,264,Missing,Black,61,Female,1
144.6666667,0,80,148,1,Black,62,Female,1
93.66666667,0,30,160,1,White,58,Male,1
127.6666667,0,43,216,Missing,Other,55,Male,1
152.6666667,Missing,43,125,1,Other,66,Male,1
148.6666667,Missing,75,139,1,White,73,Male,1
119.3333333,Missing,45,129,1,Other,62,Male,1
134.6666667,1,75,123,Missing,White,77,Male,1
124.3333333,Missing,51,188,Missing,Other,43,Female,1
115.6666667,0,39,137,1,Other,63,Male,1
131.6666667,Missing,48,192,Missing,White,61,Female,1
127.6666667,Missing,52,179,1,Other,76,Female,1
162,0,41,120,1,Black,62,Female,1
156.6666667,0,57,148,1,White,68,Female,1
135.3333333,Missing,58,281,1,Other,48,Female,1
180.3333333,Missing,54,194,1,Other,67,Male,1
124.3333333,0,33,177,1,Other,46,Male,1
130.3333333,Missing,41,162,1,Other,64,Male,1
146.6666667,1,68,198,1,Other,68,Female,1
129.3333333,Missing,53,151,Missing,White,57,Female,1
151.3333333,Missing,57,274,1,Black,66,Female,1
154.3333333,Missing,57,180,1,White,65,Female,1
120.3333333,0,39,137,1,White,60,Male,1
104,Missing,50,201,Missing,Other,40,Male,1
119.3333333,Missing,48,225,Missing,Other,58,Female,1
138.6666667,Missing,38,123,1,Other,68,Male,1
162,0,41,120,1,Black,62,Female,1
129.6666667,Missing,41,121,1,Other,60,Female,1
133.6666667,Missing,46,224,0,Other,63,Female,1
130,0,50,228,Missing,Other,54,Female,1
115.6666667,0,44,189,1,White,71,Male,1
126,Missing,39,154,1,White,76,Male,1
150.6666667,1,53,173,Missing,White,60,Male,1
140.6666667,0,39,185,1,Other,51,Male,1
145.3333333,Missing,53,167,0,Other,76,Male,1
125.6666667,0,34,109,1,White,68,Male,1
120.3333333,Missing,41,189,1,Other,59,Female,1
107,Missing,80,158,Missing,Other,50,Female,1
134.3333333,0,50,152,1,Other,67,Male,1
110,0,47,171,Missing,Other,60,Male,1
138,Missing,44,113,1,Black,54,Male,1
160.6666667,Missing,53,249,Missing,Other,66,Male,1
119.3333333,Missing,66,151,1,Black,68,Female,1
136.3333333,Missing,48,133,1,White,75,Male,1
163,0,41,145,1,Other,65,Male,1
137.3333333,Missing,34,146,1,White,54,Male,1
125.6666667,0,29,151,1,White,62,Male,1
118,Missing,53,234,Missing,Other,46,Female,1
115.6666667,0,48,230,Missing,Other,52,Male,1
148,Missing,51,197,Missing,Black,60,Female,1
112,Missing,64,265,0,Black,54,Female,1
78.66666667,Missing,47,122,1,White,69,Male,1
125,0,41,160,1,Other,69,Male,1
166.6666667,0,49,208,1,Black,57,Male,1
110.3333333,Missing,38,122,1,Other,58,Female,1
137.6666667,Missing,44,185,1,Black,53,Female,1
151,0,45,184,1,White,65,Male,1
177.3333333,0,54,115,0,Black,64,Male,1
164,1,51,177,1,Black,63,Female,1
174.6666667,Missing,50,237,1,Other,63,Female,1
140.3333333,Missing,46,147,1,Black,53,Female,1
152,0,43,160,1,White,74,Male,1
128,1,35,234,Missing,White,67,Male,1
132.3333333,Missing,38,133,1,Black,69,Male,1
141,0,43,118,1,White,70,Male,1
110,Missing,45,109,1,Black,70,Male,1
135.6666667,1,30,253,Missing,Black,60,Male,1
150,Missing,39,118,1,Other,75,Male,1
108.6666667,0,49,169,1,Other,70,Male,1
134.6666667,0,38,164,1,Other,79,Male,1
145.6666667,0,58,127,1,Other,68,Male,1
216.5,Missing,53,173,Missing,Black,77,Female,1
110,0,47,171,Missing,Other,60,Male,1
156.3333333,1,95,196,0,Other,53,Female,1
139.3333333,0,45,142,1,Other,69,Male,1
133,Missing,48,147,1,Other,73,Female,1
152.6666667,Missing,43,125,1,Other,66,Male,1
123,Missing,49,160,Missing,Other,68,Male,1
136.6666667,0,51,191,1,Black,67,Male,1
147,Missing,36,126,Missing,Other,63,Male,1
140.6666667,0,39,185,1,Other,51,Male,1
123.6666667,0,37,169,Missing,White,47,Male,1
116.6666667,0,39,132,Missing,Black,61,Male,1
139.6666667,Missing,34,165,1,White,71,Male,1
151.3333333,0,82,174,1,Black,77,Female,1
152,0,43,160,1,White,74,Male,1
127.6666667,0,43,216,Missing,Other,55,Male,1
104.6666667,1,31,105,1,Other,40,Male,1
153.6666667,Missing,35,271,1,White,74,Male,1
130.3333333,Missing,41,162,1,Other,64,Male,1
137.6666667,0,44,159,Missing,White,63,Male,1
123,Missing,69,234,1,Other,57,Female,1
131.6666667,Missing,46,140,Missing,Other,70,Male,1
157,Missing,37,120,1,White,73,Male,1
104.6666667,0,22,128,Missing,Other,62,Male,1
133.6666667,Missing,51,164,Missing,Other,67,Female,1
128.6666667,Missing,72,212,1,White,66,Male,1
151.6666667,Missing,87,193,0,Black,64,Male,1
185.6666667,Missing,61,166,1,Black,63,Female,1
103.3333333,0,41,155,Missing,Black,53,Female,1
135.3333333,Missing,58,281,1,Other,48,Female,1
148.6666667,Missing,75,139,1,White,73,Male,1
118.3333333,Missing,41,189,Missing,Other,53,Male,1
118,Missing,58,228,1,Other,62,Female,1
134.6666667,Missing,58,193,Missing,White,76,Male,1
105,1,47,145,0,Other,57,Female,1
93,0,44,190,Missing,White,61,Female,1
122.6666667,Missing,35,160,0,Other,57,Male,1
121.6666667,0,69,165,Missing,Black,58,Female,1
124,Missing,30,125,1,Other,62,Female,1
102,Missing,42,134,1,Black,66,Female,1
131,0,54,173,1,Other,72,Male,1
117.6666667,1,60,166,1,Black,71,Female,1
147.3333333,0,49,180,1,Black,64,Male,1
124.6666667,Missing,48,132,Missing,Other,55,Female,1
110.3333333,Missing,34,77,1,Other,60,Male,1
124.6666667,Missing,43,165,1,White,63,Male,1
138.3333333,0,41,134,1,Black,74,Female,1
111.3333333,Missing,83,219,1,Black,49,Female,1
104,0,44,141,1,Black,71,Male,1
122.6666667,1,41,100,Missing,Other,64,Male,1
124.6666667,Missing,48,132,Missing,Other,55,Female,1
138.3333333,1,40,167,1,Black,43,Male,1
165.3333333,Missing,60,221,Missing,Other,77,Female,1
164,1,51,177,1,Black,63,Female,1
135.3333333,Missing,64,184,Missing,Black,61,Male,1
139.3333333,Missing,50,112,1,Black,50,Female,1
123.6666667,Missing,46,176,1,Other,62,Female,1
133,Missing,50,156,1,Other,58,Male,1
128,Missing,48,175,1,Black,64,Male,1
156.3333333,0,41,112,1,Other,76,Male,1
106.3333333,1,52,277,Missing,White,54,Female,1
102.3333333,Missing,45,146,1,Black,65,Female,1
162,0,41,120,1,Black,62,Female,1
120,1,35,136,0,Black,44,Female,1
130,Missing,58,215,1,Black,45,Female,1
132,0,53,139,1,White,72,Male,1
109.3333333,Missing,40,160,Missing,White,48,Female,1
141.3333333,0,44,160,1,White,79,Male,1
113.6666667,0,34,183,1,White,77,Male,1
148,0,67,143,1,Other,58,Male,1
146.6666667,1,50,194,1,Other,63,Male,1
145,0,38,143,1,White,77,Male,1
131.6666667,0,56,111,1,Other,69,Male,1
104.6666667,Missing,58,159,1,White,73,Female,1
110,0,41,161,1,White,66,Male,1
112.3333333,Missing,43,145,1,Other,44,Male,1
103.6666667,Missing,61,162,1,Other,66,Female,1
93.33333333,0,58,171,1,Black,67,Female,1
115,Missing,52,181,0,Black,63,Female,1
102.6666667,Missing,61,156,Missing,Other,67,Male,1
127.3333333,Missing,51,150,Missing,Other,72,Female,1
107.3333333,0,40,191,0,Other,61,Male,1
130.3333333,Missing,41,162,1,Other,64,Male,1
145.6666667,Missing,93,212,1,Black,71,Male,1
168.6666667,Missing,32,186,Missing,White,45,Male,1
110.3333333,Missing,38,122,1,Other,58,Female,1
155.3333333,Missing,57,165,1,Black,77,Female,1
139.6666667,1,64,141,1,Black,74,Female,1
135,Missing,67,180,Missing,Other,62,Female,1
125.3333333,Missing,53,200,1,Other,63,Female,1
176.6666667,0,60,112,1,Black,68,Female,1
93.33333333,Missing,41,179,1,Black,53,Female,1
159.3333333,1,39,218,0,White,50,Male,1
112.6666667,1,24,288,Missing,Other,50,Male,1
131,Missing,35,175,1,White,67,Male,1
126.3333333,Missing,38,186,1,Other,56,Female,1
145.3333333,Missing,54,142,1,Black,41,Female,1
112,Missing,64,265,0,Black,54,Female,1
116.3333333,0,48,326,Missing,White,41,Female,1
99,0,40,122,0,White,62,Male,1
134.6666667,Missing,33,162,1,Black,54,Male,1
131.3333333,Missing,32,141,1,Black,60,Male,1
115,1,50,181,1,White,62,Female,1
126.3333333,0,63,282,Missing,Other,62,Male,1
144.3333333,Missing,57,186,0,Black,60,Female,1
94.33333333,1,54,149,1,Black,60,Male,1
110.6666667,Missing,52,198,Missing,Other,60,Female,1
114.6666667,0,36,218,1,White,77,Male,1
94.66666667,Missing,39,111,1,Other,48,Male,1
118.3333333,Missing,52,156,Missing,White,56,Male,1
134.6666667,0,40,101,1,Other,61,Male,1
118,Missing,53,234,Missing,Other,46,Female,1
118,Missing,58,228,1,Other,62,Female,1
132,0,39,162,Missing,White,43,Female,1
123.3333333,Missing,42,197,Missing,Other,60,Female,1
105,1,41,139,Missing,White,41,Female,1
101,1,46,189,1,White,70,Female,1
137.6666667,Missing,44,185,1,Black,53,Female,1
147.3333333,Missing,34,167,1,Black,75,Male,1
104,0,46,113,Missing,Other,44,Male,1
114,1,45,182,Missing,White,55,Male,1
121.6666667,Missing,52,159,1,Black,62,Female,1
121.6666667,Missing,96,187,0,Black,58,Female,1
138.3333333,Missing,49,149,1,Black,79,Male,1
148,0,60,180,1,Black,73,Female,1
152.6666667,Missing,78,190,1,Black,67,Female,1
147.3333333,1,49,446,1,White,55,Female,1
132.3333333,0,62,174,0,White,79,Male,1
105.3333333,0,50,141,Missing,Other,72,Male,1
105.6666667,1,28,174,0,Other,47,Male,1
175.6666667,1,65,120,1,Other,57,Female,1
123,0,52,164,1,Other,41,Female,1
116,Missing,40,219,1,Other,50,Male,1
131,Missing,49,150,Missing,Other,59,Male,1
146.3333333,Missing,32,150,1,Other,65,Male,1
131,1,38,247,Missing,Black,70,Male,1
130,Missing,35,147,Missing,Other,63,Male,1
127.6666667,Missing,60,155,Missing,Other,60,Male,1
149,Missing,77,148,1,Other,72,Female,1
113,Missing,44,157,0,White,52,Female,1
107.6666667,Missing,52,214,Missing,Other,57,Female,1
135.3333333,0,63,140,1,White,64,Male,1
128.6666667,Missing,61,208,Missing,Other,58,Female,1
130,Missing,58,215,1,Black,45,Female,1
156,Missing,56,176,1,Black,60,Female,1
141.3333333,1,66,216,1,Other,65,Female,1
123,1,29,131,1,Other,45,Male,1
100.3333333,Missing,58,220,1,White,53,Female,1
155,Missing,63,284,1,Black,73,Female,1
140.3333333,Missing,68,178,1,Other,64,Male,1
108.6666667,0,58,261,Missing,Other,54,Male,1
162.6666667,0,39,171,1,Other,53,Male,1
111.6666667,0,37,192,1,Other,67,Male,1
112.3333333,0,74,178,1,Black,41,Male,1
120,Missing,36,139,1,Black,58,Male,1
119,Missing,54,167,1,Other,69,Male,1
92.33333333,Missing,40,158,1,White,68,Male,1
123.3333333,Missing,36,119,1,White,68,Male,1
136.6666667,Missing,49,158,1,Black,71,Female,1
129,Missing,51,209,Missing,Other,66,Female,1
152,0,43,160,1,White,74,Male,1
123.6666667,0,44,211,Missing,White,75,Male,1
130.6666667,Missing,48,119,1,White,69,Female,1
150.6666667,1,48,166,1,Black,78,Male,1
111,Missing,63,150,Missing,Other,63,Female,1
109.6666667,0,48,185,1,Black,69,Female,1
145,Missing,68,191,1,Black,49,Female,1
135.6666667,1,30,253,Missing,Black,60,Male,1
119,Missing,54,160,Missing,Black,40,Female,1
99.66666667,0,51,103,Missing,Other,71,Male,1
116.3333333,Missing,33,243,Missing,White,46,Female,1
152.6666667,Missing,40,178,Missing,Other,72,Male,1
105.3333333,0,50,141,Missing,Other,72,Male,1
137,Missing,36,150,1,White,59,Male,1
117.6666667,1,60,166,1,Black,71,Female,1
115,Missing,44,137,Missing,Other,45,Male,1
145.6666667,Missing,43,183,1,Black,75,Female,1
156.6666667,0,57,148,1,White,68,Female,1
121.6666667,0,65,161,1,White,74,Female,1
160.6666667,0,41,139,1,White,72,Male,1
116,1,68,154,Missing,Other,60,Male,1
111.6666667,0,40,153,Missing,White,60,Male,1
125.6666667,0,34,109,1,White,68,Male,1
135,1,71,218,1,White,48,Female,1
114.6666667,0,36,218,1,White,77,Male,1
99,0,48,151,1,Other,61,Female,1
122.6666667,Missing,42,119,Missing,Other,54,Female,1
162.6666667,0,47,158,1,Black,59,Female,1
131.3333333,Missing,40,252,Missing,Other,49,Male,1
93.33333333,Missing,41,179,1,Black,53,Female,1
166.3333333,Missing,45,299,Missing,Other,60,Female,1
194,Missing,45,176,0,Other,60,Male,1
110,1,42,180,Missing,White,55,Male,1
153.6666667,0,48,169,1,Other,71,Male,1
112,Missing,24,161,1,Other,55,Male,1
106.6666667,0,63,163,Missing,Other,40,Female,1
122.5,Missing,72,197,1,Black,74,Male,1
101.3333333,Missing,27,146,1,Black,52,Male,1
131.6666667,Missing,38,185,1,Black,44,Female,1
133.3333333,Missing,39,110,1,White,69,Male,1
118,Missing,41,187,1,Other,42,Male,1
113,Missing,49,129,1,White,51,Male,1
148,0,60,180,1,Black,73,Female,1
138.3333333,0,45,188,1,Black,54,Male,1
117,0,39,160,Missing,Other,71,Male,1
131,0,52,160,1,White,70,Female,1
141.6666667,Missing,61,279,1,Other,52,Female,1
146,1,31,241,1,Black,48,Male,1
141,0,39,169,1,White,76,Male,1
137.6666667,1,79,166,1,Black,61,Female,1
164,1,51,177,1,Black,63,Female,1
100.3333333,Missing,61,161,1,Black,53,Female,1
143,1,50,148,1,Other,50,Female,1
156.6666667,0,57,148,1,White,68,Female,1
117,1,33,204,1,Black,60,Male,1
123.3333333,0,49,148,1,Black,68,Male,1
125.3333333,Missing,5,114,1,White,76,Female,1
113.6666667,1,40,219,Missing,Other,51,Male,1
166.6666667,1,39,321,1,Other,52,Male,1
119.6666667,1,60,139,1,Black,48,Female,1
127.3333333,Missing,34,166,Missing,Other,48,Male,1
138,Missing,44,113,1,Black,54,Male,1
185,0,60,175,1,Black,73,Female,1
160.3333333,Missing,41,159,1,Other,58,Male,1
93.33333333,Missing,41,179,1,Black,53,Female,1
117.3333333,0,44,213,Missing,Other,66,Male,1
185.6666667,Missing,61,166,1,Black,63,Female,1
132.6666667,1,41,115,1,White,51,Male,1
143,1,50,148,1,Other,50,Female,1
116.6666667,0,36,157,1,White,66,Male,1
130.3333333,0,32,149,1,Black,64,Male,1
128,Missing,37,152,1,Other,60,Male,1
124.3333333,Missing,48,163,1,Black,53,Female,1
135.3333333,Missing,51,152,Missing,White,71,Male,1
118,Missing,41,187,1,Other,42,Male,1
123,Missing,36,133,1,White,56,Male,1
121.3333333,Missing,50,147,Missing,White,63,Male,1
129.6666667,Missing,49,210,1,Other,50,Female,1
117,1,39,78,1,Black,66,Male,1
150.3333333,1,59,249,1,Black,66,Female,1
148.6666667,Missing,44,145,Missing,Other,45,Female,1
125,0,48,207,Missing,White,49,Male,1
118.6666667,Missing,61,161,Missing,Other,52,Female,1
146.6666667,1,42,118,1,Black,70,Male,1
139,1,54,175,0,White,66,Female,1
115,Missing,56,152,1,Other,61,Male,1
101.3333333,Missing,27,146,1,Black,52,Male,1
122.5,Missing,72,197,1,Black,74,Male,1
135.3333333,Missing,39,282,1,Other,61,Male,1
129.3333333,Missing,77,179,0,White,44,Female,1
165.3333333,Missing,69,179,1,Other,62,Female,1
112,Missing,64,265,0,Black,54,Female,1
112.3333333,Missing,43,145,1,Other,44,Male,1
136.6666667,0,51,191,1,Black,67,Male,1
143.6666667,1,48,186,1,Black,64,Male,1
101.3333333,0,36,156,1,White,65,Female,1
133.6666667,Missing,46,224,0,Other,63,Female,1
122,Missing,39,169,Missing,White,71,Male,1
151.3333333,1,89,212,1,Other,62,Male,1
142.3333333,0,38,155,Missing,White,77,Male,1
92.66666667,Missing,54,122,1,Other,74,Male,1
139.3333333,0,42,195,1,Black,72,Male,1
116,Missing,41,162,Missing,Black,66,Female,1
132.3333333,Missing,38,133,1,Black,69,Male,1
155,Missing,63,284,1,Black,73,Female,1
128.6666667,0,60,177,1,White,78,Female,1
173.6666667,Missing,35,210,1,Black,57,Female,1
145.6666667,0,58,127,1,Other,68,Male,1
124.6666667,Missing,44,148,1,White,72,Male,1
145,Missing,47,182,1,Black,52,Female,1
124.3333333,Missing,48,163,1,Black,53,Female,1
124.3333333,Missing,51,188,Missing,Other,43,Female,1
140.3333333,Missing,50,130,1,Other,70,Male,1
139,1,54,175,0,White,66,Female,1
125.3333333,Missing,5,114,1,White,76,Female,1
134.6666667,0,29,71,Missing,White,73,Male,1
117.6666667,Missing,47,205,Missing,White,55,Male,1
132.3333333,0,62,174,0,White,79,Male,1
133.6666667,0,48,149,Missing,Other,72,Male,1
114.3333333,0,40,159,1,Other,54,Male,1
121,0,58,274,Missing,Other,62,Male,1
131.6666667,Missing,46,140,Missing,Other,70,Male,1
150.6666667,0,36,221,1,Black,59,Male,1
153,1,68,158,1,Black,70,Male,1
131.6666667,Missing,48,192,Missing,White,61,Female,1
123.6666667,Missing,62,185,1,Other,60,Female,1
161.6666667,Missing,43,207,1,Other,62,Male,1
129.3333333,0,40,144,1,White,63,Male,1
140.6666667,0,45,163,1,Black,78,Male,1
129.3333333,Missing,77,179,0,White,44,Female,1
105.6666667,Missing,54,196,1,White,48,Female,1
101.3333333,Missing,27,146,1,Black,52,Male,1
100.3333333,Missing,43,162,Missing,Other,59,Female,1
125.6666667,Missing,109,184,1,Other,70,Female,1
130,0,49,203,Missing,Other,52,Female,1
135,Missing,67,180,Missing,Other,62,Female,1
140.3333333,Missing,68,178,1,Other,64,Male,1
113.6666667,Missing,70,119,1,Black,78,Male,1
123.3333333,Missing,42,197,Missing,Other,60,Female,1
146.6666667,Missing,83,143,1,Black,57,Female,1
112,0,37,118,1,White,69,Male,1
133.3333333,0,38,177,1,Other,55,Female,1
116,Missing,42,167,1,White,71,Male,1
114.6666667,1,44,206,1,Other,45,Female,1
168,1,36,100,Missing,Black,66,Male,1
105.6666667,1,28,174,0,Other,47,Male,1
166.6666667,0,54,155,1,Other,69,Male,1
138.6666667,0,30,180,Missing,Other,72,Male,1
107,Missing,80,158,Missing,Other,50,Female,1
103.3333333,0,61,117,Missing,White,65,Female,1
143.6666667,1,39,160,1,Other,63,Female,1
142.3333333,Missing,40,179,1,White,67,Male,1
126,Missing,39,154,1,White,76,Male,1
131,1,61,221,1,Other,53,Female,1
105.6666667,1,61,181,1,White,51,Male,1
119.3333333,Missing,35,162,Missing,Black,46,Male,1
88,1,78,126,1,Other,59,Male,1
130,Missing,68,216,Missing,Other,50,Female,1
119.6666667,0,111,151,1,Black,54,Female,1
154.3333333,Missing,43,199,1,Other,42,Male,1
138,0,38,288,1,White,74,Female,1
121,Missing,45,189,1,Other,73,Male,1
149,Missing,54,162,1,White,75,Female,1
145.6666667,Missing,43,183,1,Black,75,Female,1
123.3333333,Missing,36,119,1,White,68,Male,1
136.3333333,1,59,198,Missing,Black,55,Female,1
104,1,47,158,1,Other,64,Female,1
119,Missing,54,167,1,Other,69,Male,1
143.6666667,0,51,190,1,Other,61,Male,1
128,Missing,37,123,1,White,73,Female,1
127,1,47,127,1,Black,68,Male,1
111.3333333,Missing,46,179,1,Other,63,Female,1
148,0,67,143,1,Other,58,Male,1
144.6666667,0,80,148,1,Black,62,Female,1
128.3333333,1,41,126,Missing,White,64,Male,1
151.6666667,1,93,208,1,White,70,Female,1
192.3333333,Missing,56,118,1,Black,45,Female,1
155.6666667,1,42,170,Missing,White,52,Male,1
141,0,51,139,1,Other,70,Female,1
101.3333333,Missing,49,159,Missing,Other,50,Male,1
182.6666667,Missing,49,221,0,Other,57,Male,1
139.6666667,1,64,141,1,Black,74,Female,1
162,0,41,120,1,Black,62,Female,1
152,Missing,59,204,1,Other,72,Female,1
113.6666667,0,35,131,1,Other,75,Male,1
155,0,40,255,1,Other,75,Male,1
125,Missing,37,184,Missing,Other,50,Male,1
128.3333333,Missing,39,243,1,Black,51,Female,1
124.3333333,Missing,48,164,1,Other,64,Female,1
147.3333333,0,49,180,1,Black,64,Male,1
138.3333333,Missing,71,250,1,Black,71,Female,1
132.6666667,1,41,115,1,White,51,Male,1
92.33333333,Missing,40,158,1,White,68,Male,1
103,Missing,37,215,1,Other,55,Male,1
145.6666667,Missing,43,183,1,Black,75,Female,1
133.3333333,Missing,45,169,Missing,Other,63,Female,1
143.3333333,0,56,137,1,White,76,Female,1
120.3333333,Missing,52,227,Missing,Other,55,Male,1
146,Missing,35,115,1,Black,45,Male,1
150.6666667,1,53,173,Missing,White,60,Male,1
124.6666667,Missing,48,132,Missing,Other,55,Female,1
117.3333333,0,44,213,Missing,Other,66,Male,1
138,Missing,61,119,1,Other,60,Female,1
116,Missing,62,134,1,Other,69,Male,1
103.6666667,1,44,195,Missing,Black,43,Female,1
153,0,38,254,1,White,65,Male,1
121.6666667,Missing,46,166,Missing,Other,61,Male,1
152.6666667,Missing,40,178,Missing,Other,72,Male,1
116.6666667,Missing,52,181,Missing,Black,70,Male,1
104,Missing,50,201,Missing,Other,40,Male,1
120,1,69,255,1,Black,52,Male,1
102,0,39,144,1,Other,50,Male,1
144.6666667,Missing,49,278,1,White,75,Female,1
130.6666667,Missing,48,119,1,White,69,Female,1
153.3333333,Missing,42,100,Missing,Black,61,Male,1
144.6666667,Missing,51,217,Missing,Other,67,Female,1
151.3333333,0,82,174,1,Black,77,Female,1
140.3333333,Missing,81,179,1,Black,62,Female,1
131.3333333,Missing,44,232,1,White,47,Male,1
134.6666667,Missing,58,193,Missing,White,76,Male,1
194,Missing,72,159,1,Black,66,Female,1
140.3333333,Missing,50,130,1,Other,70,Male,1
127,Missing,52,181,1,Other,63,Male,1
183,1,54,130,0,Black,63,Male,1
151.6666667,1,93,208,1,White,70,Female,1
132,0,34,96,1,White,70,Male,1
147.3333333,Missing,34,167,1,Black,75,Male,1
127.3333333,1,80,138,1,Black,65,Male,1
107.6666667,Missing,66,189,Missing,Other,47,Female,1
122,0,30,142,1,Other,62,Male,1
101,1,79,185,Missing,Other,65,Female,1
101.3333333,0,36,156,1,White,65,Female,1
95.66666667,Missing,47,149,Missing,Black,65,Male,1
146.3333333,1,78,179,Missing,Black,48,Male,1
113.3333333,0,34,183,1,White,67,Male,1
128.3333333,1,32,137,1,Other,63,Male,1
114.6666667,0,55,139,1,Black,65,Female,1
117,0,41,158,1,White,43,Female,1
133,Missing,43,189,1,White,55,Male,1
157.3333333,0,56,183,1,Other,72,Female,1
111,Missing,52,191,1,Black,41,Male,1
123.6666667,Missing,42,191,1,Black,51,Male,1
147.6666667,Missing,52,298,1,Other,70,Male,1
115.6666667,Missing,78,158,Missing,Black,75,Female,1
149,Missing,32,174,1,Black,68,Male,1
94,1,49,157,1,White,64,Male,1
150.6666667,Missing,33,167,1,Black,77,Male,1
148,0,60,180,1,Black,73,Female,1
126.3333333,0,63,282,Missing,Other,62,Male,1
123.3333333,0,49,148,1,Black,68,Male,1
155.3333333,Missing,58,160,Missing,White,52,Female,1
121,Missing,45,189,1,Other,73,Male,1
127.6666667,1,40,244,0,Black,42,Female,1
107,0,76,179,1,Other,60,Female,1
107.3333333,0,38,169,Missing,Black,44,Male,1
166.3333333,Missing,45,299,Missing,Other,60,Female,1
138.6666667,Missing,38,123,1,Other,68,Male,1
124.6666667,Missing,48,132,Missing,Other,55,Female,1
112,0,33,176,0,White,60,Male,1
129.6666667,Missing,43,132,1,Other,52,Male,1
131.3333333,1,45,191,1,White,43,Female,1
121.6666667,Missing,46,166,Missing,Other,61,Male,1
158,0,61,144,1,Black,54,Male,1
115.6666667,Missing,78,158,Missing,Black,75,Female,1
101,1,46,189,1,White,70,Female,1
136.3333333,0,41,129,1,Other,75,Male,1
127,Missing,37,133,1,White,55,Male,1
132.3333333,0,49,230,Missing,Other,74,Female,1
133.6666667,0,48,149,Missing,Other,72,Male,1
135,1,71,218,1,White,48,Female,1
133.6666667,Missing,51,162,1,Black,67,Female,1
117,0,39,160,Missing,Other,71,Male,1
113,0,46,133,1,Black,72,Male,1
113.6666667,0,34,183,1,White,77,Male,1
130.3333333,Missing,30,237,1,White,49,Female,1
118,1,40,178,1,Black,62,Female,1
114.6666667,Missing,42,134,Missing,White,46,Male,1
151.6666667,0,48,137,1,Other,72,Female,1
122,0,30,142,1,Other,62,Male,1
127.6666667,Missing,32,126,0,White,74,Female,1
128.3333333,0,48,180,1,Black,68,Female,1
147.3333333,0,49,180,1,Black,64,Male,1
157.6666667,Missing,66,233,1,Black,74,Female,1
129,1,50,180,1,Black,65,Male,1
154.6666667,Missing,45,180,1,Black,73,Male,1
108.6666667,0,49,169,1,Other,70,Male,1
124.3333333,Missing,35,121,1,White,51,Male,1
98,0,30,126,1,Black,71,Male,1
135.3333333,Missing,40,112,1,White,79,Female,1
127,1,44,128,Missing,White,72,Male,1
151.3333333,1,58,189,1,Black,67,Female,1
94,1,49,157,1,White,64,Male,1
126.6666667,Missing,67,179,Missing,Other,74,Female,1
137.3333333,Missing,29,176,1,White,71,Male,1
133.3333333,Missing,33,173,1,Other,61,Male,1
117.6666667,1,60,166,1,Black,71,Female,1
119.3333333,Missing,78,177,1,Other,76,Female,1
138.3333333,Missing,71,250,1,Black,71,Female,1
107.3333333,0,44,100,1,Other,69,Male,1
147.6666667,Missing,52,298,1,Other,70,Male,1
119.3333333,Missing,43,243,1,Black,66,Female,1
131.6666667,Missing,58,208,1,White,72,Female,1
88,1,78,126,1,Other,59,Male,1
115,1,50,181,1,White,62,Female,1
141.6666667,Missing,53,179,1,Black,76,Female,1
143,0,51,126,Missing,Other,72,Male,1
152.6666667,Missing,43,125,1,Other,66,Male,1
129,Missing,53,222,0,Black,64,Female,1
138.3333333,0,45,188,1,Black,54,Male,1
121,0,58,274,Missing,Other,62,Male,1
151.6666667,Missing,78,168,1,Black,67,Female,1
113,0,46,133,1,Black,72,Male,1
154.3333333,Missing,75,245,1,Black,67,Female,1
164,1,51,177,1,Black,63,Female,1
164,1,51,177,1,Black,63,Female,1
135.3333333,0,63,140,1,White,64,Male,1
120,0,35,166,1,White,62,Male,1
148.6666667,Missing,44,145,Missing,Other,45,Female,1
115.6666667,0,48,230,Missing,Other,52,Male,1
124,0,39,135,1,White,48,Female,1
178.3333333,0,53,116,1,Black,75,Male,1
116.3333333,Missing,41,167,Missing,Other,60,Male,1
89.33333333,Missing,48,177,1,White,71,Male,1
99.66666667,Missing,36,158,1,White,63,Female,1
146,Missing,31,263,1,White,78,Male,1
145,1,41,224,1,Black,61,Male,1
135.3333333,Missing,94,232,Missing,Other,71,Female,1
93.33333333,0,58,171,1,Black,67,Female,1
123.3333333,0,49,148,1,Black,68,Male,1
123.6666667,0,54,173,1,Black,70,Female,1
119.3333333,Missing,66,151,1,Black,68,Female,1
140,0,51,184,1,Other,69,Female,1
148,Missing,51,197,Missing,Black,60,Female,1
134.6666667,Missing,58,193,Missing,White,76,Male,1
149.3333333,Missing,25,138,1,Other,73,Male,1
118,Missing,58,228,1,Other,62,Female,1
130.6666667,Missing,37,161,1,Black,61,Female,1
139,Missing,53,178,Missing,Other,52,Female,1
169.6666667,Missing,46,154,1,Black,74,Female,1
109,0,35,104,Missing,Other,42,Male,1
188.3333333,Missing,67,177,1,Black,78,Female,1
131,Missing,35,177,1,White,73,Female,1
142.3333333,Missing,53,246,1,Black,61,Male,1
214,Missing,38,100,1,Other,78,Male,1
127,1,47,127,1,Black,68,Male,1
122.3333333,0,44,124,1,Other,73,Male,1
149.3333333,Missing,38,136,Missing,Other,77,Female,1
96.33333333,Missing,30,134,1,White,57,Male,1
160.6666667,Missing,53,249,Missing,Other,66,Male,1
145.6666667,Missing,93,212,1,Black,71,Male,1
112.3333333,Missing,34,156,1,White,63,Female,1
130.6666667,Missing,34,205,1,White,45,Male,1
138,0,38,288,1,White,74,Female,1
110.6666667,Missing,38,191,Missing,White,56,Female,1
127,0,31,197,Missing,Other,48,Male,1
106,Missing,50,214,Missing,Other,65,Male,1
126.3333333,Missing,64,144,1,Black,49,Female,1
111.6666667,1,72,149,1,Black,51,Female,1
115,Missing,44,137,Missing,Other,45,Male,1
112.6666667,1,39,143,Missing,White,70,Male,1
125.3333333,Missing,30,125,1,White,55,Male,1
142.6666667,0,59,278,Missing,Black,63,Female,1
115,0,30,171,0,Other,70,Female,1
139,Missing,55,253,1,White,79,Female,1
114,1,45,182,Missing,White,55,Male,1
123,Missing,36,133,1,White,56,Male,1
133.3333333,Missing,38,129,1,White,50,Male,1
121.3333333,Missing,50,147,Missing,White,63,Male,1
131,Missing,37,133,Missing,Other,77,Male,1
132.6666667,1,39,202,1,White,50,Male,1
133.6666667,Missing,51,164,Missing,Other,67,Female,1
138.3333333,1,40,167,1,Black,43,Male,1
135.3333333,Missing,64,184,Missing,Black,61,Male,1
115,Missing,43,162,Missing,White,59,Male,1
120.3333333,Missing,41,189,1,Other,59,Female,1
132,0,34,96,1,White,70,Male,1
111.6666667,0,37,188,1,Black,52,Female,1
107,0,76,179,1,Other,60,Female,1
120,0,55,196,1,Other,62,Female,1
127.6666667,Missing,77,236,1,Black,73,Female,1
141.3333333,1,66,216,1,Other,65,Female,1
131.6666667,Missing,46,140,Missing,Other,70,Male,1
121.6666667,Missing,46,166,Missing,Other,61,Male,1
134.6666667,Missing,55,168,1,Black,63,Female,1
122,Missing,35,86,0,Other,62,Male,1
129,1,50,180,1,Black,65,Male,1
143,1,48,242,0,White,58,Male,1
132.3333333,1,38,79,Missing,Other,63,Female,1
145,0,38,143,1,White,77,Male,1
105,1,47,145,0,Other,57,Female,1
129.3333333,0,40,144,1,White,63,Male,1
129.6666667,Missing,52,240,Missing,Other,52,Female,1
142.6666667,0,59,278,Missing,Black,63,Female,1
166.3333333,Missing,45,299,Missing,Other,60,Female,1
128,0,45,115,1,Other,44,Male,1
146,1,31,241,1,Black,48,Male,1
166.6666667,Missing,38,176,1,Other,65,Male,1
135.3333333,1,63,224,Missing,White,42,Male,1
153,Missing,70,172,Missing,Black,63,Female,1
133.6666667,Missing,50,150,Missing,Other,71,Male,1
113,Missing,44,123,Missing,Other,64,Male,1
114.6666667,0,36,218,1,White,77,Male,1
165.3333333,1,50,218,1,Other,56,Male,1
136.3333333,1,59,198,Missing,Black,55,Female,1
123.6666667,Missing,42,191,1,Black,51,Male,1
131.3333333,Missing,32,141,1,Black,60,Male,1
140.3333333,1,50,173,Missing,Other,44,Male,1
194,Missing,72,159,1,Black,66,Female,1
99,0,48,151,1,Other,61,Female,1
179,Missing,58,153,1,White,76,Female,1
143,Missing,57,148,Missing,Other,54,Female,1
144.3333333,0,40,147,1,White,70,Male,1
97,1,49,131,0,White,70,Male,1
112.3333333,Missing,54,264,Missing,White,60,Female,1
117,0,35,97,Missing,White,41,Male,1
117,1,33,204,1,Black,60,Male,1
157.3333333,0,44,185,1,Other,54,Male,1
125.6666667,0,29,151,1,White,62,Male,1
128,0,36,140,1,Other,55,Female,1
152,Missing,59,204,1,Other,72,Female,1
109,Missing,42,190,Missing,Other,53,Female,1
116.3333333,1,42,208,Missing,White,57,Female,1
104.6666667,1,31,105,1,Other,40,Male,1
126,1,56,146,1,Other,50,Male,1
118.3333333,0,73,158,1,White,57,Female,1
131.3333333,Missing,35,112,1,White,72,Male,1
146.6666667,1,50,194,1,Other,63,Male,1
138.6666667,0,38,167,Missing,Other,60,Male,1
159.3333333,1,39,218,0,White,50,Male,1
136.6666667,0,45,121,1,White,68,Female,1
123.3333333,0,49,148,1,Black,68,Male,1
125,Missing,37,184,Missing,Other,50,Male,1
206.3333333,Missing,41,304,1,Other,71,Female,1
121.3333333,0,50,173,0,Other,78,Female,1
128,Missing,81,155,Missing,Other,65,Female,1
206.3333333,Missing,41,304,1,Other,71,Female,1
128,Missing,49,180,1,Other,57,Female,1
107.3333333,Missing,62,187,Missing,White,45,Female,1
144.3333333,0,67,161,1,White,61,Female,1
128.3333333,1,41,126,Missing,White,64,Male,1
171.5,Missing,49,123,1,Black,74,Male,1
122,Missing,39,169,Missing,White,71,Male,1
158,0,61,144,1,Black,54,Male,1
152.3333333,Missing,37,215,1,Black,78,Male,1
107.6666667,Missing,38,161,Missing,Other,65,Male,1
127,Missing,52,181,1,Other,63,Male,1
142.6666667,0,41,227,1,Black,53,Male,1
106.6666667,Missing,63,159,1,Black,58,Female,1
115.6666667,0,39,137,1,Other,63,Male,1
153,0,38,254,1,White,65,Male,1
117.3333333,1,40,167,Missing,Black,45,Female,1
131,Missing,34,117,1,Other,68,Female,1
145.6666667,1,47,156,1,Black,70,Male,1
130,Missing,36,132,1,Black,52,Male,1
128.3333333,1,32,137,1,Other,63,Male,1
150,1,69,212,0,Black,53,Male,1
161.6666667,Missing,43,207,1,Other,62,Male,1
105,0,48,113,1,White,76,Male,1
103.6666667,1,32,121,1,White,54,Male,1
145,1,49,120,1,Black,59,Male,1
127.6666667,1,40,244,0,Black,42,Female,1
130.6666667,Missing,48,119,1,White,69,Female,1
126,Missing,41,186,1,Black,66,Male,1
125,Missing,37,184,Missing,Other,50,Male,1
161.6666667,Missing,43,207,1,Other,62,Male,1
152.3333333,Missing,37,215,1,Black,78,Male,1
138.6666667,Missing,47,144,1,White,74,Female,1
112,Missing,48,139,Missing,Other,49,Female,1
145.6666667,0,58,127,1,Other,68,Male,1
120,1,44,152,Missing,White,54,Female,1
157.3333333,1,49,208,Missing,Other,60,Male,1
103.6666667,1,32,121,1,White,54,Male,1
141.6666667,0,121,313,Missing,Black,57,Female,1
125,Missing,39,157,1,Other,62,Male,1
110,1,42,190,Missing,White,74,Male,1
140.3333333,1,50,173,Missing,Other,44,Male,1
125,0,48,207,Missing,White,49,Male,1
114.6666667,Missing,67,213,Missing,Black,56,Female,1
141.6666667,0,40,123,Missing,Other,45,Male,1
140.3333333,1,42,182,1,White,54,Female,1
112.6666667,Missing,41,218,Missing,Other,64,Female,1
110,Missing,42,120,1,White,63,Male,1
174.6666667,Missing,50,237,1,Other,63,Female,1
110.3333333,Missing,49,256,Missing,White,49,Male,1
132,Missing,43,157,Missing,Black,77,Male,1
134.3333333,0,69,230,1,Other,59,Female,1
138,Missing,44,113,1,Black,54,Male,1
128,0,39,137,1,Black,68,Male,1
134.6666667,1,36,209,1,Black,47,Male,1
128.6666667,Missing,61,208,Missing,Other,58,Female,1
129,Missing,42,210,Missing,White,62,Male,1
129,1,50,180,1,Black,65,Male,1
108.6666667,0,28,127,1,Black,65,Male,1
127,0,31,197,Missing,Other,48,Male,1
111,Missing,57,188,1,Other,45,Female,1
178,Missing,45,172,1,Other,78,Female,1
155.3333333,0,29,134,1,White,67,Male,1
156,0,52,137,Missing,Black,66,Female,1
133,1,27,200,1,White,43,Male,1
150,Missing,49,117,1,Black,70,Male,1
83,0,51,123,1,White,77,Male,1
166,Missing,45,105,1,Black,69,Female,1
149.3333333,Missing,25,138,1,Other,73,Male,1
115.6666667,Missing,78,158,Missing,Black,75,Female,1
127.6666667,0,63,199,Missing,Other,75,Male,1
137.3333333,0,38,143,Missing,Other,65,Male,1
123.6666667,0,59,189,1,Black,59,Female,1
162.3333333,Missing,72,192,1,Black,69,Female,1
142.6666667,0,34,116,1,Black,67,Male,1
134,Missing,29,105,1,Other,68,Male,1
151.3333333,Missing,76,155,1,Black,79,Male,1
96.66666667,0,52,206,1,White,55,Female,1
151.6666667,1,93,208,1,White,70,Female,1
145.6666667,1,47,156,1,Black,70,Male,1
133,Missing,43,189,1,White,55,Male,1
129.6666667,Missing,39,156,1,Black,74,Male,1
141.3333333,Missing,44,127,Missing,Black,61,Male,1
134.6666667,0,29,71,Missing,White,73,Male,1
143.6666667,0,51,190,1,Other,61,Male,1
131.6666667,Missing,41,209,Missing,Black,61,Female,1
126,1,56,146,1,Other,50,Male,1
93.33333333,0,58,171,1,Black,67,Female,1
96.66666667,0,48,227,1,Black,65,Female,1
110,0,37,134,1,White,67,Male,1
124,Missing,52,169,1,Other,65,Female,1
122.3333333,0,44,124,1,Other,73,Male,1
119.3333333,Missing,35,162,Missing,Black,46,Male,1
116,Missing,41,162,Missing,Black,66,Female,1
142.3333333,Missing,53,246,1,Black,61,Male,1
130,Missing,66,158,1,Other,58,Male,1
181,1,59,188,1,Black,71,Male,1
117,1,39,78,1,Black,66,Male,1
127,Missing,58,277,Missing,Other,74,Female,1
115.6666667,0,44,189,1,White,71,Male,1
131,Missing,35,175,1,White,67,Male,1
165.3333333,Missing,60,221,Missing,Other,77,Female,1
102.3333333,0,34,141,1,Other,65,Male,1
140.3333333,1,50,173,Missing,Other,44,Male,1
153,1,52,174,0,Other,66,Female,1
165.3333333,1,50,218,1,Other,56,Male,1
114,Missing,49,171,1,Other,70,Female,1
156,0,94,178,1,Other,63,Female,1
140.6666667,1,46,199,Missing,Other,66,Male,1
150.6666667,Missing,33,167,1,Black,77,Male,1
214,0,85,141,1,Black,66,Female,1
135.6666667,Missing,42,210,0,Black,53,Female,1
167,1,54,197,1,Black,66,Female,1
118.6666667,0,38,149,1,White,60,Male,1
106.6666667,0,63,163,Missing,Other,40,Female,1
96.66666667,0,52,206,1,White,55,Female,1
150,1,69,212,0,Black,53,Male,1
100,0,54,319,1,White,60,Female,1
118,0,32,181,1,Other,50,Male,1
185,0,41,172,1,Black,79,Male,1
105,0,52,140,1,Black,73,Female,1
106.6666667,0,35,218,Missing,White,49,Male,1
168.6666667,Missing,32,186,Missing,White,45,Male,1
124,Missing,43,171,1,Other,60,Male,1
127.3333333,Missing,56,170,1,Black,51,Female,1
145.6666667,Missing,93,212,1,Black,71,Male,1
124,Missing,53,167,Missing,Other,62,Female,1
116.6666667,0,36,157,1,White,66,Male,1
120.3333333,Missing,41,189,1,Other,59,Female,1
172.6666667,0,66,180,1,Other,71,Male,1
132,0,44,107,1,Other,70,Male,1
112.6666667,Missing,54,168,Missing,White,68,Male,1
105.3333333,Missing,42,161,1,White,70,Female,1
135.6666667,Missing,37,135,1,Other,65,Female,1
103,Missing,22,293,1,White,60,Male,1
119.3333333,Missing,37,119,1,White,61,Male,1
137.3333333,Missing,41,150,1,Black,68,Female,1
134.6666667,Missing,33,162,1,Black,54,Male,1
140,0,66,157,1,Black,67,Female,1
117,1,44,172,1,Other,62,Male,1
120.3333333,0,39,137,1,White,60,Male,1
182.6666667,Missing,54,300,1,Other,74,Female,1
155,0,40,255,1,Other,75,Male,1
105,0,52,140,1,Black,73,Female,1
125,Missing,37,184,Missing,Other,50,Male,1
111,Missing,63,150,Missing,Other,63,Female,1
166.6666667,0,54,155,1,Other,69,Male,1
128.6666667,Missing,61,208,Missing,Other,58,Female,1
153,Missing,87,253,1,Black,75,Female,1
128,0,58,153,1,White,72,Female,1
149.6666667,0,66,193,Missing,Other,63,Male,1
92.33333333,1,61,228,Missing,Black,49,Female,1
129.3333333,0,35,214,Missing,Other,70,Female,1
110.3333333,Missing,34,77,1,Other,60,Male,1
138,Missing,79,231,1,Other,74,Female,1
109.3333333,Missing,40,160,Missing,White,48,Female,1
115,1,50,181,1,White,62,Female,1
118.6666667,0,42,142,1,White,47,Male,1
159.3333333,Missing,43,194,1,Black,46,Male,1
108,Missing,42,180,1,Black,79,Male,1
176.6666667,Missing,46,186,1,Other,58,Female,1
131,0,52,160,1,White,70,Female,1
124,Missing,30,125,1,Other,62,Female,1
133.6666667,0,41,233,1,White,75,Male,1
115.6666667,0,48,230,Missing,Other,52,Male,1
136.3333333,Missing,48,201,1,Other,55,Female,1
101.3333333,Missing,49,159,Missing,Other,50,Male,1
156.3333333,0,41,112,1,Other,76,Male,1
114.6666667,0,36,218,1,White,77,Male,1
98,0,30,126,1,Black,71,Male,1
128.6666667,Missing,72,212,1,White,66,Male,1
130.3333333,Missing,41,174,Missing,Other,69,Male,1
128.3333333,1,85,218,1,Black,68,Male,1
146.3333333,Missing,87,138,Missing,White,54,Male,1
141.3333333,Missing,42,182,Missing,Other,54,Male,1
118.6666667,Missing,61,161,Missing,Other,52,Female,1
134.6666667,0,29,71,Missing,White,73,Male,1
112,Missing,60,200,Missing,Other,67,Female,1
98.66666667,Missing,56,128,1,Black,70,Female,1
133.6666667,Missing,51,162,1,Black,67,Female,1
192.3333333,Missing,56,118,1,Black,45,Female,1
165.6666667,0,36,154,1,Other,76,Male,1
119.3333333,Missing,51,159,0,Other,46,Female,1
153,Missing,70,172,Missing,Black,63,Female,1
123.6666667,0,44,211,Missing,White,75,Male,1
152.6666667,Missing,43,125,1,Other,66,Male,1
133.3333333,Missing,45,169,Missing,Other,63,Female,1
101.3333333,Missing,39,186,1,Other,51,Male,1
134,Missing,41,173,Missing,Other,56,Male,1
124.6666667,0,35,224,Missing,Black,63,Female,1
107,Missing,44,119,1,Other,55,Female,1
130.6666667,Missing,34,205,1,White,45,Male,1
114,Missing,41,148,1,Other,66,Male,1
157,0,35,186,Missing,White,65,Male,1
147.3333333,0,26,126,1,White,72,Male,1
147,0,34,127,1,White,55,Male,1
96.33333333,Missing,30,134,1,White,57,Male,1
120.3333333,0,46,101,1,Other,62,Male,1
166.6666667,1,39,321,1,Other,52,Male,1
111,1,48,252,1,Other,53,Male,1
129,Missing,53,97,1,Other,63,Male,1
164,1,51,177,1,Black,63,Female,1
111,Missing,48,121,1,Other,56,Male,1
123.6666667,Missing,42,191,1,Black,51,Male,1
120.3333333,Missing,52,227,Missing,Other,55,Male,1
137.3333333,Missing,48,155,1,Other,60,Female,1
139.3333333,0,37,168,1,Other,67,Female,1
134.6666667,0,38,164,1,Other,79,Male,1
106.6666667,Missing,57,218,1,White,73,Female,1
104,1,47,158,1,Other,64,Female,1
115,Missing,76,158,Missing,Other,51,Female,1
134.6666667,1,75,123,Missing,White,77,Male,1
99,Missing,51,183,Missing,Other,47,Female,1
125.6666667,Missing,109,184,1,Other,70,Female,1
116.6666667,Missing,45,244,Missing,Other,57,Male,1
137.3333333,0,38,143,Missing,Other,65,Male,1
130.3333333,0,32,149,1,Black,64,Male,1
151.6666667,1,93,208,1,White,70,Female,1
125.3333333,Missing,30,125,1,White,55,Male,1
133.6666667,0,61,107,1,Other,72,Male,1
132.3333333,1,38,79,Missing,Other,63,Female,1
116.6666667,Missing,45,244,Missing,Other,57,Male,1
127.6666667,1,40,244,0,Black,42,Female,1
135.3333333,Missing,64,184,Missing,Black,61,Male,1
143.6666667,0,43,127,1,White,75,Male,1
145.3333333,Missing,49,141,1,Black,58,Male,1
93.33333333,Missing,41,179,1,Black,53,Female,1
122.6666667,Missing,56,195,Missing,Other,64,Female,1
140.6666667,Missing,48,152,0,Other,66,Female,1
131.3333333,Missing,61,178,1,Other,74,Female,1
159.3333333,1,39,218,0,White,50,Male,1
143.6666667,0,51,190,1,Other,61,Male,1
201,0,41,225,Missing,White,79,Male,1
137.6666667,Missing,44,185,1,Black,53,Female,1
102.6666667,Missing,61,156,Missing,Other,67,Male,1
145.3333333,0,22,161,1,Black,66,Male,1
128.6666667,0,32,175,1,Other,71,Male,1
107.6666667,Missing,38,161,Missing,Other,65,Male,1
136.3333333,1,59,198,Missing,Black,55,Female,1
145.3333333,Missing,49,141,1,Black,58,Male,1
141.3333333,1,66,216,1,Other,65,Female,1
148.3333333,Missing,41,186,1,Black,61,Male,1
167.6666667,1,63,223,1,Other,63,Male,1
152.6666667,1,61,170,1,Other,69,Male,1
163.6666667,1,53,130,1,Black,61,Male,1
125,Missing,50,179,1,Other,73,Female,1
110,1,42,180,Missing,White,55,Male,1
159.3333333,Missing,43,194,1,Black,46,Male,1
137.6666667,0,44,159,Missing,White,63,Male,1
108.6666667,Missing,46,165,1,White,63,Male,1
129.6666667,Missing,52,240,Missing,Other,52,Female,1
134.6666667,1,36,209,1,Black,47,Male,1
113,Missing,75,252,Missing,Black,41,Female,1
172.6666667,0,66,180,1,Other,71,Male,1
114,Missing,49,171,1,Other,70,Female,1
118.6666667,0,42,170,Missing,Other,72,Male,1
153,1,52,174,0,Other,66,Female,1
154.3333333,Missing,43,199,1,Other,42,Male,1
112.3333333,Missing,34,156,1,White,63,Female,1
135.6666667,Missing,37,135,1,Other,65,Female,1
141.6666667,0,121,313,Missing,Black,57,Female,1
180.3333333,Missing,54,194,1,Other,67,Male,1
104.6666667,Missing,60,137,1,White,70,Male,1
122.6666667,0,38,187,Missing,Other,56,Female,1
109.6666667,0,48,185,1,Black,69,Female,1
123.3333333,Missing,68,193,1,Black,61,Female,1
118.6666667,Missing,61,161,Missing,Other,52,Female,1
214,Missing,38,100,1,Other,78,Male,1
105,0,52,140,1,Black,73,Female,1
111,Missing,63,150,Missing,Other,63,Female,1
123.3333333,1,35,239,0,Other,53,Male,1
123,Missing,36,133,1,White,56,Male,1
115.3333333,Missing,58,149,1,Other,55,Female,1
217,0,58,220,1,Black,77,Female,1
140.3333333,0,45,113,1,Other,74,Female,1
116,0,22,176,Missing,Other,47,Male,1
135.6666667,Missing,54,105,Missing,White,75,Male,1
134.6666667,0,38,164,1,Other,79,Male,1
137.6666667,1,40,135,1,White,69,Male,1
117.6666667,Missing,47,205,Missing,White,55,Male,1
117,1,44,172,1,Other,62,Male,1
134.6666667,0,38,164,1,Other,79,Male,1
120.6666667,Missing,44,335,Missing,Other,55,Male,1
152,0,43,160,1,White,74,Male,1
115,Missing,52,181,0,Black,63,Female,1
126,Missing,39,154,1,White,76,Male,1
135.3333333,Missing,40,112,1,White,79,Female,1
108.6666667,0,49,169,1,Other,70,Male,1
148,0,67,143,1,Other,58,Male,1
138,Missing,52,172,1,Other,58,Male,1
128,Missing,45,167,1,Other,65,Female,1
102,0,39,144,1,Other,50,Male,1
120,1,41,147,Missing,Other,57,Female,1
133.6666667,Missing,51,164,Missing,Other,67,Female,1
134,Missing,49,186,Missing,Other,61,Male,1
119,Missing,60,198,1,White,46,Female,1
129.6666667,Missing,78,208,Missing,Other,41,Female,1
144.6666667,0,32,140,Missing,Black,69,Male,1
139,Missing,55,253,1,White,79,Female,1
131,0,54,173,1,Other,72,Male,1
131.3333333,1,45,191,1,White,43,Female,1
102.6666667,Missing,61,156,Missing,Other,67,Male,1
141.3333333,1,66,216,1,Other,65,Female,1
161.3333333,0,72,209,Missing,Other,67,Female,0
144.3333333,Missing,44,215,Missing,White,46,Male,0
103,1,61,240,Missing,White,43,Female,0
134,0,32,163,Missing,White,41,Male,0
150.6666667,Missing,41,199,Missing,Other,46,Male,0
166.3333333,1,47,124,1,Other,42,Male,0
112.3333333,0,33,145,1,Black,60,Male,0
133.6666667,Missing,59,176,Missing,Other,60,Female,0
127.3333333,1,42,191,0,Black,54,Female,0
95,1,65,198,Missing,Other,46,Female,0
134.6666667,Missing,60,248,Missing,White,58,Male,0
114,Missing,48,180,1,Black,51,Male,0
110.6666667,Missing,44,111,Missing,Other,55,Male,0
109,Missing,36,136,Missing,Other,55,Male,0
103.3333333,Missing,55,198,Missing,Other,47,Female,0
142.3333333,0,69,217,1,White,64,Female,0
118.3333333,Missing,54,203,Missing,White,65,Female,0
142.6666667,Missing,35,88,1,Black,77,Female,0
121,Missing,41,215,1,Black,79,Male,0
148.3333333,1,54,228,Missing,White,64,Female,0
106.6666667,0,50,157,Missing,White,47,Female,0
113.6666667,Missing,31,223,Missing,Other,47,Male,0
118.3333333,0,58,248,0,White,46,Male,0
126.3333333,1,59,165,0,White,41,Male,0
144.6666667,Missing,55,165,Missing,Black,56,Female,0
138.6666667,Missing,79,183,Missing,Black,69,Female,0
108,Missing,43,180,Missing,Black,50,Female,0
142.6666667,Missing,47,106,1,Black,61,Male,0
126.6666667,1,32,224,Missing,Black,45,Male,0
113.6666667,Missing,87,149,Missing,Black,60,Female,0
113,Missing,35,199,Missing,Other,47,Male,0
132,Missing,41,149,Missing,Other,63,Male,0
209.3333333,0,60,167,1,White,71,Male,0
131.6666667,1,59,186,1,White,54,Female,0
123.6666667,Missing,71,187,Missing,Other,59,Female,0
119.3333333,0,43,121,Missing,White,54,Male,0
130.6666667,Missing,30,157,1,Black,48,Male,0
149,Missing,34,269,Missing,Other,60,Male,0
139,Missing,35,216,0,White,66,Male,0
133.3333333,Missing,48,203,Missing,Other,46,Male,0
151.6666667,Missing,67,237,Missing,Black,60,Female,0
164.3333333,0,35,179,1,Other,56,Male,0
126.6666667,Missing,66,209,1,Other,70,Female,0
144.3333333,1,33,220,1,White,70,Male,0
129.6666667,Missing,41,189,Missing,Black,47,Male,0
126,0,51,195,Missing,White,56,Male,0
124,0,41,235,Missing,White,42,Male,0
126,Missing,63,273,Missing,Other,41,Male,0
141.6666667,Missing,47,159,1,Other,53,Male,0
107.3333333,1,50,179,Missing,White,57,Female,0
107.6666667,Missing,49,161,Missing,White,47,Male,0
115,1,47,264,Missing,White,42,Male,0
120,0,48,199,1,White,40,Male,0
120,1,42,187,Missing,White,41,Female,0
111.6666667,Missing,48,183,Missing,Black,42,Male,0
108,0,47,197,Missing,Black,42,Male,0
110,Missing,42,186,Missing,Other,41,Female,0
130.3333333,Missing,44,214,Missing,Black,40,Male,0
156,Missing,58,214,1,White,68,Female,0
126.6666667,Missing,73,119,1,Black,55,Female,0
138.3333333,0,57,194,1,White,76,Female,0
166.3333333,1,63,261,1,Black,59,Female,0
150.6666667,1,40,173,1,Black,54,Female,0
131,1,49,146,Missing,Black,60,Male,0
109.3333333,Missing,50,178,1,White,73,Female,0
115.3333333,Missing,73,164,1,Other,69,Male,0
150.6666667,Missing,51,139,1,Other,63,Female,0
115.6666667,0,68,278,1,Black,60,Female,0
156,Missing,58,214,1,White,68,Female,0
125,0,62,244,Missing,White,67,Male,0
104.3333333,Missing,44,228,Missing,Black,50,Female,0
109,0,36,275,Missing,White,60,Male,0
141.3333333,1,62,207,0,White,68,Female,0
128.3333333,Missing,100,259,Missing,Other,60,Female,0
128,Missing,46,193,1,Other,49,Female,0
153.6666667,Missing,37,138,1,Other,57,Male,0
93.66666667,0,76,171,Missing,White,49,Female,0
140.3333333,Missing,32,153,1,Black,65,Female,0
114,0,50,175,Missing,Other,43,Female,0
161.6666667,Missing,45,221,1,Other,54,Female,0
117.3333333,Missing,62,210,Missing,Black,43,Male,0
112,Missing,36,204,1,White,61,Male,0
166,1,62,170,Missing,Black,67,Male,0
176.3333333,Missing,60,226,Missing,Black,40,Female,0
103,Missing,40,192,Missing,Black,68,Male,0
123.3333333,0,42,221,1,White,71,Male,0
126,1,32,177,Missing,White,59,Male,0
122.3333333,0,51,204,Missing,White,62,Male,0
131.6666667,1,63,197,Missing,Black,55,Male,0
108,0,47,197,Missing,Black,42,Male,0
97.33333333,0,56,153,1,White,72,Male,0
138.3333333,1,39,174,Missing,Black,44,Male,0
97,0,53,137,1,Black,64,Female,0
120.3333333,0,44,138,0,White,52,Female,0
125,Missing,50,176,1,Black,70,Female,0
148.3333333,0,43,174,1,Black,57,Male,0
117,Missing,42,184,Missing,Other,46,Male,0
126,1,59,158,1,White,77,Female,0
135,0,52,169,Missing,White,67,Male,0
113.3333333,0,73,188,1,Black,63,Female,0
113.3333333,Missing,46,180,Missing,Other,42,Female,0
169.3333333,0,54,278,Missing,Black,69,Male,0
108.6666667,Missing,57,141,Missing,Black,47,Female,0
125.3333333,1,61,181,1,Black,56,Female,0
130.6666667,0,78,215,Missing,Black,49,Female,0
134,1,48,188,0,Other,71,Female,0
128,1,44,216,Missing,White,46,Male,0
142.3333333,0,43,234,1,Black,60,Male,0
127.6666667,1,36,212,1,Black,52,Male,0
115.6666667,Missing,71,204,Missing,White,46,Female,0
164,0,27,257,1,Other,41,Male,0
146.6666667,1,36,154,1,Other,68,Male,0
154.3333333,Missing,53,189,1,Black,51,Male,0
97,0,38,242,Missing,White,44,Male,0
109.6666667,Missing,62,237,Missing,Other,50,Female,0
117.6666667,Missing,69,192,1,Black,60,Male,0
119.3333333,0,53,169,1,White,78,Male,0
121,0,54,158,1,Black,77,Male,0
130,Missing,88,199,Missing,White,51,Female,0
137.6666667,1,48,190,Missing,Other,50,Male,0
127,1,41,191,Missing,White,56,Male,0
148.3333333,Missing,55,165,1,Black,61,Female,0
109.3333333,1,86,181,1,Black,65,Male,0
127.3333333,Missing,91,212,Missing,Other,50,Female,0
145.6666667,Missing,52,154,1,White,77,Male,0
117.6666667,0,72,170,Missing,White,42,Female,0
95.66666667,Missing,59,212,Missing,Black,42,Female,0
126.3333333,Missing,67,170,1,White,70,Male,0
121.3333333,Missing,76,218,Missing,Other,53,Female,0
132,Missing,69,172,Missing,Other,62,Female,0
121.6666667,0,46,187,1,Other,46,Female,0
165,Missing,62,235,Missing,Other,75,Female,0
188,1,82,248,1,Black,71,Female,0
167,Missing,67,191,0,Black,57,Male,0
147.6666667,0,42,207,1,White,69,Male,0
108,Missing,67,193,Missing,Other,41,Female,0
120,1,36,200,Missing,White,42,Female,0
114.6666667,1,66,277,Missing,Other,52,Female,0
141.3333333,Missing,63,214,1,White,74,Female,0
125.3333333,Missing,40,135,Missing,Other,45,Female,0
149.6666667,1,80,208,1,Black,65,Male,0
113,1,50,163,0,Black,51,Male,0
111,Missing,53,225,Missing,Other,48,Female,0
104.3333333,Missing,50,239,1,Black,59,Female,0
155.6666667,0,48,170,1,White,41,Female,0
123.3333333,Missing,42,121,Missing,White,46,Male,0
111.6666667,Missing,48,183,Missing,Black,42,Male,0
148.6666667,Missing,70,219,1,Black,50,Male,0
104.6666667,0,47,176,Missing,Black,63,Male,0
165.3333333,Missing,45,153,1,Black,59,Female,0
150.6666667,0,68,175,Missing,White,70,Male,0
125,Missing,67,221,Missing,Black,61,Male,0
112.3333333,1,56,169,1,White,70,Female,0
116,Missing,70,283,1,White,53,Male,0
107.3333333,Missing,71,223,Missing,White,54,Male,0
148.6666667,Missing,55,255,Missing,Black,61,Female,0
99.66666667,1,59,213,Missing,White,68,Male,0
104.6666667,Missing,73,181,Missing,White,46,Female,0
126,0,42,193,Missing,Other,71,Male,0
155,Missing,55,225,1,White,57,Female,0
164,0,97,196,1,Black,79,Female,0
130.6666667,0,38,168,1,Other,63,Male,0
184.6666667,1,45,207,Missing,Black,58,Male,0
104.6666667,1,53,270,Missing,White,51,Male,0
126.6666667,Missing,66,209,1,Other,70,Female,0
107,Missing,52,195,Missing,Other,57,Female,0
134,0,61,240,1,White,74,Male,0
117.6666667,0,72,170,Missing,White,42,Female,0
167.3333333,1,63,129,Missing,Other,61,Male,0
103.6666667,Missing,106,229,Missing,White,53,Male,0
138.3333333,Missing,58,179,0,Other,44,Male,0
104.6666667,Missing,45,172,Missing,Other,52,Female,0
125.6666667,Missing,51,199,Missing,White,70,Male,0
135.6666667,1,63,226,1,Black,60,Male,0
133.3333333,Missing,44,211,Missing,Other,59,Female,0
127.6666667,Missing,72,190,Missing,Other,44,Female,0
128.3333333,0,44,196,1,Black,49,Male,0
152,Missing,68,236,Missing,White,79,Female,0
155.6666667,Missing,71,181,Missing,Black,41,Male,0
138,0,32,264,Missing,White,53,Female,0
105.3333333,Missing,56,242,1,Other,55,Female,0
112.3333333,Missing,39,148,Missing,Black,66,Male,0
148.6666667,Missing,32,200,Missing,Other,50,Male,0
145.3333333,0,94,226,Missing,White,69,Male,0
127.3333333,Missing,77,201,Missing,White,44,Female,0
152.6666667,Missing,34,223,1,Other,57,Male,0
128,Missing,55,152,Missing,Black,56,Male,0
109.6666667,Missing,62,237,Missing,Other,50,Female,0
153,Missing,38,185,Missing,Other,60,Male,0
125.3333333,Missing,35,198,1,White,41,Male,0
122.6666667,Missing,66,220,Missing,White,56,Male,0
139,0,35,102,Missing,Other,65,Female,0
130.6666667,1,51,173,0,Black,57,Male,0
134.6666667,0,32,224,Missing,Other,42,Male,0
106,Missing,49,212,Missing,Black,54,Female,0
116,1,35,328,Missing,Other,57,Female,0
128,1,42,137,Missing,White,70,Male,0
128,Missing,50,143,1,Other,61,Male,0
124,Missing,68,198,1,Black,75,Female,0
120,1,51,201,Missing,White,46,Female,0
144,0,61,172,1,White,70,Male,0
127.3333333,Missing,117,236,Missing,Black,68,Female,0
123.3333333,Missing,54,242,Missing,Black,41,Female,0
145.3333333,0,68,220,0,Black,62,Male,0
112,1,51,229,0,White,63,Male,0
120,1,51,184,Missing,Black,48,Male,0
117,1,43,163,Missing,Black,53,Male,0
112.3333333,Missing,55,205,Missing,Other,74,Female,0
127.3333333,Missing,61,284,Missing,Other,41,Male,0
125,Missing,67,221,Missing,Black,61,Male,0
105,1,30,192,Missing,Other,53,Male,0
114.6666667,Missing,56,188,Missing,Black,40,Male,0
192.3333333,Missing,62,231,Missing,Other,54,Female,0
139.6666667,Missing,42,189,Missing,Other,69,Female,0
125,0,77,222,0,White,55,Female,0
94.66666667,Missing,80,194,Missing,Black,50,Female,0
136.6666667,0,89,184,Missing,White,45,Female,0
115.3333333,Missing,37,224,Missing,White,43,Male,0
116,1,53,206,Missing,White,68,Female,0
102,0,77,174,1,White,55,Female,0
161.6666667,Missing,48,207,Missing,Other,44,Male,0
110,1,28,192,Missing,Other,57,Male,0
127.6666667,0,58,179,1,Black,73,Male,0
174.6666667,Missing,62,165,Missing,Black,52,Female,0
124.6666667,1,31,135,0,White,48,Female,0
151.6666667,0,46,220,Missing,Other,52,Male,0
121.3333333,Missing,51,164,Missing,Black,45,Male,0
118.6666667,0,43,193,Missing,Other,63,Female,0
128,1,48,126,0,Black,58,Male,0
122,0,53,268,0,White,49,Male,0
129.3333333,Missing,72,210,1,White,78,Female,0
123.6666667,Missing,41,149,1,Other,65,Female,0
143.3333333,1,51,162,Missing,Black,79,Male,0
127,Missing,51,142,1,White,58,Male,0
128,Missing,35,159,1,White,41,Male,0
140,1,72,197,Missing,White,43,Female,0
122.6666667,Missing,72,167,Missing,Other,44,Female,0
107.6666667,Missing,44,189,Missing,White,72,Male,0
109.3333333,1,86,181,1,Black,65,Male,0
112.6666667,Missing,59,194,Missing,Black,41,Female,0
96.66666667,0,61,224,Missing,White,66,Female,0
128,1,48,126,0,Black,58,Male,0
141.3333333,Missing,34,172,1,Other,68,Male,0
151.6666667,0,46,220,Missing,Other,52,Male,0
166.6666667,Missing,80,184,1,Other,75,Female,0
108.3333333,Missing,58,178,Missing,Black,45,Male,0
110.3333333,1,41,194,Missing,White,73,Female,0
155,0,30,193,Missing,White,69,Male,0
135,0,47,236,Missing,Other,52,Male,0
110.6666667,Missing,78,150,1,White,70,Female,0
136.3333333,Missing,51,176,Missing,Other,77,Male,0
135,Missing,81,209,Missing,White,63,Female,0
114.3333333,Missing,46,164,1,Black,62,Female,0
107.3333333,0,56,186,Missing,White,48,Female,0
149.6666667,1,30,178,Missing,Black,57,Male,0
96.66666667,1,60,178,1,Black,60,Male,0
126.6666667,Missing,66,209,1,Other,70,Female,0
109.3333333,Missing,52,190,Missing,Other,42,Female,0
115.6666667,Missing,78,209,Missing,White,66,Female,0
118.6666667,Missing,48,168,Missing,White,48,Female,0
108.6666667,Missing,57,141,Missing,Black,47,Female,0
149,Missing,34,269,Missing,Other,60,Male,0
178.6666667,0,51,281,0,Other,69,Male,0
138,1,51,216,Missing,Other,57,Female,0
109.3333333,Missing,42,191,Missing,Other,43,Female,0
136.3333333,Missing,51,176,Missing,Other,77,Male,0
131,Missing,63,160,Missing,Black,41,Female,0
117,Missing,65,200,Missing,White,41,Male,0
129.6666667,Missing,57,146,Missing,White,74,Female,0
99,0,72,210,Missing,White,55,Female,0
127.6666667,1,36,212,1,Black,52,Male,0
116.6666667,0,48,177,Missing,Other,78,Male,0
133.3333333,Missing,50,190,Missing,Black,46,Male,0
124,Missing,48,226,Missing,Other,41,Female,0
119,Missing,60,191,Missing,White,40,Male,0
127.6666667,Missing,37,177,Missing,Other,50,Female,0
112,Missing,47,251,1,White,74,Female,0
120,Missing,43,142,Missing,Black,46,Male,0
121.6666667,1,27,159,Missing,Other,59,Female,0
110.3333333,Missing,40,232,Missing,White,46,Male,0
133.3333333,0,40,152,1,Other,69,Male,0
115,Missing,29,194,Missing,Other,61,Male,0
129,Missing,52,235,1,White,52,Female,0
117.3333333,Missing,39,381,Missing,Other,47,Female,0
139.3333333,1,63,153,Missing,White,53,Female,0
111,Missing,53,133,1,Black,63,Female,0
131.6666667,Missing,71,256,1,Black,61,Female,0
134.6666667,1,58,269,1,Black,48,Female,0
143.6666667,Missing,43,164,1,Other,64,Female,0
146,Missing,59,225,1,White,62,Female,0
147.3333333,1,86,160,Missing,Black,67,Female,0
109.6666667,Missing,50,197,Missing,White,43,Male,0
133.6666667,Missing,45,203,1,Black,45,Female,0
144,Missing,73,212,Missing,Black,50,Female,0
110,Missing,43,166,0,White,46,Male,0
100.6666667,0,52,264,Missing,White,55,Female,0
149.6666667,0,52,185,1,Black,55,Male,0
108.3333333,Missing,56,143,Missing,Other,55,Male,0
154.3333333,Missing,53,189,1,Black,51,Male,0
98.66666667,Missing,64,211,Missing,Other,49,Female,0
146,Missing,41,174,Missing,Other,52,Male,0
103.6666667,0,58,163,Missing,White,44,Female,0
104.3333333,0,56,178,1,Black,64,Female,0
163.6666667,0,64,167,Missing,Other,70,Male,0
128.3333333,1,55,316,1,Black,58,Female,0
108.3333333,Missing,53,244,Missing,Other,71,Female,0
138.6666667,0,41,178,Missing,Black,65,Male,0
125.6666667,Missing,51,199,Missing,White,70,Male,0
97,0,38,242,Missing,White,44,Male,0
122.6666667,1,66,171,Missing,Black,60,Male,0
125,Missing,59,160,Missing,Other,63,Female,0
148,Missing,42,231,Missing,Other,48,Male,0
159.3333333,Missing,48,196,Missing,Black,68,Male,0
125,0,72,198,Missing,Other,64,Male,0
122,Missing,67,176,1,Black,42,Female,0
124.3333333,Missing,64,142,Missing,Black,63,Female,0
122,Missing,37,177,Missing,White,45,Female,0
127,Missing,107,184,Missing,White,60,Male,0
105,Missing,47,141,Missing,Black,40,Female,0
154.3333333,Missing,61,233,Missing,Other,59,Female,0
123,Missing,81,193,1,Black,70,Male,0
120,1,43,176,0,White,49,Female,0
129.3333333,Missing,37,171,Missing,Other,64,Female,0
130.6666667,Missing,44,139,Missing,Black,56,Female,0
153.3333333,Missing,54,189,Missing,White,74,Female,0
112.6666667,Missing,64,128,1,White,79,Female,0
120.6666667,Missing,66,180,Missing,White,60,Male,0
150,0,52,180,1,White,78,Female,0
103.6666667,1,46,135,1,White,57,Male,0
123,Missing,95,199,Missing,White,71,Female,0
161.3333333,0,72,209,Missing,Other,67,Female,0
139.3333333,Missing,73,187,1,Black,51,Female,0
103.3333333,Missing,48,214,Missing,Other,56,Male,0
136.6666667,0,46,169,1,Other,51,Male,0
143.3333333,0,52,209,Missing,Other,56,Male,0
125.6666667,Missing,74,173,1,Other,56,Female,0
148.3333333,1,40,150,Missing,Other,62,Male,0
115.6666667,0,41,187,Missing,White,54,Male,0
107,0,46,186,Missing,Other,58,Male,0
122.6666667,Missing,69,248,Missing,White,48,Male,0
156,Missing,69,217,1,Black,76,Female,0
108.3333333,Missing,51,229,Missing,Other,42,Female,0
110,1,48,218,Missing,White,40,Female,0
124.3333333,0,62,124,1,White,62,Female,0
126,Missing,43,157,Missing,Other,61,Male,0
106,Missing,55,185,Missing,Other,62,Female,0
116,Missing,34,166,1,Other,63,Male,0
120,1,41,209,Missing,Other,52,Male,0
125.6666667,1,102,260,Missing,White,69,Female,0
158,Missing,57,220,1,Black,70,Female,0
129.6666667,Missing,56,229,Missing,White,48,Female,0
129.6666667,Missing,50,214,1,Other,55,Male,0
135.6666667,0,54,180,1,Black,69,Male,0
107.3333333,1,34,140,Missing,White,45,Male,0
126,0,42,193,Missing,Other,71,Male,0
99.66666667,0,88,176,Missing,Black,53,Female,0
129.3333333,Missing,44,277,Missing,Other,41,Male,0
118.6666667,0,85,208,Missing,Other,48,Female,0
132,Missing,69,172,Missing,Other,62,Female,0
107.3333333,Missing,42,188,Missing,Other,42,Female,0
119,Missing,77,290,1,Black,67,Female,0
101.3333333,1,66,167,Missing,Black,71,Male,0
127,Missing,38,193,Missing,Other,48,Male,0
147.3333333,Missing,56,222,1,Black,56,Female,0
122,1,63,168,1,White,59,Female,0
118.3333333,Missing,58,159,Missing,Other,60,Female,0
133.3333333,Missing,82,237,Missing,Black,61,Female,0
107.3333333,0,56,172,Missing,Other,51,Female,0
149.3333333,Missing,48,225,Missing,Other,70,Male,0
108,0,47,197,Missing,Black,42,Male,0
165,Missing,81,209,1,Black,43,Female,0
131.3333333,0,81,203,Missing,White,69,Female,0
151,1,70,190,Missing,Other,64,Male,0
107.6666667,0,41,118,Missing,White,71,Male,0
142,Missing,70,248,Missing,Other,66,Female,0
139.3333333,0,54,251,Missing,Other,52,Male,0
150.3333333,Missing,60,198,Missing,Black,45,Male,0
108.6666667,Missing,60,155,Missing,White,61,Female,0
133.6666667,Missing,47,214,Missing,Black,43,Male,0
150.6666667,Missing,40,133,1,Other,72,Female,0
117.3333333,Missing,45,150,Missing,White,40,Male,0
122,1,23,230,1,Other,57,Male,0
157.3333333,1,63,147,Missing,Black,63,Female,0
136.6666667,Missing,36,179,Missing,Other,56,Male,0
117.6666667,Missing,52,167,Missing,White,45,Female,0
137,Missing,39,145,Missing,Black,53,Male,0
137.6666667,1,45,161,Missing,Black,50,Female,0
106.3333333,0,68,181,Missing,Other,63,Female,0
131.3333333,Missing,45,198,Missing,Other,49,Male,0
109,Missing,54,239,Missing,Other,44,Female,0
91.33333333,Missing,45,164,1,Black,41,Female,0
122.3333333,Missing,49,203,Missing,Other,68,Male,0
154.3333333,0,52,172,Missing,Black,77,Male,0
127,Missing,42,185,1,Other,49,Male,0
148.3333333,0,54,245,1,White,64,Male,0
126.3333333,Missing,60,227,1,Other,62,Male,0
124.6666667,1,51,262,Missing,White,45,Male,0
100,Missing,89,283,Missing,Other,61,Female,0
123.6666667,1,89,239,Missing,Other,55,Female,0
134.3333333,1,64,137,Missing,White,57,Female,0
112.3333333,1,42,165,Missing,White,49,Male,0
144.3333333,1,37,129,Missing,Black,55,Male,0
121.3333333,Missing,60,256,Missing,Other,40,Male,0
113,1,56,194,1,Black,55,Male,0
97,0,57,175,Missing,White,56,Female,0
163,Missing,55,151,1,White,66,Male,0
118.6666667,Missing,46,215,Missing,Other,40,Male,0
129,Missing,141,219,1,Black,54,Female,0
126.6666667,0,52,270,1,White,67,Female,0
125.3333333,Missing,62,167,Missing,Black,58,Female,0
131.6666667,Missing,51,229,1,Other,59,Female,0
115.3333333,Missing,58,203,Missing,Other,58,Female,0
175,Missing,54,133,1,Black,78,Female,0
108.6666667,Missing,37,96,1,White,65,Male,0
98.66666667,Missing,64,211,Missing,Other,49,Female,0
142,Missing,81,207,1,Other,41,Female,0
110.6666667,Missing,55,202,Missing,White,40,Female,0
149,0,44,183,Missing,Other,63,Male,0
92,Missing,45,145,1,White,66,Male,0
124.6666667,0,34,205,1,Black,52,Female,0
129.6666667,Missing,72,217,1,Black,49,Female,0
127.3333333,1,41,240,Missing,White,53,Male,0
112,Missing,36,143,1,Black,45,Male,0
104,Missing,48,158,Missing,Other,47,Male,0
127.3333333,Missing,33,220,Missing,Other,43,Female,0
129.6666667,1,32,103,1,Other,70,Male,0
126.3333333,1,84,232,Missing,Black,45,Female,0
130,0,46,210,0,Other,52,Female,0
130,Missing,48,207,Missing,Other,69,Male,0
144.6666667,1,36,123,1,Other,65,Male,0
142.6666667,0,57,195,1,Black,46,Female,0
80.33333333,Missing,63,191,Missing,Other,41,Female,0
119,0,65,155,1,Other,53,Male,0
112,1,42,235,Missing,Other,55,Female,0
134.3333333,0,53,233,1,Other,64,Female,0
140.3333333,0,58,255,Missing,Other,73,Male,0
115.3333333,0,61,178,1,Black,61,Female,0
107.6666667,0,66,216,1,White,69,Female,0
110,Missing,40,111,Missing,Black,57,Male,0
134.6666667,0,32,224,Missing,Other,42,Male,0
137.3333333,0,48,206,1,White,72,Female,0
130,Missing,57,249,Missing,Other,54,Male,0
171.3333333,Missing,64,238,0,Black,60,Female,0
107.3333333,Missing,68,167,Missing,Black,50,Male,0
96.66666667,Missing,80,185,Missing,White,57,Female,0
144,0,41,168,1,White,57,Male,0
132.6666667,Missing,47,229,1,Black,60,Male,0
126,0,42,193,Missing,Other,71,Male,0
127.3333333,Missing,91,212,Missing,Other,50,Female,0
160.3333333,1,45,236,Missing,White,79,Male,0
120.6666667,Missing,66,180,Missing,White,60,Male,0
144.3333333,Missing,56,235,Missing,Black,55,Female,0
97,Missing,71,210,Missing,Other,50,Female,0
149.3333333,1,52,200,Missing,Other,62,Male,0
160.6666667,0,53,206,Missing,Black,65,Female,0
162.6666667,Missing,66,151,1,Other,67,Female,0
120,1,51,201,Missing,White,46,Female,0
111.3333333,Missing,45,278,Missing,White,61,Male,0
132.6666667,Missing,48,180,1,Black,78,Female,0
179.6666667,Missing,51,227,1,Black,71,Female,0
121.6666667,Missing,90,188,1,Other,45,Female,0
144.6666667,0,38,188,1,White,77,Male,0
104.6666667,Missing,45,172,Missing,Other,52,Female,0
156,Missing,64,152,0,White,78,Female,0
145.3333333,Missing,50,180,1,Other,48,Male,0
104,0,58,178,1,White,52,Female,0
169.3333333,0,54,278,Missing,Black,69,Male,0
120,1,43,176,0,White,49,Female,0
136,0,52,179,1,Other,73,Female,0
104.3333333,Missing,54,163,Missing,Other,40,Female,0
118.6666667,Missing,46,215,Missing,Other,40,Male,0
154.3333333,Missing,54,191,1,White,54,Female,0
145.6666667,Missing,51,216,Missing,White,77,Female,0
109.6666667,Missing,42,202,Missing,Other,40,Male,0
131.3333333,1,71,174,1,Other,54,Female,0
130.6666667,Missing,80,253,Missing,White,69,Female,0
140,Missing,42,162,Missing,Black,42,Male,0
131.3333333,1,43,184,Missing,White,43,Male,0
167.3333333,Missing,47,107,1,Other,75,Male,0
135.3333333,0,65,178,Missing,Black,59,Male,0
139,0,61,136,1,Black,65,Female,0
99,0,61,223,Missing,Black,58,Male,0
141.3333333,Missing,36,187,1,White,60,Female,0
113.3333333,Missing,43,181,Missing,Other,58,Female,0
116,0,34,244,Missing,Other,42,Male,0
132,1,53,195,Missing,Other,44,Male,0
152,0,67,180,Missing,Other,61,Male,0
119.6666667,Missing,102,131,1,White,70,Female,0
112,Missing,47,251,1,White,74,Female,0
130.6666667,Missing,106,260,Missing,Other,64,Female,0
88.33333333,0,39,155,1,Other,65,Male,0
105,0,66,164,1,Black,77,Female,0
99.33333333,1,67,163,Missing,White,46,Female,0
118.3333333,Missing,67,183,Missing,Other,51,Female,0
100.6666667,Missing,44,164,0,Black,59,Male,0
124.3333333,0,49,202,1,Other,61,Male,0
117.3333333,1,81,158,Missing,Black,59,Male,0
103.6666667,0,58,163,Missing,White,44,Female,0
123.6666667,1,40,182,Missing,Black,53,Male,0
107.6666667,Missing,31,169,Missing,White,51,Male,0
117,Missing,66,138,1,White,70,Female,0
157.6666667,Missing,67,312,1,Black,75,Female,0
119,0,44,226,Missing,White,49,Male,0
124,Missing,68,213,Missing,White,51,Female,0
117,Missing,72,222,Missing,Other,74,Male,0
100,Missing,89,283,Missing,Other,61,Female,0
150.6666667,Missing,51,139,1,Other,63,Female,0
110,0,41,163,Missing,White,47,Male,0
136.6666667,Missing,35,120,1,Other,58,Male,0
122.6666667,Missing,72,167,Missing,Other,44,Female,0
213.3333333,1,42,171,0,Black,63,Male,0
96,Missing,80,185,Missing,Other,43,Female,0
111.6666667,Missing,71,230,Missing,White,55,Female,0
140,0,67,203,Missing,Black,52,Male,0
107.6666667,1,67,278,Missing,Other,53,Female,0
108,Missing,34,228,Missing,White,47,Male,0
111,0,54,225,1,White,49,Female,0
113.3333333,Missing,66,211,Missing,White,44,Female,0
125.6666667,Missing,32,169,Missing,White,66,Male,0
110,Missing,52,207,Missing,White,55,Male,0
146.6666667,Missing,88,204,Missing,Black,57,Female,0
117.6666667,0,58,158,1,Other,69,Male,0
108.6666667,Missing,33,180,1,White,57,Male,0
148.3333333,Missing,56,178,Missing,White,73,Female,0
103.6666667,Missing,65,151,Missing,Other,41,Female,0
150,Missing,38,194,Missing,Other,42,Male,0
122.6666667,0,49,221,Missing,White,42,Female,0
103.3333333,Missing,67,185,Missing,White,55,Female,0
102.6666667,0,53,176,Missing,Other,48,Female,0
105.3333333,1,46,175,Missing,White,42,Male,0
111.6666667,Missing,52,183,Missing,White,48,Female,0
130.3333333,Missing,35,166,0,Other,58,Female,0
125.3333333,Missing,77,207,0,White,56,Female,0
135.3333333,0,64,191,Missing,Other,63,Male,0
112.6666667,0,71,164,Missing,Other,49,Female,0
166.6666667,Missing,87,225,1,Black,55,Female,0
100.6666667,0,54,199,Missing,Other,47,Female,0
148,Missing,52,191,1,Other,61,Female,0
126,Missing,63,273,Missing,Other,41,Male,0
155.3333333,Missing,47,260,1,Black,60,Male,0
129,Missing,39,151,Missing,Other,61,Female,0
189,0,64,129,Missing,White,78,Male,0
123,0,38,179,Missing,Other,63,Male,0
132,1,77,175,1,White,71,Female,0
112,1,45,177,Missing,Black,50,Male,0
122.3333333,Missing,36,173,Missing,White,45,Male,0
123.3333333,Missing,41,193,Missing,Other,40,Male,0
159.6666667,Missing,64,176,Missing,Black,58,Female,0
108.6666667,Missing,72,145,Missing,Other,40,Female,0
155.3333333,Missing,49,153,1,Other,75,Female,0
157.6666667,Missing,62,186,1,Other,64,Female,0
151.6666667,0,58,287,Missing,White,64,Female,0
140.3333333,Missing,47,252,1,Black,48,Female,0
116.6666667,Missing,55,213,Missing,Other,42,Male,0
125.3333333,0,61,143,0,White,59,Female,0
125.6666667,1,53,263,Missing,Other,47,Male,0
188,1,82,248,1,Black,71,Female,0
150.3333333,1,42,169,1,Black,62,Male,0
146.6666667,Missing,57,255,Missing,Other,53,Female,0
127.6666667,0,58,179,1,Black,73,Male,0
113.6666667,Missing,65,171,Missing,White,45,Female,0
108.3333333,0,54,155,Missing,Other,65,Female,0
86.33333333,Missing,80,248,Missing,Other,41,Female,0
104,0,147,354,1,Other,52,Male,0
128.6666667,Missing,60,222,1,Other,60,Male,0
134,0,60,183,1,Black,71,Male,0
130.3333333,Missing,46,163,Missing,White,66,Male,0
114.6666667,Missing,43,183,Missing,Other,55,Female,0
163.6666667,0,64,167,Missing,Other,70,Male,0
199,1,18,128,Missing,Black,61,Female,0
128.6666667,Missing,60,222,1,Other,60,Male,0
126.3333333,1,48,180,1,Other,51,Male,0
99.66666667,0,88,176,Missing,Black,53,Female,0
119.6666667,Missing,53,209,1,Other,54,Female,0
153.6666667,1,57,219,1,Other,64,Female,0
108.6666667,Missing,63,160,Missing,Other,51,Female,0
150.6666667,1,42,172,0,Other,64,Male,0
133.6666667,0,31,167,Missing,Other,56,Male,0
133.6666667,1,32,231,Missing,White,52,Male,0
125.3333333,Missing,33,117,Missing,Other,52,Male,0
160.6666667,1,66,175,Missing,Black,48,Female,0
127,0,51,189,Missing,White,60,Male,0
103.6666667,1,46,135,1,White,57,Male,0
117.6666667,0,38,253,Missing,Other,53,Male,0
165,Missing,94,312,1,Other,69,Female,0
116,Missing,49,179,Missing,Other,43,Male,0
119.3333333,Missing,70,238,Missing,White,43,Female,0
143,0,65,215,0,Other,55,Female,0
173.3333333,Missing,62,185,1,Black,69,Female,0
149.6666667,0,43,159,1,Black,63,Female,0
128,1,40,160,Missing,Black,57,Male,0
107.3333333,0,56,186,Missing,White,48,Female,0
111.3333333,Missing,45,278,Missing,White,61,Male,0
154.6666667,Missing,40,198,Missing,White,46,Male,0
106,Missing,56,145,1,Other,70,Female,0
124,Missing,62,171,Missing,Black,63,Female,0
132.3333333,1,32,136,1,Black,60,Female,0
110.6666667,Missing,69,199,1,Other,56,Female,0
127,0,114,221,1,Black,69,Female,0
125.3333333,Missing,33,117,Missing,Other,52,Male,0
108.3333333,0,81,203,1,White,62,Female,0
125.3333333,0,35,206,Missing,Other,42,Male,0
121,0,54,158,1,Black,77,Male,0
116.6666667,Missing,42,162,1,White,63,Male,0
106,Missing,36,217,1,White,41,Female,0
138.6666667,0,52,206,Missing,White,46,Male,0
138.3333333,Missing,75,175,1,Black,68,Female,0
152.3333333,0,66,191,Missing,Other,43,Male,0
130,Missing,67,216,Missing,Other,55,Male,0
122,0,58,173,1,White,60,Female,0
146,1,37,125,Missing,White,54,Male,0
148.3333333,1,54,228,Missing,White,64,Female,0
97,0,38,242,Missing,White,44,Male,0
113,Missing,63,196,Missing,White,71,Female,0
119.3333333,Missing,84,214,Missing,Other,40,Female,0
129.6666667,Missing,68,170,Missing,White,64,Male,0
133,Missing,63,228,Missing,White,78,Female,0
133,0,45,240,Missing,Other,43,Female,0
119.6666667,Missing,44,179,Missing,White,60,Male,0
103.3333333,0,62,234,1,Other,49,Female,0
134.6666667,0,57,257,1,Other,68,Female,0
131.6666667,Missing,36,226,Missing,White,65,Male,0
129.6666667,Missing,56,152,Missing,Other,44,Female,0
99,Missing,41,282,Missing,White,74,Female,0
108,1,43,109,1,Black,56,Female,0
122,Missing,61,170,Missing,Other,55,Male,0
122.3333333,1,60,169,Missing,White,50,Male,0
115.3333333,Missing,63,182,Missing,White,75,Female,0
108.3333333,1,70,206,Missing,White,48,Female,0
126.3333333,1,48,180,1,Other,51,Male,0
124,Missing,44,166,Missing,Other,46,Female,0
122.6666667,Missing,54,252,Missing,Other,41,Male,0
108.6666667,Missing,57,141,Missing,Black,47,Female,0
137.6666667,0,49,129,Missing,Other,66,Male,0
122.3333333,Missing,46,165,1,Other,47,Male,0
110.3333333,0,61,185,Missing,White,59,Female,0
109,Missing,36,201,1,Other,45,Male,0
128,Missing,85,185,1,Black,59,Female,0
138.3333333,Missing,53,150,1,White,73,Male,0
149,Missing,56,194,Missing,Black,74,Female,0
124.3333333,Missing,44,173,Missing,White,46,Female,0
136.3333333,1,29,130,Missing,White,70,Male,0
113.3333333,Missing,81,169,Missing,Black,41,Female,0
117.6666667,Missing,52,163,Missing,Black,52,Male,0
137.6666667,0,81,162,1,White,72,Male,0
117.3333333,Missing,71,185,Missing,White,63,Female,0
137.3333333,Missing,64,251,Missing,Other,56,Male,0
103,Missing,56,204,Missing,Other,41,Female,0
140.3333333,Missing,45,207,0,White,50,Female,0
125.3333333,Missing,26,229,0,White,40,Male,0
122.6666667,Missing,35,209,Missing,Black,43,Female,0
147,1,55,204,1,Black,55,Male,0
138,1,72,191,1,Other,56,Male,0
111.6666667,Missing,45,234,1,Other,60,Male,0
103.6666667,1,30,161,Missing,White,58,Male,0
134.6666667,0,64,264,Missing,White,58,Female,0
111,0,55,197,Missing,White,55,Female,0
118.3333333,Missing,74,221,Missing,Other,53,Female,0
125.6666667,0,58,208,Missing,Other,61,Male,0
111.6666667,Missing,49,278,Missing,Other,51,Female,0
111,0,55,197,Missing,White,55,Female,0
119.6666667,Missing,41,195,Missing,White,57,Female,0
137.3333333,Missing,29,164,Missing,Other,54,Male,0
106.6666667,0,50,210,Missing,White,49,Female,0
103.6666667,Missing,65,200,Missing,White,61,Female,0
124.6666667,0,42,221,Missing,White,60,Female,0
103,1,44,103,0,Black,58,Male,0
95.66666667,Missing,59,212,Missing,Black,42,Female,0
110.6666667,Missing,41,166,Missing,Other,56,Female,0
114,0,66,215,Missing,Other,40,Female,0
125.3333333,Missing,53,156,1,White,69,Female,0
154.6666667,1,101,209,0,Black,65,Male,0
141.3333333,1,54,131,1,White,60,Male,0
130.6666667,Missing,69,190,1,Black,54,Female,0
128,1,44,216,Missing,White,46,Male,0
111.3333333,0,60,184,Missing,Other,65,Male,0
160.3333333,0,68,255,1,Other,77,Male,0
117,Missing,49,140,Missing,Other,45,Male,0
118,Missing,45,231,0,Other,48,Male,0
120.3333333,0,49,127,1,Black,56,Female,0
109.6666667,Missing,53,194,1,White,76,Female,0
120.3333333,0,46,213,Missing,Other,49,Male,0
122,Missing,52,230,Missing,Black,42,Female,0
122.6666667,1,66,171,Missing,Black,60,Male,0
121.3333333,1,52,169,Missing,Other,43,Male,0
108,Missing,56,163,Missing,Other,41,Female,0
136.6666667,0,46,169,1,Other,51,Male,0
144.6666667,Missing,31,191,Missing,Black,46,Male,0
119.3333333,Missing,36,172,1,Other,48,Male,0
142.3333333,Missing,50,195,Missing,Other,42,Female,0
96.66666667,Missing,80,185,Missing,White,57,Female,0
127.6666667,0,47,157,Missing,White,52,Male,0
154.3333333,Missing,54,177,Missing,White,73,Female,0
119,0,70,164,Missing,White,77,Female,0
119,Missing,58,189,Missing,White,73,Female,0
120,0,66,225,Missing,Other,47,Female,0
133.6666667,0,54,167,1,White,71,Male,0
133.3333333,0,55,157,Missing,White,68,Male,0
119.3333333,Missing,84,214,Missing,Other,40,Female,0
114,0,50,175,Missing,Other,43,Female,0
120,0,45,147,1,Black,59,Male,0
104,Missing,42,160,Missing,Black,40,Female,0
163.3333333,Missing,45,175,Missing,Other,79,Female,0
136,Missing,49,189,1,Other,61,Male,0
140.6666667,Missing,66,153,1,White,61,Female,0
140.3333333,Missing,32,153,1,Black,65,Female,0
127,0,45,145,Missing,White,74,Male,0
137.6666667,Missing,93,242,0,White,56,Female,0
117.6666667,Missing,50,241,Missing,Other,49,Female,0
100.6666667,Missing,44,164,0,Black,59,Male,0
117.6666667,0,72,170,Missing,White,42,Female,0
137.6666667,1,61,239,Missing,Other,54,Female,0
163.6666667,Missing,70,265,1,White,59,Male,0
101.6666667,0,56,175,Missing,Other,63,Female,0
132,0,33,192,0,White,43,Male,0
130.3333333,Missing,35,166,0,Other,58,Female,0
109.6666667,Missing,78,184,Missing,White,60,Female,0
151,1,42,270,1,Black,61,Female,0
123.3333333,Missing,73,191,Missing,Other,52,Female,0
112.3333333,Missing,42,179,1,Black,62,Male,0
131,0,49,220,0,Other,56,Male,0
108.6666667,Missing,63,138,Missing,Other,41,Female,0
125,0,42,137,0,White,72,Male,0
137.3333333,Missing,37,226,Missing,Other,47,Male,0
122.3333333,Missing,72,187,Missing,White,64,Female,0
136,Missing,68,238,1,Other,56,Female,0
142.3333333,Missing,50,195,Missing,Other,42,Female,0
145.6666667,1,43,161,0,Black,42,Male,0
164.3333333,0,58,161,1,Black,71,Male,0
134.3333333,Missing,66,181,1,White,53,Female,0
111,Missing,57,191,Missing,Other,58,Female,0
100.6666667,Missing,44,175,Missing,Other,50,Female,0
150,1,39,179,Missing,Other,58,Male,0
120,0,66,225,Missing,Other,47,Female,0
121.6666667,1,38,219,Missing,White,55,Male,0
128.6666667,Missing,52,167,Missing,Other,43,Male,0
121.6666667,1,51,259,Missing,Other,57,Male,0
145.6666667,0,58,181,Missing,Black,53,Male,0
152.6666667,Missing,76,193,1,White,60,Female,0
147.6666667,Missing,78,155,1,White,70,Female,0
133.3333333,0,41,185,Missing,White,64,Male,0
137,Missing,60,169,1,Black,43,Female,0
124.3333333,0,84,164,1,Other,76,Male,0
99.33333333,1,67,163,Missing,White,46,Female,0
112.3333333,0,54,281,Missing,Black,42,Female,0
118.3333333,Missing,38,164,0,Other,40,Female,0
118,Missing,65,247,Missing,Other,64,Male,0
120,Missing,50,214,Missing,White,42,Female,0
105,Missing,47,141,Missing,Black,40,Female,0
127,1,58,209,1,White,51,Male,0
112.3333333,Missing,33,116,1,Other,71,Female,0
129.3333333,Missing,32,202,Missing,Black,42,Male,0
124.3333333,0,35,200,Missing,Other,44,Male,0
97.33333333,Missing,70,180,Missing,White,47,Female,0
176,1,52,213,1,Black,71,Male,0
140.6666667,Missing,66,153,1,White,61,Female,0
129.3333333,Missing,66,243,1,White,53,Male,0
122.6666667,Missing,66,139,Missing,Other,42,Male,0
166.3333333,1,47,124,1,Other,42,Male,0
127.3333333,1,73,255,1,Other,50,Male,0
159,0,48,154,Missing,Black,45,Male,0
89.66666667,1,43,116,1,White,67,Female,0
146,0,43,197,Missing,Other,53,Male,0
119.3333333,1,55,195,1,Other,44,Female,0
117.6666667,0,51,205,Missing,Other,62,Male,0
131.3333333,Missing,57,221,Missing,White,63,Female,0
130,Missing,57,249,Missing,Other,54,Male,0
116,Missing,94,216,0,White,65,Female,0
131,Missing,43,178,Missing,Black,51,Female,0
143.6666667,Missing,45,171,Missing,Other,48,Female,0
108.3333333,0,85,157,Missing,White,58,Female,0
120,Missing,51,178,Missing,Black,48,Female,0
125,1,53,251,Missing,Black,65,Male,0
134,Missing,52,175,Missing,Other,67,Male,0
109.3333333,Missing,42,229,Missing,Black,64,Female,0
96.66666667,1,67,177,Missing,Black,54,Male,0
147.6666667,0,46,201,Missing,Black,49,Male,0
108.3333333,1,54,186,1,Black,71,Female,0
152.6666667,1,54,146,1,Black,64,Male,0
154.6666667,1,80,206,Missing,Other,46,Male,0
114.3333333,0,54,174,Missing,Black,45,Male,0
115.6666667,1,178,251,Missing,Other,46,Female,0
121,0,57,242,1,Black,63,Male,0
144.3333333,Missing,56,235,Missing,Black,55,Female,0
129,Missing,35,185,Missing,Other,70,Female,0
131,Missing,56,213,Missing,Other,61,Female,0
111,0,59,178,Missing,Other,52,Male,0
112,Missing,71,284,Missing,Other,72,Female,0
152,0,43,154,1,White,68,Male,0
130.6666667,0,43,198,Missing,Other,73,Male,0
129.6666667,Missing,41,189,Missing,Black,47,Male,0
138.3333333,Missing,67,172,Missing,Other,44,Female,0
113.3333333,1,33,166,Missing,White,52,Female,0
133.6666667,Missing,94,196,Missing,Black,42,Male,0
123.3333333,Missing,56,224,Missing,Other,68,Female,0
116.6666667,Missing,42,162,1,White,63,Male,0
108.3333333,Missing,65,167,Missing,White,59,Male,0
147.6666667,Missing,37,229,Missing,Other,63,Male,0
125.6666667,Missing,51,199,Missing,White,70,Male,0
150.6666667,Missing,72,212,Missing,Other,64,Female,0
124.6666667,0,32,211,1,Black,69,Male,0
118.3333333,1,48,200,Missing,Other,45,Male,0
143.6666667,Missing,52,230,1,Other,45,Female,0
104,Missing,66,204,Missing,White,48,Female,0
170.3333333,0,42,177,Missing,Black,73,Female,0
112,Missing,41,238,Missing,White,56,Female,0
116.6666667,Missing,49,194,1,Other,66,Male,0
138,1,43,246,Missing,White,70,Female,0
129,Missing,60,186,Missing,Other,67,Male,0
100.3333333,1,27,125,1,Black,65,Male,0
134.6666667,1,58,269,1,Black,48,Female,0
138.3333333,Missing,137,276,Missing,Other,62,Female,0
131,1,39,179,Missing,White,43,Male,0
167.3333333,Missing,48,225,Missing,Other,62,Male,0
175.3333333,0,38,281,1,Black,69,Female,0
124.3333333,1,48,204,Missing,White,60,Female,0
152,1,39,192,1,White,70,Female,0
167,0,60,157,1,Black,66,Female,0
112,0,50,190,Missing,White,47,Male,0
108.6666667,Missing,62,186,Missing,White,53,Female,0
115,Missing,29,194,Missing,Other,61,Male,0
123.6666667,0,66,126,1,Other,71,Male,0
131,Missing,56,125,0,Black,40,Female,0
105,0,33,114,1,White,47,Male,0
137.3333333,Missing,29,164,Missing,Other,54,Male,0
119,Missing,76,213,Missing,White,71,Female,0
104,Missing,23,213,Missing,Other,46,Female,0
120.3333333,1,67,217,Missing,Other,48,Female,0
143.6666667,1,51,188,1,Black,69,Male,0
120,Missing,30,167,1,White,72,Male,0
116.3333333,0,46,197,Missing,White,50,Female,0
140,1,74,221,0,Other,52,Male,0
127.6666667,Missing,87,176,Missing,Black,48,Male,0
120,0,45,147,1,Black,59,Male,0
136.6666667,Missing,35,120,1,Other,58,Male,0
124,1,72,186,Missing,Black,69,Male,0
102,1,30,106,Missing,Other,73,Male,0
103,1,52,172,Missing,White,42,Female,0
184.6666667,Missing,62,178,1,White,72,Male,0
103,Missing,51,188,Missing,Other,43,Female,0
122,1,52,166,0,Black,57,Male,0
110.6666667,Missing,78,150,1,White,70,Female,0
110.3333333,Missing,32,211,Missing,Other,41,Male,0
131.6666667,0,66,213,Missing,Black,48,Male,0
117.3333333,Missing,51,200,Missing,White,41,Female,0
135,Missing,65,190,Missing,Black,62,Male,0
126.6666667,Missing,50,158,Missing,Other,79,Female,0
105,Missing,41,95,Missing,White,68,Male,0
114.3333333,0,40,160,1,White,76,Male,0
104,0,34,181,Missing,Other,57,Male,0
108.3333333,1,52,181,Missing,White,52,Male,0
108.3333333,Missing,38,180,Missing,Other,48,Male,0
131.3333333,1,88,171,Missing,Black,57,Male,0
149.6666667,1,80,208,1,Black,65,Male,0
148.6666667,Missing,51,199,1,Other,67,Male,0
129.3333333,Missing,43,162,Missing,Other,44,Female,0
107,Missing,52,195,Missing,Other,57,Female,0
122,0,93,215,Missing,White,58,Male,0
152,Missing,50,242,1,Other,78,Female,0
128.3333333,Missing,56,245,Missing,White,55,Female,0
148,0,42,281,Missing,Black,68,Male,0
155.3333333,Missing,70,250,Missing,Other,59,Female,0
108,1,57,234,Missing,White,51,Female,0
123.3333333,0,65,143,Missing,Black,72,Male,0
152.3333333,1,54,223,Missing,White,59,Male,0
109,1,82,291,1,Black,65,Female,0
124.3333333,1,48,204,Missing,White,60,Female,0
131,0,47,156,1,White,69,Female,0
140,0,62,244,Missing,Other,57,Male,0
141.6666667,0,57,190,Missing,Black,40,Female,0
146,1,90,164,Missing,Black,56,Male,0
123.3333333,Missing,43,184,Missing,Black,42,Female,0
112.6666667,0,52,273,Missing,White,44,Male,0
105.6666667,Missing,67,280,1,Black,45,Female,0
121.3333333,1,41,215,1,Black,67,Male,0
127.6666667,Missing,87,176,Missing,Black,48,Male,0
111.6666667,Missing,45,140,Missing,White,45,Female,0
133.6666667,1,45,226,Missing,White,42,Female,0
148.6666667,Missing,55,255,Missing,Black,61,Female,0
126.6666667,0,77,202,1,White,74,Male,0
122,Missing,48,169,Missing,White,44,Male,0
135,0,40,158,Missing,White,75,Female,0
108,Missing,50,139,Missing,White,54,Male,0
139.3333333,1,57,225,Missing,Other,53,Female,0
102.3333333,Missing,43,217,Missing,Other,57,Male,0
131.6666667,1,59,186,1,White,54,Female,0
126,Missing,46,174,Missing,Black,49,Male,0
129.6666667,Missing,57,146,Missing,White,74,Female,0
157.3333333,Missing,68,190,Missing,Black,49,Male,0
110.6666667,Missing,60,183,Missing,White,47,Female,0
129,0,59,295,Missing,Black,69,Female,0
142,1,38,118,1,Black,57,Male,0
114.6666667,Missing,78,212,Missing,Other,48,Female,0
133.3333333,0,41,185,Missing,White,64,Male,0
143.6666667,0,50,126,Missing,White,78,Male,0
115.3333333,0,96,136,Missing,Black,79,Male,0
109,Missing,36,136,Missing,Other,55,Male,0
107.3333333,Missing,46,153,Missing,Other,47,Female,0
124.6666667,0,41,171,1,White,64,Male,0
113,0,82,240,Missing,White,63,Female,0
132.3333333,Missing,91,236,1,Other,74,Female,0
113.6666667,Missing,44,171,1,Black,40,Female,0
128,Missing,57,215,Missing,White,59,Female,0
136,0,82,238,1,Black,51,Male,0
148.6666667,1,57,199,1,Black,65,Female,0
98,0,104,226,Missing,Other,57,Female,0
143.6666667,Missing,38,139,Missing,Black,65,Male,0
125.3333333,1,51,150,Missing,Black,63,Male,0
135.3333333,Missing,40,224,Missing,White,44,Male,0
144,Missing,61,178,1,Other,47,Female,0
148,0,42,281,Missing,Black,68,Male,0
120.3333333,Missing,69,189,Missing,Other,62,Female,0
106.6666667,1,42,232,Missing,White,40,Female,0
121,Missing,45,209,Missing,Black,60,Male,0
120.6666667,Missing,53,171,Missing,Other,40,Male,0
104.3333333,0,43,126,Missing,White,78,Male,0
158.3333333,Missing,53,171,1,Black,54,Male,0
126.3333333,0,54,283,Missing,White,46,Male,0
115.3333333,Missing,68,157,0,Other,48,Male,0
128,0,44,229,1,White,61,Male,0
140.6666667,0,67,204,1,Black,55,Female,0
124,Missing,52,212,Missing,Other,56,Male,0
149.3333333,0,53,234,Missing,Black,56,Male,0
147.3333333,0,38,222,1,Other,55,Male,0
119,Missing,60,191,Missing,White,40,Male,0
132,1,53,195,Missing,Other,44,Male,0
115.6666667,Missing,78,209,Missing,White,66,Female,0
131,Missing,56,125,0,Black,40,Female,0
121,Missing,40,227,Missing,Black,42,Female,0
119.3333333,Missing,85,195,Missing,Other,60,Female,0
128.6666667,1,60,163,1,White,59,Female,0
144,0,61,172,1,White,70,Male,0
138,0,41,178,0,Other,72,Male,0
134.6666667,1,71,215,1,White,52,Female,0
133,Missing,38,127,1,Black,64,Male,0
126,Missing,57,119,1,Black,44,Female,0
124.3333333,Missing,72,223,Missing,White,60,Female,0
127.3333333,0,37,162,1,Other,63,Female,0
133.6666667,1,75,259,Missing,White,53,Female,0
116.6666667,1,49,192,Missing,White,47,Female,0
120.6666667,Missing,53,171,Missing,Other,40,Male,0
149,Missing,81,177,Missing,White,77,Male,0
123.3333333,Missing,78,125,1,Other,50,Male,0
209.3333333,0,51,239,Missing,White,72,Male,0
105.3333333,0,58,189,1,Black,61,Female,0
176,0,41,133,1,Other,74,Female,0
115.3333333,Missing,56,183,1,White,46,Male,0
141.3333333,Missing,39,174,Missing,White,62,Male,0
116.6666667,Missing,59,141,Missing,Other,62,Female,0
135,Missing,81,209,Missing,White,63,Female,0
128.6666667,Missing,80,252,1,Black,41,Female,0
129.3333333,Missing,72,210,1,White,78,Female,0
113.6666667,Missing,49,226,Missing,Other,73,Female,0
101.6666667,Missing,58,174,Missing,White,47,Male,0
134,0,93,268,0,White,58,Female,0
89.33333333,Missing,37,150,Missing,Other,40,Female,0
132,Missing,41,259,Missing,Other,50,Male,0
113.3333333,Missing,57,174,1,Black,69,Female,0
130.3333333,0,46,186,1,Other,54,Male,0
112.3333333,Missing,42,179,1,Black,62,Male,0
145,Missing,56,218,Missing,Black,52,Male,0
122.3333333,0,47,246,Missing,White,55,Female,0
125.6666667,1,41,199,1,Black,55,Female,0
147,Missing,93,192,0,Black,51,Male,0
160.6666667,0,53,206,Missing,Black,65,Female,0
148.3333333,Missing,55,165,1,Black,61,Female,0
133,1,120,265,1,White,63,Female,0
122.3333333,0,47,246,Missing,White,55,Female,0
116.6666667,Missing,38,198,Missing,White,46,Male,0
132,0,49,265,1,Other,55,Female,0
115.3333333,Missing,57,182,1,Black,45,Female,0
97,0,57,175,Missing,White,56,Female,0
160.6666667,1,41,182,Missing,White,63,Male,0
139.3333333,1,57,225,Missing,Other,53,Female,0
97,0,56,194,Missing,Other,40,Female,0
123.3333333,Missing,78,125,1,Other,50,Male,0
115.3333333,Missing,95,197,1,White,58,Female,0
100,Missing,44,163,1,Other,45,Female,0
129,Missing,35,185,Missing,Other,70,Female,0
139.6666667,Missing,63,215,1,Other,67,Female,0
131,1,35,196,Missing,Black,47,Male,0
159,Missing,49,143,1,Other,60,Male,0
140.3333333,0,58,217,Missing,White,59,Female,0
140.3333333,0,48,211,Missing,Other,67,Male,0
112.3333333,Missing,73,146,1,White,56,Female,0
116.6666667,Missing,37,144,Missing,Other,44,Female,0
163,Missing,51,227,1,Other,55,Female,0
152.3333333,0,66,191,Missing,Other,43,Male,0
161,0,44,170,Missing,Black,66,Male,0
95,0,59,194,1,Black,76,Female,0
155,Missing,72,237,0,Black,75,Female,0
138.3333333,Missing,60,159,1,Black,63,Female,0
122.6666667,Missing,76,245,Missing,White,47,Male,0
127.3333333,0,38,222,Missing,White,40,Male,0
107.3333333,0,56,172,Missing,Other,51,Female,0
137.6666667,0,81,162,1,White,72,Male,0
190,Missing,47,275,0,Other,50,Female,0
111.6666667,0,53,120,Missing,White,67,Male,0
97.66666667,Missing,90,203,Missing,Other,64,Female,0
121.3333333,Missing,76,218,Missing,Other,53,Female,0
132,Missing,40,174,0,White,61,Male,0
135.6666667,0,57,193,Missing,White,74,Male,0
107.3333333,Missing,59,215,Missing,Other,43,Male,0
126.3333333,1,59,165,0,White,41,Male,0
118,1,31,198,1,White,64,Female,0
127.3333333,Missing,51,253,Missing,Black,64,Female,0
109.3333333,1,60,254,Missing,Other,48,Male,0
108.3333333,0,55,211,1,White,76,Female,0
115,Missing,52,234,Missing,Other,58,Female,0
140.3333333,Missing,32,153,1,Black,65,Female,0
146.6666667,0,48,238,1,White,72,Male,0
136.3333333,1,44,293,Missing,White,72,Female,0
124,0,67,195,Missing,White,67,Female,0
111.6666667,Missing,51,195,Missing,Other,45,Female,0
150.6666667,Missing,61,150,Missing,Black,46,Female,0
141,Missing,66,171,Missing,White,64,Female,0
145,Missing,56,183,Missing,Other,54,Female,0
124,Missing,68,213,Missing,White,51,Female,0
131,Missing,44,219,Missing,Other,62,Female,0
120.3333333,1,67,217,Missing,Other,48,Female,0
140,0,49,242,Missing,Other,47,Male,0
136.3333333,Missing,37,219,Missing,Other,64,Male,0
118,0,66,203,Missing,Other,58,Female,0
107,0,32,131,Missing,White,68,Male,0
102.6666667,1,53,234,0,White,63,Female,0
128,Missing,70,162,Missing,Other,40,Female,0
130,0,42,137,Missing,Other,52,Male,0
107.3333333,1,57,162,Missing,White,61,Female,0
190.3333333,Missing,85,226,Missing,White,79,Female,0
109.3333333,Missing,52,190,Missing,Other,42,Female,0
114,0,48,200,Missing,White,43,Male,0
106.6666667,0,41,176,Missing,Other,55,Male,0
104.6666667,1,25,164,Missing,Other,58,Male,0
93,Missing,55,178,Missing,Other,51,Female,0
109.6666667,Missing,61,147,Missing,White,71,Male,0
115,Missing,73,198,Missing,Black,47,Male,0
133.3333333,Missing,50,190,Missing,Black,46,Male,0
107,Missing,59,221,Missing,Other,44,Male,0
125,Missing,61,178,Missing,Other,40,Female,0
105.6666667,Missing,68,197,Missing,White,45,Female,0
92.66666667,Missing,42,221,1,White,52,Male,0
113.6666667,1,47,245,Missing,Other,53,Male,0
89,Missing,60,213,Missing,White,56,Female,0
116,0,41,278,1,Other,61,Male,0
127,Missing,62,164,Missing,Other,45,Female,0
110.6666667,Missing,38,197,Missing,Other,54,Female,0
132.6666667,0,40,151,Missing,Black,60,Male,0
149.3333333,1,52,200,Missing,Other,62,Male,0
137.6666667,1,61,239,Missing,Other,54,Female,0
121.6666667,0,52,229,1,Other,54,Male,0
145.3333333,1,48,237,Missing,Other,65,Female,0
129.6666667,Missing,39,173,Missing,White,59,Male,0
137,Missing,60,169,1,Black,43,Female,0
104.3333333,1,48,210,Missing,White,57,Female,0
128.6666667,1,54,128,Missing,Black,69,Male,0
120,0,48,165,Missing,Other,48,Female,0
110.6666667,Missing,65,297,Missing,White,45,Male,0
134,Missing,80,232,Missing,Black,63,Female,0
97.66666667,Missing,33,191,1,Other,65,Male,0
192.3333333,0,38,216,Missing,Other,52,Male,0
116.6666667,Missing,43,184,1,Other,66,Female,0
146,Missing,41,174,Missing,Other,52,Male,0
111.6666667,0,49,221,Missing,White,75,Male,0
96,Missing,72,228,Missing,White,47,Female,0
126,Missing,64,251,1,Black,44,Female,0
179.6666667,1,48,161,Missing,White,58,Male,0
113.6666667,Missing,54,167,Missing,Other,73,Female,0
122.6666667,1,42,149,1,White,45,Female,0
111,0,59,178,Missing,Other,52,Male,0
111,0,62,163,Missing,Other,45,Female,0
144.6666667,0,60,221,Missing,White,77,Female,0
80,Missing,59,196,Missing,Black,40,Male,0
150,0,63,157,0,White,41,Female,0
132,0,52,101,Missing,Black,70,Male,0
109.6666667,Missing,53,194,1,White,76,Female,0
142,Missing,60,177,1,Other,67,Female,0
141,Missing,66,171,Missing,White,64,Female,0
147.3333333,Missing,62,228,1,Other,68,Female,0
119.3333333,Missing,52,162,Missing,Other,42,Female,0
156.3333333,0,45,160,1,Other,78,Male,0
125.6666667,1,51,225,Missing,Black,56,Female,0
124,Missing,68,198,1,Black,75,Female,0
146.3333333,Missing,49,221,Missing,Other,45,Female,0
125.3333333,1,48,178,1,White,51,Female,0
144.3333333,Missing,52,217,Missing,Other,55,Female,0
143.3333333,Missing,68,204,1,Other,70,Female,0
128.3333333,Missing,44,173,1,White,69,Female,0
122.3333333,Missing,58,171,Missing,Other,43,Male,0
150.3333333,Missing,60,198,Missing,Black,45,Male,0
138.3333333,Missing,58,179,0,Other,44,Male,0
118.6666667,0,65,134,1,Black,64,Male,0
143,0,46,212,1,Other,66,Female,0
178,Missing,39,172,0,Other,67,Male,0
127.6666667,Missing,35,231,Missing,Other,43,Male,0
125,Missing,105,283,Missing,Other,56,Female,0
83.66666667,Missing,87,242,Missing,White,51,Female,0
142.6666667,0,57,195,1,Black,46,Female,0
134.3333333,1,60,120,Missing,Black,59,Male,0
127.3333333,Missing,59,156,1,Other,73,Female,0
123.3333333,Missing,35,164,Missing,Other,41,Male,0
145.3333333,0,54,187,1,White,56,Female,0
115,Missing,38,138,Missing,Other,41,Male,0
89.33333333,0,46,181,Missing,Black,61,Male,0
130,0,41,193,Missing,White,69,Female,0
129.3333333,0,40,266,Missing,Other,51,Male,0
114,0,48,200,Missing,White,43,Male,0
113.6666667,Missing,65,171,Missing,White,45,Female,0
106.6666667,0,50,210,Missing,White,49,Female,0
141.3333333,1,62,207,0,White,68,Female,0
115.6666667,Missing,89,227,Missing,White,62,Female,0
138.3333333,Missing,75,175,1,Black,68,Female,0
111.6666667,1,44,223,Missing,White,42,Male,0
106.6666667,1,106,234,Missing,Other,55,Female,0
127.6666667,Missing,71,189,1,White,74,Female,0
113.6666667,Missing,31,223,Missing,Other,47,Male,0
139.3333333,0,41,251,Missing,Other,60,Male,0
138.3333333,Missing,67,172,Missing,Other,44,Female,0
101.3333333,1,66,167,Missing,Black,71,Male,0
121,0,50,239,Missing,Other,48,Male,0
105.3333333,Missing,42,172,1,Black,71,Male,0
143.3333333,0,40,235,Missing,Black,62,Male,0
100.6666667,0,54,199,Missing,Other,47,Female,0
115.3333333,Missing,43,238,Missing,Other,68,Female,0
104.3333333,Missing,54,163,Missing,Other,40,Female,0
123,0,49,194,Missing,Other,50,Male,0
128,Missing,75,223,1,Black,62,Female,0
118.6666667,0,65,134,1,Black,64,Male,0
119,0,39,167,Missing,Other,61,Male,0
130.6666667,1,41,144,0,Black,52,Male,0
101,Missing,67,166,Missing,White,46,Female,0
126.3333333,0,72,201,Missing,White,69,Male,0
126.6666667,Missing,66,209,1,Other,70,Female,0
125,0,77,222,0,White,55,Female,0
101.3333333,Missing,75,253,1,Black,54,Male,0
135.3333333,0,43,231,1,White,72,Male,0
103.6666667,Missing,65,151,Missing,Other,41,Female,0
129.3333333,0,65,147,Missing,Other,68,Male,0
95,0,66,153,0,White,74,Male,0
138.6666667,1,50,231,Missing,Other,62,Female,0
131.3333333,Missing,60,174,Missing,Other,52,Female,0
113.6666667,1,43,161,1,White,62,Male,0
83.33333333,Missing,39,164,1,Other,40,Female,0
119.6666667,Missing,34,179,1,White,47,Female,0
119,Missing,35,198,Missing,Other,41,Male,0
127,0,51,189,Missing,White,60,Male,0
104,Missing,66,204,Missing,White,48,Female,0
105,0,66,164,1,Black,77,Female,0
173.3333333,0,55,161,1,Other,67,Female,0
113.3333333,0,36,163,Missing,Other,43,Male,0
109.6666667,Missing,93,240,Missing,White,62,Female,0
115.3333333,1,80,194,1,White,66,Female,0
97.33333333,Missing,74,237,Missing,Other,53,Female,0
119,Missing,85,210,Missing,Black,66,Male,0
146.3333333,0,48,291,Missing,Other,51,Male,0
99.66666667,0,40,155,Missing,White,42,Female,0
118,0,57,208,Missing,White,60,Male,0
111.6666667,0,51,214,Missing,White,53,Female,0
150,Missing,69,202,Missing,Other,65,Female,0
144,Missing,28,246,1,White,40,Male,0
113.3333333,0,37,176,Missing,White,58,Female,0
99.33333333,Missing,91,204,Missing,White,45,Female,0
97.66666667,1,49,180,Missing,White,65,Female,0
117.3333333,Missing,42,294,Missing,White,50,Male,0
110.6666667,Missing,80,263,Missing,White,49,Male,0
130,0,40,138,1,Other,60,Male,0
103,Missing,42,154,1,Black,49,Male,0
122,1,68,290,1,White,57,Female,0
122.6666667,Missing,66,220,Missing,White,56,Male,0
121,1,21,126,1,White,62,Male,0
127,Missing,50,152,1,White,57,Female,0
110.6666667,Missing,41,166,Missing,Other,56,Female,0
161.3333333,0,49,268,Missing,Other,51,Male,0
127.6666667,Missing,38,157,Missing,Other,40,Male,0
146.6666667,0,71,172,0,Black,47,Female,0
121.3333333,1,94,179,Missing,Black,40,Male,0
99.33333333,Missing,91,204,Missing,White,45,Female,0
111.6666667,Missing,56,131,1,Black,55,Female,0
157.3333333,0,54,193,1,Black,64,Female,0
123.3333333,Missing,44,227,Missing,Other,62,Female,0
108.3333333,Missing,64,222,Missing,Other,43,Female,0
137.3333333,Missing,34,178,1,White,48,Male,0
143,Missing,55,229,Missing,White,69,Male,0
119.3333333,Missing,53,309,1,White,59,Male,0
161.3333333,1,61,215,Missing,Other,60,Male,0
135.5,Missing,40,238,Missing,Other,77,Female,0
123,Missing,37,195,Missing,Black,49,Male,0
122.6666667,Missing,51,205,Missing,White,55,Female,0
115.3333333,Missing,35,183,Missing,White,49,Male,0
131,1,62,160,1,White,67,Male,0
112.6666667,0,28,136,Missing,Other,63,Male,0
140,0,54,139,1,Other,62,Female,0
106,0,41,212,Missing,Other,46,Female,0
151,Missing,37,232,1,Other,50,Female,0
145.6666667,Missing,56,122,Missing,White,78,Male,0
114.6666667,Missing,54,263,Missing,White,43,Female,0
119,Missing,57,212,Missing,Other,51,Female,0
115,Missing,56,225,Missing,White,70,Female,0
156.3333333,Missing,121,227,1,Black,60,Male,0
177,0,64,221,1,Black,64,Female,0
127.6666667,Missing,43,99,Missing,Other,58,Male,0
124.6666667,Missing,86,222,Missing,Black,63,Female,0
104,Missing,45,215,Missing,White,49,Male,0
166,Missing,45,193,Missing,Other,77,Female,0
115,Missing,45,179,Missing,Other,65,Female,0
98.66666667,1,40,192,1,White,62,Female,0
112.3333333,0,54,281,Missing,Black,42,Female,0
101.3333333,0,39,198,Missing,White,48,Male,0
116.6666667,Missing,42,158,Missing,White,66,Male,0
117,1,43,163,Missing,Black,53,Male,0
120.3333333,0,44,202,Missing,White,53,Male,0
105,0,66,164,1,Black,77,Female,0
105.3333333,Missing,56,242,1,Other,55,Female,0
142.6666667,Missing,49,221,1,Other,57,Male,0
108,Missing,66,199,Missing,Other,44,Female,0
138.3333333,1,44,220,Missing,Black,68,Male,0
148,Missing,52,191,1,Other,61,Female,0
116.3333333,Missing,42,216,Missing,Other,62,Female,0
129.6666667,Missing,67,192,Missing,Other,61,Female,0
106.6666667,0,50,210,Missing,White,49,Female,0
111.6666667,0,54,285,Missing,White,57,Female,0
164.6666667,Missing,61,194,1,Black,78,Female,0
156,Missing,69,217,1,Black,76,Female,0
129,Missing,49,172,Missing,Black,55,Female,0
115,0,42,204,Missing,White,44,Male,0
142,Missing,60,177,1,Other,67,Female,0
98.33333333,Missing,49,160,Missing,Other,40,Female,0
117,0,41,171,1,White,69,Male,0
113,Missing,58,196,Missing,Other,50,Female,0
104.6666667,0,47,176,Missing,Black,63,Male,0
140,Missing,68,199,Missing,Black,62,Female,0
117,0,35,123,Missing,Other,55,Male,0
152,Missing,58,183,Missing,Black,66,Female,0
166.3333333,1,106,206,1,White,52,Female,0
116,0,34,244,Missing,Other,42,Male,0
117.6666667,1,33,122,Missing,White,48,Male,0
152,Missing,53,209,Missing,Black,47,Male,0
139.6666667,0,44,188,Missing,Other,63,Male,0
107,Missing,38,164,Missing,Other,42,Female,0
133,Missing,80,174,Missing,Other,69,Male,0
114.6666667,Missing,50,158,Missing,White,45,Male,0
166,1,62,170,Missing,Black,67,Male,0
109,1,47,157,Missing,White,40,Male,0
91,Missing,88,204,Missing,Other,42,Female,0
128.3333333,Missing,51,276,Missing,Other,40,Female,0
105.6666667,Missing,52,287,Missing,Other,55,Female,0
127.3333333,Missing,72,215,1,Other,70,Female,0
126,Missing,63,273,Missing,Other,41,Male,0
135.6666667,Missing,33,169,Missing,Other,50,Male,0
149.3333333,1,70,256,Missing,Black,55,Male,0
127.3333333,1,42,191,0,Black,54,Female,0
143.3333333,Missing,39,219,Missing,Other,54,Male,0
109.6666667,Missing,31,190,Missing,White,40,Female,0
119.3333333,0,53,155,Missing,White,46,Female,0
124.3333333,Missing,48,300,1,Other,56,Female,0
149.6666667,0,52,185,1,Black,55,Male,0
101.3333333,0,31,126,Missing,Other,53,Male,0
138,1,43,151,Missing,Black,41,Female,0
155.6666667,Missing,48,176,Missing,White,66,Male,0
130.6666667,1,44,136,0,Other,50,Male,0
154.6666667,1,49,189,1,Other,48,Male,0
118.3333333,Missing,67,183,Missing,Other,51,Female,0
183.6666667,Missing,46,205,Missing,Black,46,Male,0
122,Missing,43,150,Missing,White,61,Male,0
135,0,40,158,Missing,White,75,Female,0
128.6666667,Missing,72,212,1,Black,69,Female,0
106.6666667,Missing,45,116,1,White,68,Male,0
189,0,64,129,Missing,White,78,Male,0
118,Missing,45,161,Missing,Black,64,Female,0
159.3333333,Missing,56,198,Missing,White,73,Female,0
126.6666667,Missing,70,247,Missing,Other,53,Female,0
135.3333333,Missing,40,224,Missing,White,44,Male,0
165,0,41,186,1,White,70,Male,0
119.6666667,Missing,57,220,Missing,Other,76,Female,0
102.6666667,1,56,137,1,Other,74,Male,0
98,0,85,236,Missing,Other,44,Female,0
126,0,38,230,Missing,Other,62,Male,0
143.3333333,Missing,48,206,Missing,Black,42,Female,0
144.3333333,1,38,205,1,Black,40,Female,0
129.3333333,1,57,180,Missing,Other,71,Male,0
155.3333333,1,63,191,Missing,Black,63,Male,0
128.3333333,Missing,51,179,Missing,Other,54,Female,0
138.3333333,Missing,53,150,1,White,73,Male,0
168,1,45,244,1,Black,62,Female,0
115,Missing,38,199,Missing,White,56,Male,0
164.6666667,0,38,203,1,White,73,Male,0
130,Missing,36,146,Missing,White,50,Male,0
129,Missing,64,168,1,Black,64,Female,0
119.3333333,Missing,45,182,1,Other,61,Male,0
104,0,79,262,Missing,White,54,Female,0
113.3333333,0,41,177,Missing,White,50,Male,0
122,0,58,173,1,White,60,Female,0
106.6666667,1,77,196,Missing,Black,55,Female,0
89.33333333,1,32,120,1,White,63,Male,0
123,Missing,45,122,Missing,Other,60,Female,0
119.6666667,Missing,60,204,Missing,Black,48,Male,0
135.5,Missing,40,238,Missing,Other,77,Female,0
112,1,45,177,Missing,Black,50,Male,0
116,1,35,328,Missing,Other,57,Female,0
105,Missing,72,251,1,Black,64,Female,0
136.6666667,Missing,39,215,1,Other,62,Female,0
117.3333333,Missing,62,210,Missing,Black,43,Male,0
139.6666667,Missing,57,303,Missing,Other,72,Female,0
145,Missing,46,185,1,Other,62,Female,0
122.6666667,0,71,227,Missing,Black,47,Female,0
170.6666667,Missing,45,261,0,Black,55,Female,0
123.6666667,0,66,126,1,Other,71,Male,0
131,1,49,146,Missing,Black,60,Male,0
107.3333333,1,34,140,Missing,White,45,Male,0
110.6666667,Missing,39,143,Missing,White,64,Male,0
109.3333333,0,67,275,Missing,Black,45,Female,0
130.6666667,Missing,42,148,Missing,Black,48,Male,0
137.6666667,0,88,200,1,Black,60,Male,0
113.3333333,Missing,60,181,1,White,49,Female,0
179.6666667,1,59,190,1,White,51,Female,0
127,Missing,62,164,Missing,Other,45,Female,0
115.6666667,1,178,251,Missing,Other,46,Female,0
125.6666667,1,59,222,Missing,Black,63,Male,0
113.6666667,Missing,51,176,Missing,White,44,Female,0
143,Missing,38,171,0,Black,47,Male,0
127.3333333,Missing,61,284,Missing,Other,41,Male,0
120,0,66,225,Missing,Other,47,Female,0
104,Missing,79,184,Missing,Other,40,Female,0
121.6666667,Missing,75,232,1,Black,69,Female,0
108.3333333,Missing,93,304,1,Other,60,Female,0
123,Missing,72,255,1,White,58,Male,0
122.3333333,Missing,61,157,Missing,Other,53,Female,0
123,Missing,36,262,1,Other,59,Female,0
142,Missing,60,177,1,Other,67,Female,0
159.3333333,Missing,56,198,Missing,White,73,Female,0
96,Missing,80,185,Missing,Other,43,Female,0
123.3333333,Missing,43,184,Missing,Black,42,Female,0
137.6666667,Missing,36,177,1,Other,45,Male,0
128,0,44,229,1,White,61,Male,0
126.6666667,0,77,202,1,White,74,Male,0
98,0,59,239,Missing,White,45,Female,0
123.3333333,0,42,221,1,White,71,Male,0
118.6666667,Missing,56,229,Missing,Other,57,Female,0
131.6666667,Missing,45,256,1,Other,45,Male,0
134,Missing,59,175,1,White,58,Female,0
109,Missing,41,156,Missing,Other,44,Male,0
133.3333333,0,52,189,Missing,Other,52,Female,0
129.3333333,Missing,47,211,0,White,47,Female,0
112,Missing,50,164,Missing,Black,44,Female,0
115.6666667,0,49,126,1,White,73,Male,0
150.6666667,Missing,66,191,Missing,Other,67,Female,0
112,Missing,41,238,Missing,White,56,Female,0
115.3333333,Missing,49,202,Missing,White,52,Female,0
147,Missing,93,192,0,Black,51,Male,0
129,0,59,295,Missing,Black,69,Female,0
110.3333333,Missing,56,220,Missing,White,66,Female,0
117.6666667,0,58,158,1,Other,69,Male,0
103.6666667,Missing,35,215,1,White,64,Female,0
154.6666667,Missing,56,155,1,Black,66,Female,0
149,Missing,51,201,Missing,White,62,Male,0
135,0,58,169,Missing,Other,62,Male,0
177,Missing,65,252,0,Other,47,Male,0
158,Missing,65,221,1,Black,47,Female,0
125.6666667,Missing,74,173,1,Other,56,Female,0
120.6666667,Missing,54,294,Missing,Other,43,Male,0
139.3333333,Missing,37,123,Missing,Black,62,Male,0
121.6666667,0,32,160,Missing,Other,44,Male,0
121.3333333,Missing,40,168,Missing,White,68,Male,0
127.3333333,Missing,87,185,Missing,Black,60,Female,0
118.3333333,Missing,34,220,Missing,Other,41,Male,0
115.3333333,Missing,49,202,Missing,White,52,Female,0
128.3333333,Missing,56,245,Missing,White,55,Female,0
144.3333333,Missing,50,187,0,Black,63,Female,0
141,Missing,42,86,1,Black,68,Female,0
111,0,62,163,Missing,Other,45,Female,0
107.6666667,1,67,278,Missing,Other,53,Female,0
123.6666667,1,39,203,Missing,Other,64,Male,0
132,0,67,207,Missing,Black,59,Female,0
155,0,48,162,1,Black,72,Male,0
116.6666667,Missing,31,284,Missing,Other,51,Female,0
151,Missing,83,232,Missing,Other,69,Female,0
131.3333333,1,48,192,Missing,Black,64,Male,0
138.6666667,Missing,42,124,1,Other,77,Female,0
109,Missing,36,201,1,Other,45,Male,0
153.6666667,Missing,53,133,Missing,Other,44,Female,0
132,Missing,70,200,0,White,75,Female,0
118.3333333,Missing,41,218,Missing,White,58,Female,0
123,0,45,136,1,Black,71,Male,0
121.6666667,Missing,49,214,Missing,Other,48,Female,0
117,Missing,49,257,Missing,Other,54,Male,0
125.6666667,0,55,213,Missing,White,47,Female,0
129.6666667,0,42,196,0,White,76,Male,0
111,Missing,47,163,Missing,Black,46,Male,0
117.3333333,1,43,181,Missing,Black,69,Male,0
114,Missing,88,226,Missing,Other,53,Female,0
133.3333333,0,41,242,0,Other,60,Male,0
131.6666667,1,59,186,1,White,54,Female,0
133.6666667,1,44,252,Missing,Other,55,Female,0
153.3333333,Missing,54,220,Missing,Other,64,Female,0
157,Missing,70,218,1,Other,63,Female,0
138.3333333,Missing,67,172,Missing,Other,44,Female,0
134.3333333,1,59,162,1,Black,47,Male,0
141.6666667,1,45,188,Missing,White,58,Male,0
190.3333333,Missing,58,237,0,White,69,Female,0
118,Missing,54,190,1,Other,62,Female,0
109,Missing,51,182,Missing,Other,55,Female,0
105.3333333,1,79,212,Missing,White,76,Female,0
136.3333333,Missing,33,180,Missing,Other,71,Female,0
150.3333333,1,46,183,1,Black,77,Female,0
115,Missing,59,167,Missing,Black,43,Female,0
129.6666667,Missing,45,224,1,Other,65,Female,0
110.6666667,Missing,30,140,1,Other,52,Male,0
109,Missing,59,175,Missing,Other,40,Female,0
119.3333333,0,68,198,Missing,White,74,Female,0
110.6666667,Missing,30,140,1,Other,52,Male,0
122,Missing,39,233,1,Black,71,Female,0
117.3333333,Missing,57,225,Missing,White,55,Female,0
138.3333333,Missing,52,178,Missing,White,69,Female,0
127.6666667,0,44,174,1,Other,61,Male,0
165.3333333,Missing,80,210,1,Other,57,Female,0
144.3333333,Missing,103,235,1,Black,69,Female,0
141.3333333,0,47,146,Missing,Black,66,Male,0
121.3333333,Missing,41,213,Missing,Other,54,Female,0
132,Missing,40,174,0,White,61,Male,0
127.6666667,0,47,182,Missing,White,56,Male,0
131.6666667,1,51,230,1,White,61,Male,0
111.6666667,0,63,211,Missing,Other,61,Male,0
125.6666667,Missing,68,206,1,Other,49,Female,0
179.6666667,1,59,190,1,White,51,Female,0
128.3333333,0,46,211,Missing,Other,42,Female,0
125,1,27,177,Missing,Other,46,Male,0
108.6666667,Missing,37,96,1,White,65,Male,0
101,0,41,162,Missing,White,42,Female,0
137.3333333,Missing,37,226,Missing,Other,47,Male,0
123.6666667,0,56,187,1,White,75,Female,0
111.3333333,Missing,41,148,Missing,Other,49,Female,0
108,Missing,58,157,Missing,Other,53,Female,0
123.3333333,1,45,176,1,Black,74,Female,0
134.3333333,Missing,75,173,Missing,Other,52,Female,0
130.3333333,Missing,48,144,1,Black,67,Male,0
124.6666667,Missing,39,123,1,Other,62,Male,0
119,0,44,226,Missing,White,49,Male,0
116.3333333,Missing,54,192,Missing,Other,42,Male,0
113.6666667,1,43,161,1,White,62,Male,0
144.3333333,1,52,172,Missing,Other,65,Male,0
124.6666667,Missing,64,328,Missing,White,75,Male,0
143,0,65,215,0,Other,55,Female,0
124.3333333,1,89,214,Missing,Other,57,Female,0
115,Missing,45,179,Missing,Other,65,Female,0
158,Missing,57,220,1,Black,70,Female,0
109.6666667,0,44,171,1,Black,67,Male,0
110.6666667,Missing,48,277,Missing,Other,46,Male,0
118.6666667,Missing,56,188,Missing,White,71,Female,0
114,Missing,50,169,Missing,Other,49,Female,0
111.6666667,Missing,46,169,Missing,Other,48,Male,0
107.6666667,Missing,40,149,Missing,Other,50,Female,0
103,Missing,51,188,Missing,Other,43,Female,0
121.6666667,Missing,90,188,1,Other,45,Female,0
138,Missing,64,186,1,White,65,Female,0
110.3333333,Missing,46,123,Missing,Other,63,Female,0
124,0,89,190,1,Black,49,Female,0
119,1,65,176,1,Black,75,Female,0
132.6666667,Missing,40,255,Missing,White,50,Female,0
140.3333333,0,48,211,Missing,Other,67,Male,0
145.6666667,1,43,161,0,Black,42,Male,0
128.3333333,1,58,189,Missing,White,65,Male,0
125,Missing,64,202,Missing,Other,42,Female,0
103.6666667,0,58,163,Missing,White,44,Female,0
132,Missing,83,370,Missing,Other,76,Female,0
119.3333333,Missing,38,201,Missing,Black,51,Female,0
151.6666667,0,58,287,Missing,White,64,Female,0
115,Missing,87,187,Missing,Other,42,Female,0
106,0,41,212,Missing,Other,46,Female,0
138.3333333,Missing,80,188,Missing,White,60,Male,0
162.6666667,Missing,66,151,1,Other,67,Female,0
132.6666667,Missing,26,184,Missing,Other,44,Female,0
119.6666667,Missing,57,220,Missing,Other,76,Female,0
109,Missing,36,136,Missing,Other,55,Male,0
118.6666667,Missing,51,205,Missing,Other,55,Female,0
153,Missing,57,201,1,White,75,Male,0
109,Missing,29,366,Missing,Other,51,Male,0
126,Missing,35,167,1,Black,65,Male,0
121,Missing,54,150,1,Black,55,Male,0
126.3333333,Missing,58,259,Missing,Other,45,Female,0
118.6666667,Missing,41,230,Missing,Other,43,Male,0
124.6666667,1,31,135,0,White,48,Female,0
110,0,46,176,Missing,Black,70,Male,0
119.6666667,Missing,74,219,1,Black,48,Male,0
134.3333333,Missing,44,296,1,Black,50,Male,0
117.6666667,Missing,45,178,Missing,Other,48,Female,0
129.6666667,1,32,103,1,Other,70,Male,0
112,Missing,47,251,1,White,74,Female,0
127,1,58,209,1,White,51,Male,0
119,Missing,60,191,Missing,White,40,Male,0
114,0,48,200,Missing,White,43,Male,0
118.3333333,0,29,230,Missing,Other,46,Male,0
141.3333333,Missing,39,174,Missing,White,62,Male,0
112.6666667,Missing,59,194,Missing,Black,41,Female,0
105,Missing,85,176,Missing,White,44,Female,0
120,Missing,51,178,Missing,Black,48,Female,0
119.3333333,0,40,168,Missing,Black,52,Male,0
124,0,31,245,1,White,59,Male,0
130,Missing,46,155,Missing,Other,61,Female,0
111,Missing,53,225,Missing,Other,48,Female,0
109,Missing,48,245,Missing,Other,47,Male,0
146.6666667,Missing,61,258,Missing,Other,67,Female,0
118.6666667,0,49,188,Missing,White,69,Female,0
136,Missing,54,204,1,Other,56,Female,0
127.6666667,0,44,174,1,Other,61,Male,0
191,0,41,204,0,Other,65,Male,0
135.6666667,0,79,179,Missing,White,73,Female,0
125,Missing,90,193,Missing,White,69,Female,0
105.6666667,Missing,68,197,Missing,White,45,Female,0
103.3333333,1,41,130,Missing,White,69,Male,0
150.3333333,0,55,229,Missing,Other,61,Male,0
98.66666667,Missing,96,200,Missing,Other,42,Female,0
124.6666667,Missing,54,161,Missing,Other,41,Female,0
140,1,65,254,Missing,White,55,Male,0
121,Missing,46,246,Missing,White,73,Female,0
95,Missing,54,184,Missing,Black,50,Female,0
132,Missing,39,200,Missing,White,41,Male,0
131,0,47,156,1,White,69,Female,0
91.33333333,Missing,45,162,1,Black,74,Male,0
107.3333333,1,34,140,Missing,White,45,Male,0
152,Missing,36,184,1,Other,62,Female,0
145.3333333,Missing,55,175,0,Black,60,Female,0
133,Missing,38,127,1,Black,64,Male,0
96,0,75,162,Missing,White,64,Female,0
138.6666667,Missing,35,182,Missing,Other,44,Female,0
117,0,47,196,Missing,White,66,Male,0
141.3333333,0,83,173,Missing,Black,56,Female,0
149.3333333,0,34,163,Missing,White,56,Male,0
129,Missing,55,269,Missing,Other,63,Male,0
109.6666667,Missing,32,119,Missing,Other,44,Male,0
140.3333333,0,91,170,1,White,77,Male,0
116.3333333,Missing,43,148,Missing,White,70,Male,0
133.6666667,0,54,167,1,White,71,Male,0
105,Missing,47,141,Missing,Black,40,Female,0
132,0,49,265,1,Other,55,Female,0
150.6666667,Missing,66,224,Missing,Other,52,Female,0
138,1,43,151,Missing,Black,41,Female,0
155.3333333,0,48,232,1,Black,65,Female,0
105.6666667,Missing,60,183,Missing,Other,41,Female,0
137.3333333,1,37,228,Missing,White,47,Male,0
109.6666667,0,151,264,1,Black,43,Female,0
132,1,51,233,1,Black,48,Female,0
114.6666667,Missing,55,147,Missing,Other,67,Male,0
132.6666667,Missing,40,255,Missing,White,50,Female,0
118.6666667,Missing,78,226,Missing,White,59,Female,0
148.6666667,0,51,156,Missing,Other,47,Female,0
157.3333333,Missing,68,190,Missing,Black,49,Male,0
116.6666667,Missing,31,284,Missing,Other,51,Female,0
121,Missing,86,170,1,Black,50,Female,0
127,Missing,35,134,Missing,White,47,Male,0
129.6666667,Missing,77,255,Missing,White,76,Female,0
155.3333333,Missing,70,250,Missing,Other,59,Female,0
105.3333333,Missing,56,242,1,Other,55,Female,0
176,1,52,213,1,Black,71,Male,0
116.6666667,0,40,190,Missing,White,76,Male,0
122,Missing,49,227,1,Black,49,Female,0
112,0,89,197,1,Black,77,Female,0
122,Missing,74,199,1,Other,64,Female,0
127.6666667,1,56,177,1,Black,71,Male,0
121.6666667,Missing,43,195,1,Other,54,Male,0
114,Missing,44,254,Missing,White,42,Male,0
137.6666667,Missing,42,193,Missing,Other,56,Female,0
115.3333333,0,61,178,1,Black,61,Female,0
117,Missing,42,184,Missing,Other,46,Male,0
154.6666667,Missing,59,273,Missing,Black,50,Male,0
93.66666667,0,50,270,Missing,Other,55,Male,0
111.6666667,Missing,48,183,Missing,Black,42,Male,0
113.6666667,0,51,229,1,White,65,Female,0
104.3333333,Missing,68,173,Missing,Other,44,Female,0
126.3333333,0,72,201,Missing,White,69,Male,0
144,Missing,65,107,1,Black,59,Male,0
175,Missing,54,133,1,Black,78,Female,0
138.6666667,Missing,45,166,Missing,Black,41,Male,0
162,0,50,170,1,Other,57,Male,0
130.3333333,Missing,41,232,Missing,Other,47,Male,0
128.6666667,Missing,29,147,Missing,Other,41,Male,0
140.3333333,0,39,191,1,White,66,Male,0
117,0,47,196,Missing,White,66,Male,0
150.3333333,Missing,43,216,1,Black,64,Male,0
124,Missing,34,148,Missing,Black,41,Female,0
117.3333333,Missing,58,196,1,White,55,Female,0
133,Missing,59,200,1,White,64,Female,0
154.3333333,0,52,172,Missing,Black,77,Male,0
134.6666667,Missing,55,271,Missing,Other,62,Female,0
143.3333333,1,51,162,Missing,Black,79,Male,0
113.3333333,1,66,172,Missing,White,42,Female,0
111,Missing,57,191,Missing,Other,58,Female,0
156,Missing,47,249,Missing,White,57,Male,0
127.6666667,0,44,174,1,Other,61,Male,0
149.3333333,1,51,213,Missing,Black,66,Male,0
116,Missing,59,231,Missing,White,66,Male,0
118.3333333,Missing,41,218,Missing,White,58,Female,0
118,Missing,68,179,Missing,Other,69,Female,0
129.6666667,Missing,67,192,Missing,Other,61,Female,0
143.6666667,1,45,129,0,White,63,Female,0
179.6666667,1,59,190,1,White,51,Female,0
138.6666667,Missing,70,155,0,White,44,Female,0
136.6666667,Missing,72,218,1,Other,51,Female,0
209.3333333,1,84,163,0,White,40,Male,0
160,1,66,220,Missing,Black,72,Male,0
102,1,93,186,1,Black,51,Female,0
110.6666667,Missing,43,190,Missing,Other,58,Female,0
168.6666667,0,58,212,Missing,White,75,Male,0
109.6666667,0,151,264,1,Black,43,Female,0
117.3333333,Missing,106,220,1,White,59,Male,0
111,0,40,200,Missing,White,67,Male,0
153.6666667,Missing,93,181,Missing,White,75,Female,0
99.33333333,1,67,163,Missing,White,46,Female,0
128.6666667,Missing,72,212,1,Black,69,Female,0
164.3333333,0,57,169,1,Black,63,Male,0
139.6666667,1,55,154,1,Black,74,Female,0
140.6666667,0,49,192,1,White,53,Male,0
132,1,51,233,1,Black,48,Female,0
144,0,61,172,1,White,70,Male,0
111.6666667,Missing,47,208,Missing,Other,45,Female,0
106,Missing,55,217,Missing,Black,43,Female,0
158,Missing,65,221,1,Black,47,Female,0
147.3333333,0,38,222,1,Other,55,Male,0
129.6666667,Missing,39,173,Missing,White,59,Male,0
114.6666667,Missing,33,203,Missing,White,61,Male,0
137,Missing,39,145,Missing,Black,53,Male,0
145.6666667,Missing,61,245,Missing,Other,60,Male,0
127.6666667,1,87,291,Missing,Other,71,Male,0
125.3333333,Missing,62,167,Missing,Black,58,Female,0
116,Missing,44,218,Missing,White,50,Male,0
135.6666667,1,63,226,1,Black,60,Male,0
165.6666667,0,41,207,1,White,76,Female,0
127,1,41,191,Missing,White,56,Male,0
119.3333333,1,64,192,Missing,Black,63,Male,0
102.3333333,1,46,151,Missing,White,41,Female,0
115.3333333,Missing,52,151,Missing,White,76,Male,0
126,1,58,163,Missing,White,47,Female,0
120,0,45,147,1,Black,59,Male,0
127.6666667,0,47,182,Missing,White,56,Male,0
130,0,59,187,Missing,White,66,Female,0
145,Missing,83,262,Missing,White,75,Female,0
112,Missing,88,209,Missing,White,58,Female,0
104.6666667,1,54,234,Missing,Other,44,Female,0
132,Missing,56,188,1,Black,78,Female,0
142.3333333,0,54,245,Missing,Other,51,Male,0
106.6666667,1,77,196,Missing,Black,55,Female,0
140,Missing,62,171,Missing,Other,55,Male,0
122.3333333,1,50,189,1,Other,65,Male,0
109,Missing,41,156,Missing,Other,44,Male,0
124.6666667,0,42,221,Missing,White,60,Female,0
143,0,42,240,Missing,Other,52,Male,0
120.3333333,0,49,127,1,Black,56,Female,0
147.6666667,0,46,201,Missing,Black,49,Male,0
115,Missing,38,138,Missing,Other,41,Male,0
125.3333333,Missing,51,198,1,Black,52,Female,0
101.3333333,0,50,200,0,White,45,Female,0
148.6666667,1,54,194,1,White,45,Female,0
150.3333333,1,42,169,1,Black,62,Male,0
98,Missing,54,201,Missing,Other,58,Female,0
116,Missing,43,139,Missing,Other,68,Male,0
124,Missing,68,159,Missing,Other,40,Female,0
102,Missing,39,175,1,Other,72,Female,0
145.3333333,0,73,176,0,Black,53,Female,0
105,Missing,70,247,Missing,Other,54,Female,0
107.6666667,Missing,49,255,Missing,Other,55,Male,0
115.3333333,1,48,218,Missing,White,57,Male,0
108,Missing,71,197,Missing,White,54,Female,0
121,Missing,86,170,1,Black,50,Female,0
103.3333333,Missing,48,214,Missing,Other,56,Male,0
188,1,82,248,1,Black,71,Female,0
136,Missing,46,222,1,White,43,Female,0
126,0,42,193,Missing,Other,71,Male,0
100,Missing,44,163,1,Other,45,Female,0
152,Missing,36,184,1,Other,62,Female,0
129,1,57,209,Missing,Black,62,Male,0
109,Missing,36,136,Missing,Other,55,Male,0
135,Missing,61,178,Missing,White,49,Female,0
114,0,66,215,Missing,Other,40,Female,0
97.33333333,Missing,70,180,Missing,White,47,Female,0
102.3333333,Missing,41,200,Missing,White,45,Male,0
123.3333333,Missing,49,124,Missing,White,51,Male,0
132.3333333,Missing,47,251,Missing,Other,63,Male,0
108.6666667,1,57,167,Missing,Other,48,Male,0
145.3333333,0,46,228,1,White,65,Male,0
146.3333333,0,48,291,Missing,Other,51,Male,0
140.3333333,Missing,58,223,1,Other,48,Female,0
157,Missing,50,161,1,Other,60,Female,0
118,Missing,58,170,Missing,White,64,Male,0
114,Missing,56,188,Missing,Other,56,Female,0
179.3333333,1,99,206,Missing,Black,54,Female,0
152.3333333,0,52,202,Missing,White,72,Female,0
126.6666667,Missing,70,247,Missing,Other,53,Female,0
95,Missing,59,153,Missing,Other,42,Male,0
114.6666667,1,66,277,Missing,Other,52,Female,0
116,1,38,169,1,White,60,Male,0
104.3333333,0,56,178,1,Black,64,Female,0
150.6666667,Missing,41,243,Missing,Other,58,Female,0
112.3333333,Missing,42,179,1,Black,62,Male,0
151.6666667,0,58,287,Missing,White,64,Female,0
165.3333333,Missing,80,210,1,Other,57,Female,0
143.6666667,Missing,52,230,1,Other,45,Female,0
109,1,82,291,1,Black,65,Female,0
164.6666667,1,48,221,0,Black,55,Female,0
137.6666667,Missing,48,155,1,Other,68,Male,0
114,0,78,263,Missing,Black,73,Female,0
104,Missing,68,167,Missing,Other,42,Male,0
118,Missing,94,231,Missing,Other,53,Female,0
108.3333333,Missing,58,178,Missing,Black,45,Male,0
126.3333333,Missing,41,136,Missing,Black,64,Female,0
111,Missing,56,190,Missing,White,55,Female,0
121,Missing,45,209,Missing,Black,60,Male,0
139.6666667,1,66,151,1,White,51,Male,0
118.3333333,Missing,32,186,Missing,White,52,Male,0
149.3333333,1,52,203,Missing,Black,66,Male,0
116.6666667,Missing,49,152,0,White,49,Female,0
108,1,39,99,1,Black,66,Male,0
111.6666667,Missing,71,230,Missing,White,55,Female,0
121,0,54,158,1,Black,77,Male,0
120.3333333,Missing,42,247,1,Other,67,Female,0
117,0,41,161,Missing,Other,62,Male,0
126,Missing,55,211,Missing,Other,56,Female,0
104.6666667,1,54,234,Missing,Other,44,Female,0
144,Missing,73,212,Missing,Black,50,Female,0
134,0,32,163,Missing,White,41,Male,0
136.6666667,Missing,62,212,Missing,Other,41,Female,0
115.3333333,1,48,218,Missing,White,57,Male,0
132.3333333,Missing,82,241,Missing,Other,61,Female,0
153.6666667,0,55,157,Missing,White,47,Female,0
114.3333333,1,57,193,Missing,Black,44,Male,0
121,0,54,117,1,Other,70,Male,0
199,1,37,223,0,Black,46,Male,0
131,1,39,179,Missing,White,43,Male,0
99,0,61,223,Missing,Black,58,Male,0
131.3333333,Missing,42,183,1,Black,42,Male,0
123.3333333,Missing,44,227,Missing,Other,62,Female,0
114.6666667,Missing,58,198,0,Black,45,Female,0
118.6666667,Missing,39,190,1,Other,54,Male,0
133.6666667,0,31,167,Missing,Other,56,Male,0
136.6666667,Missing,41,140,0,Other,64,Male,0
115.3333333,0,96,136,Missing,Black,79,Male,0
104,Missing,47,159,Missing,Other,40,Female,0
125,0,56,229,1,White,72,Male,0
156.3333333,Missing,121,227,1,Black,60,Male,0
124,0,51,197,Missing,Black,48,Female,0
136.3333333,0,84,267,1,White,71,Female,0
137.3333333,Missing,42,229,Missing,White,73,Male,0
108,Missing,34,228,Missing,White,47,Male,0
109,Missing,80,174,1,White,55,Female,0
83.33333333,Missing,39,164,1,Other,40,Female,0
142,1,38,118,1,Black,57,Male,0
96.66666667,1,60,178,1,Black,60,Male,0
162.3333333,Missing,103,233,1,Other,73,Female,0
123,Missing,37,192,Missing,White,51,Male,0
112.3333333,1,56,169,1,White,70,Female,0
118,0,66,203,Missing,Other,58,Female,0
143.3333333,1,51,162,Missing,Black,79,Male,0
141,Missing,55,262,Missing,Black,66,Male,0
105,0,33,114,1,White,47,Male,0
130.3333333,1,28,111,0,White,64,Female,0
106.6666667,1,106,234,Missing,Other,55,Female,0
106.6666667,1,42,184,Missing,White,42,Female,0
121.3333333,Missing,41,193,1,Other,57,Female,0
117,Missing,49,140,Missing,Other,45,Male,0
108,1,43,109,1,Black,56,Female,0
141,Missing,55,262,Missing,Black,66,Male,0
158,Missing,57,221,1,Other,65,Female,0
124.6666667,Missing,73,191,Missing,Black,42,Female,0
132.6666667,0,84,239,1,White,59,Male,0
131.3333333,1,40,224,Missing,White,67,Female,0
129,Missing,141,219,1,Black,54,Female,0
158,Missing,43,191,0,Other,42,Female,0
103.6666667,Missing,65,151,Missing,Other,41,Female,0
126.3333333,0,44,227,1,White,54,Female,0
119,Missing,66,223,Missing,White,67,Female,0
134,0,60,183,1,Black,71,Male,0
137.6666667,Missing,82,239,0,Black,40,Male,0
120,1,43,176,0,White,49,Female,0
101,0,50,252,Missing,White,41,Male,0
171.3333333,Missing,35,120,1,Other,61,Female,0
113,1,56,147,Missing,Black,60,Female,0
137.6666667,1,61,239,Missing,Other,54,Female,0
132.6666667,Missing,48,180,1,Black,78,Female,0
127.6666667,Missing,59,230,Missing,Other,48,Female,0
103,1,44,103,0,Black,58,Male,0
127,0,45,280,Missing,Other,51,Female,0
161.6666667,Missing,48,207,Missing,Other,44,Male,0
154.6666667,1,49,189,1,Other,48,Male,0
108,1,57,234,Missing,White,51,Female,0
113.6666667,Missing,64,191,Missing,Black,61,Female,0
150.3333333,Missing,72,248,Missing,Black,61,Female,0
119,0,70,266,1,White,63,Female,0
115.6666667,Missing,42,138,Missing,Black,41,Female,0
118.3333333,Missing,32,186,Missing,White,52,Male,0
120.6666667,Missing,40,270,0,White,55,Female,0
99.66666667,Missing,54,206,Missing,Other,54,Female,0
161.6666667,Missing,48,207,Missing,Other,44,Male,0
132.6666667,1,59,260,Missing,Other,45,Male,0
145.3333333,0,73,176,0,Black,53,Female,0
132,Missing,45,217,Missing,Other,66,Male,0
124.6666667,0,34,205,1,Black,52,Female,0
118.3333333,Missing,56,227,Missing,White,56,Female,0
104,Missing,51,204,Missing,White,47,Female,0
109,Missing,57,166,1,White,63,Female,0
113.6666667,1,58,187,1,Black,57,Male,0
113.3333333,0,41,177,Missing,White,50,Male,0
141.3333333,Missing,80,179,Missing,Other,50,Female,0
118,Missing,39,195,Missing,Other,41,Male,0
112,0,50,190,Missing,White,47,Male,0
136.6666667,Missing,40,194,1,White,72,Female,0
137.3333333,1,48,248,0,White,41,Male,0
143,Missing,55,229,Missing,White,69,Male,0
140.3333333,Missing,32,153,1,Black,65,Female,0
122.3333333,0,37,198,1,Other,65,Male,0
115.6666667,1,178,251,Missing,Other,46,Female,0
106.6666667,1,42,184,Missing,White,42,Female,0
166.6666667,Missing,87,225,1,Black,55,Female,0
132,Missing,49,212,Missing,Black,52,Female,0
105,Missing,85,176,Missing,White,44,Female,0
124.3333333,Missing,44,173,Missing,White,46,Female,0
102,Missing,48,216,Missing,White,46,Female,0
125.6666667,0,61,236,1,Other,66,Female,0
166.6666667,Missing,87,225,1,Black,55,Female,0
105,Missing,41,95,Missing,White,68,Male,0
117.6666667,Missing,55,178,Missing,Other,41,Female,0
123,0,71,218,Missing,Black,48,Male,0
105,1,30,192,Missing,Other,53,Male,0
165,0,106,237,Missing,White,74,Female,0
114.6666667,Missing,55,147,Missing,Other,67,Male,0
121,Missing,99,224,1,Other,42,Female,0
140.3333333,Missing,58,183,Missing,Black,68,Male,0
200,Missing,46,167,1,Other,58,Male,0
126,0,38,191,1,White,64,Male,0
118.6666667,Missing,56,229,Missing,Other,57,Female,0
135,0,38,211,1,Other,50,Female,0
139.3333333,1,49,200,Missing,Other,56,Male,0
139.6666667,1,53,148,Missing,White,72,Male,0
180,1,38,177,0,Black,59,Male,0
118,1,39,240,Missing,White,59,Female,0
152,1,39,192,1,White,70,Female,0
106,Missing,55,185,Missing,Other,62,Female,0
142.6666667,Missing,51,154,1,Black,71,Male,0
114.6666667,Missing,50,158,Missing,White,45,Male,0
176,1,121,203,0,Black,54,Male,0
129,0,35,219,Missing,White,57,Male,0
110,0,53,166,Missing,Other,51,Male,0
108,1,57,234,Missing,White,51,Female,0
119.3333333,0,49,223,1,White,47,Female,0
137.3333333,Missing,35,170,Missing,Other,54,Female,0
131.3333333,Missing,66,179,Missing,Other,59,Female,0
124.3333333,Missing,54,188,1,White,62,Male,0
155.6666667,Missing,32,158,1,Black,57,Male,0
108,1,42,188,Missing,White,63,Male,0
125.3333333,Missing,56,147,Missing,White,50,Male,0
121.3333333,Missing,45,157,Missing,Black,61,Male,0
153.6666667,0,65,203,1,White,79,Male,0
119.3333333,Missing,53,309,1,White,59,Male,0
113.3333333,Missing,36,199,1,White,67,Male,0
111.3333333,Missing,43,211,Missing,Other,41,Female,0
127.6666667,Missing,37,177,Missing,Other,50,Female,0
115.3333333,Missing,63,182,Missing,White,75,Female,0
124.6666667,Missing,46,195,Missing,White,68,Female,0
145.6666667,Missing,51,216,Missing,White,77,Female,0
144,0,75,148,1,Black,67,Male,0
114,Missing,48,180,1,Black,51,Male,0
118.3333333,Missing,58,159,Missing,Other,60,Female,0
148.6666667,Missing,43,158,1,White,71,Male,0
138,1,43,246,Missing,White,70,Female,0
125.3333333,0,52,140,Missing,Black,61,Male,0
116.6666667,Missing,64,203,Missing,Other,45,Female,0
126.6666667,Missing,70,247,Missing,Other,53,Female,0
104.3333333,1,48,210,Missing,White,57,Female,0
157,Missing,70,218,1,Other,63,Female,0
121,0,48,148,Missing,Black,46,Male,0
145.3333333,Missing,36,155,1,White,68,Female,0
136.6666667,Missing,80,216,1,Black,62,Male,0
113.6666667,1,61,207,Missing,White,71,Male,0
115,Missing,75,298,Missing,Other,48,Female,0
170.6666667,1,56,247,0,Other,61,Female,0
149,Missing,56,194,Missing,Black,74,Female,0
132.6666667,1,58,192,0,White,56,Male,0
123.6666667,1,40,182,Missing,Black,53,Male,0
159,Missing,80,234,Missing,Other,54,Female,0
126,Missing,57,119,1,Black,44,Female,0
99,Missing,41,282,Missing,White,74,Female,0
108.3333333,Missing,56,143,Missing,Other,55,Male,0
109.3333333,Missing,52,190,Missing,Other,42,Female,0
107,1,72,210,Missing,Black,55,Male,0
133,Missing,48,206,Missing,Other,66,Male,0
127.3333333,Missing,71,218,Missing,Other,51,Female,0
118.6666667,Missing,81,210,Missing,Black,44,Female,0
125,Missing,54,242,Missing,Black,44,Male,0
128.3333333,0,78,283,Missing,Other,60,Male,0
152,Missing,50,242,1,Other,78,Female,0
172.6666667,1,45,187,Missing,Black,64,Male,0
125.3333333,0,61,143,0,White,59,Female,0
127.3333333,0,69,146,Missing,Other,66,Female,0
129.6666667,Missing,56,229,Missing,White,48,Female,0
199,1,18,128,Missing,Black,61,Female,0
120.6666667,1,53,149,Missing,Black,61,Male,0
132,0,67,207,Missing,Black,59,Female,0
123.3333333,1,45,176,1,Black,74,Female,0
129.3333333,Missing,60,170,Missing,Other,57,Male,0
113.6666667,1,50,187,Missing,White,44,Male,0
100,Missing,44,163,1,Other,45,Female,0
111.3333333,Missing,39,237,Missing,Black,56,Female,0
125.3333333,0,41,254,Missing,White,52,Male,0
138.6666667,Missing,41,157,0,Black,55,Female,0
116,Missing,40,159,1,Other,62,Female,0
95,0,54,201,0,Other,59,Female,0
127.3333333,Missing,56,130,1,White,73,Male,0
127.3333333,Missing,48,220,Missing,Other,50,Male,0
122,Missing,52,175,Missing,Other,61,Female,0
110.3333333,0,61,185,Missing,White,59,Female,0
189,Missing,59,251,1,Black,42,Female,0
104.3333333,Missing,68,173,Missing,Other,44,Female,0
102.6666667,1,159,243,Missing,White,42,Female,0
137.6666667,0,49,129,Missing,Other,66,Male,0
120,Missing,50,214,Missing,White,42,Female,0
113.6666667,1,47,245,Missing,Other,53,Male,0
117.3333333,0,39,177,Missing,Black,42,Male,0
137.3333333,1,41,202,1,White,57,Male,0
148,Missing,53,199,1,White,75,Female,0
120.6666667,Missing,40,270,0,White,55,Female,0
120.3333333,0,46,213,Missing,Other,49,Male,0
127.6666667,0,47,157,Missing,White,52,Male,0
129,Missing,55,269,Missing,Other,63,Male,0
140.3333333,Missing,45,207,0,White,50,Female,0
110.3333333,1,36,129,Missing,Other,61,Male,0
130.6666667,1,60,157,0,Black,44,Male,0
115.6666667,1,43,180,Missing,Other,42,Male,0
110.6666667,0,41,181,1,White,64,Female,0
106,Missing,42,176,Missing,White,74,Female,0
129.3333333,Missing,43,162,Missing,Other,44,Female,0
142.6666667,Missing,51,153,1,Other,62,Female,0
143.6666667,1,51,188,1,Black,69,Male,0
118,Missing,58,171,1,White,61,Female,0
118,Missing,61,163,1,Black,59,Female,0
131,Missing,60,212,Missing,Other,44,Female,0
130.6666667,1,78,254,Missing,Other,60,Female,0
112.3333333,1,56,169,1,White,70,Female,0
124.3333333,Missing,74,252,Missing,White,58,Female,0
159.3333333,0,41,169,1,Other,78,Male,0
102.6666667,0,53,176,Missing,Other,48,Female,0
131,1,60,243,Missing,White,52,Female,0
114.6666667,Missing,58,198,0,Black,45,Female,0
111,Missing,47,270,Missing,Black,53,Male,0
121.3333333,1,52,169,Missing,Other,43,Male,0
165.3333333,Missing,75,235,1,Other,64,Female,0
143.3333333,0,72,253,Missing,White,60,Female,0
135,Missing,81,209,Missing,White,63,Female,0
136,Missing,46,222,1,White,43,Female,0
136.6666667,Missing,60,217,Missing,Black,56,Male,0
156,Missing,60,210,Missing,Black,66,Female,0
143.3333333,0,72,253,Missing,White,60,Female,0
117.3333333,Missing,51,200,Missing,White,41,Female,0
133.3333333,Missing,49,428,1,Black,73,Female,0
111.6666667,Missing,51,195,Missing,Other,45,Female,0
123,Missing,36,262,1,Other,59,Female,0
148.3333333,Missing,56,178,Missing,White,73,Female,0
115,1,47,264,Missing,White,42,Male,0
105.6666667,Missing,47,262,Missing,White,73,Female,0
105.3333333,Missing,67,192,Missing,Other,45,Female,0
118.3333333,Missing,62,191,Missing,Black,48,Female,0
114,Missing,69,226,Missing,White,58,Female,0
103.3333333,Missing,55,198,Missing,Other,47,Female,0
155.6666667,Missing,32,158,1,Black,57,Male,0
123.6666667,1,89,239,Missing,Other,55,Female,0
101,0,52,145,Missing,White,62,Male,0
122,Missing,80,166,Missing,Other,53,Male,0
118.6666667,Missing,47,223,Missing,Other,44,Male,0
97.33333333,Missing,74,237,Missing,Other,53,Female,0
157.3333333,Missing,35,170,Missing,Black,58,Female,0
150.6666667,1,40,173,1,Black,54,Female,0
110.3333333,Missing,54,208,Missing,White,61,Female,0
112.6666667,0,56,209,Missing,White,40,Male,0
111.6666667,1,48,156,Missing,Other,46,Female,0
128.3333333,Missing,77,260,Missing,Other,46,Male,0
168,0,58,226,Missing,White,69,Female,0
149.3333333,0,82,221,0,Black,74,Female,0
132.3333333,Missing,27,298,Missing,Other,50,Male,0
117,Missing,65,200,Missing,White,41,Male,0
109,Missing,80,174,1,White,55,Female,0
103.3333333,0,48,159,1,White,79,Female,0
113,1,50,163,0,Black,51,Male,0
109,Missing,36,136,Missing,Other,55,Male,0
106,Missing,71,150,1,Black,57,Female,0
98.66666667,Missing,46,259,Missing,White,67,Female,0
145.3333333,0,46,228,1,White,65,Male,0
144.3333333,Missing,41,251,Missing,Other,48,Male,0
137.3333333,Missing,42,229,Missing,White,73,Male,0
130.3333333,Missing,35,166,0,Other,58,Female,0
164.3333333,0,58,161,1,Black,71,Male,0
125.3333333,0,54,130,1,White,77,Male,0
146.6666667,0,34,102,1,Black,64,Male,0
150.6666667,Missing,61,150,Missing,Black,46,Female,0
127.6666667,0,58,179,1,Black,73,Male,0
165,Missing,62,235,Missing,Other,75,Female,0
88.33333333,0,61,174,Missing,White,67,Female,0
128,1,42,195,0,Other,61,Male,0
133.6666667,Missing,47,214,Missing,Black,43,Male,0
131,Missing,67,160,Missing,White,64,Female,0
107.6666667,0,56,210,1,Other,60,Female,0
126.6666667,Missing,37,174,1,Other,45,Male,0
131.3333333,1,48,192,Missing,Black,64,Male,0
111.6666667,Missing,64,168,Missing,Other,58,Female,0
131.3333333,Missing,45,198,Missing,Other,49,Male,0
140,Missing,64,212,Missing,Black,64,Female,0
143.3333333,1,54,210,Missing,White,66,Female,0
108.6666667,1,61,204,Missing,Black,60,Male,0
107.3333333,Missing,42,188,Missing,Other,42,Female,0
125,0,47,170,Missing,Other,63,Female,0
109.6666667,Missing,34,171,Missing,White,56,Female,0
116.6666667,Missing,31,284,Missing,Other,51,Female,0
120.6666667,0,64,206,0,White,69,Male,0
137.6666667,Missing,42,193,Missing,Other,56,Female,0
106.6666667,Missing,46,195,Missing,Black,41,Female,0
114,0,54,219,Missing,Black,60,Male,0
103.3333333,1,41,130,Missing,White,69,Male,0
176,0,82,230,Missing,Black,57,Female,0
120.3333333,Missing,45,161,1,Black,49,Male,0
97,Missing,65,178,Missing,Other,40,Female,0
99.33333333,Missing,91,204,Missing,White,45,Female,0
128.3333333,0,46,211,Missing,Other,42,Female,0
110.6666667,1,40,227,Missing,Other,65,Female,0
101.3333333,1,66,232,1,White,59,Female,0
203.6666667,Missing,49,150,1,Other,69,Female,0
122,0,47,215,0,White,48,Male,0
126.3333333,Missing,67,170,1,White,70,Male,0
114.3333333,0,44,233,Missing,Black,62,Female,0
156,Missing,47,249,Missing,White,57,Male,0
147.6666667,0,74,220,Missing,White,58,Female,0
95,Missing,54,184,Missing,Black,50,Female,0
126.3333333,0,72,201,Missing,White,69,Male,0
109,Missing,80,174,1,White,55,Female,0
126.3333333,0,51,176,1,Other,74,Male,0
118,Missing,58,171,1,White,61,Female,0
151,0,108,257,Missing,Black,67,Female,0
138.3333333,Missing,60,159,1,Black,63,Female,0
119,Missing,40,199,Missing,Black,59,Male,0
119.3333333,Missing,53,309,1,White,59,Male,0
149.6666667,Missing,43,121,Missing,Other,61,Female,0
135.3333333,0,65,178,Missing,Black,59,Male,0
118,Missing,47,216,0,White,55,Male,0
109.6666667,Missing,32,119,Missing,Other,44,Male,0
124.6666667,0,34,205,1,Black,52,Female,0
97.33333333,1,50,177,Missing,Other,43,Female,0
160,1,66,220,Missing,Black,72,Male,0
109.6666667,Missing,75,183,Missing,Other,56,Female,0
135.6666667,Missing,89,214,Missing,Other,62,Female,0
126.6666667,Missing,62,221,Missing,White,73,Male,0
161,0,44,170,Missing,Black,66,Male,0
155.6666667,Missing,88,220,Missing,Other,55,Male,0
124,1,72,186,Missing,Black,69,Male,0
130.6666667,Missing,72,191,Missing,Black,54,Male,0
113,1,56,147,Missing,Black,60,Female,0
116,1,39,167,Missing,White,70,Male,0
133.6666667,1,35,175,1,White,70,Male,0
133.6666667,1,43,136,Missing,White,68,Female,0
133.6666667,Missing,42,175,1,Black,66,Female,0
100.6666667,Missing,111,259,Missing,White,56,Female,0
147.6666667,0,42,207,1,White,69,Male,0
127.3333333,1,40,176,1,Other,52,Male,0
153,Missing,40,173,1,White,76,Male,0
133.6666667,0,54,167,1,White,71,Male,0
159.5,0,56,118,1,Black,67,Female,0
129.3333333,0,60,222,1,White,66,Female,0
138.6666667,1,57,246,Missing,White,49,Female,0
120.3333333,Missing,60,135,1,White,71,Female,0
156,1,61,186,0,Black,55,Male,0
131.3333333,1,48,192,Missing,Black,64,Male,0
146.6666667,0,52,165,1,Other,69,Male,0
127.3333333,1,41,240,Missing,White,53,Male,0
112.3333333,Missing,43,147,Missing,Black,55,Male,0
117,0,47,196,Missing,White,66,Male,0
126,0,50,226,Missing,White,42,Male,0
133.3333333,0,41,185,Missing,White,64,Male,0
122.3333333,1,50,189,1,Other,65,Male,0
96,0,58,162,1,White,74,Male,0
109,Missing,64,201,Missing,Black,44,Female,0
133,Missing,36,174,1,Other,65,Male,0
108.3333333,Missing,60,234,1,White,54,Male,0
126,0,81,191,Missing,White,73,Female,0
109,0,36,275,Missing,White,60,Male,0
148.6666667,Missing,74,274,1,Black,59,Female,0
134.6666667,Missing,66,238,1,Other,62,Female,0
116.6666667,Missing,64,203,Missing,Other,45,Female,0
105,0,41,259,Missing,Other,46,Male,0
113,0,62,209,Missing,Other,66,Female,0
145,Missing,60,160,Missing,Black,67,Male,0
113.3333333,Missing,54,201,Missing,Other,45,Female,0
104.6666667,1,38,189,Missing,Other,49,Male,0
171,Missing,56,183,1,Black,76,Female,0
133.6666667,Missing,57,177,Missing,Other,64,Female,0
115.3333333,Missing,72,206,Missing,Other,64,Female,0
109.6666667,0,151,264,1,Black,43,Female,0
129.6666667,Missing,43,261,Missing,Other,47,Male,0
129,Missing,38,204,1,Black,44,Male,0
125.3333333,0,52,140,Missing,Black,61,Male,0
123.6666667,0,50,160,1,White,67,Male,0
122.3333333,1,37,142,Missing,Other,40,Male,0
129,0,34,173,Missing,Black,51,Male,0
117,0,62,113,1,Other,50,Male,0
124.6666667,Missing,52,213,Missing,Other,40,Male,0
129,Missing,39,151,Missing,Other,61,Female,0
127.6666667,Missing,38,157,Missing,Other,40,Male,0
187,Missing,54,169,1,Other,77,Female,0
122.6666667,0,68,243,Missing,White,47,Male,0
124.6666667,Missing,57,220,Missing,Other,45,Female,0
119.3333333,1,67,255,1,White,73,Female,0
117,1,37,168,Missing,Other,74,Male,0
119,Missing,58,189,Missing,White,73,Female,0
110,Missing,40,111,Missing,Black,57,Male,0
145,Missing,54,188,1,Other,52,Female,0
109.6666667,Missing,42,202,Missing,Other,40,Male,0
125,Missing,52,146,Missing,Black,56,Male,0
127,0,55,177,1,White,72,Male,0
134.3333333,1,50,219,Missing,Other,63,Male,0
121.6666667,Missing,44,169,Missing,White,76,Female,0
130,Missing,43,113,1,Black,60,Male,0
109,0,41,134,Missing,Black,41,Male,0
103.3333333,Missing,34,198,1,White,53,Female,0
127,Missing,50,152,1,White,57,Female,0
124.3333333,Missing,42,163,Missing,White,53,Male,0
108.6666667,Missing,63,138,Missing,Other,41,Female,0
140.3333333,0,42,184,1,White,76,Male,0
143,0,46,212,1,Other,66,Female,0
110.3333333,Missing,46,123,Missing,Other,63,Female,0
108.3333333,1,52,181,Missing,White,52,Male,0
137.6666667,Missing,93,242,0,White,56,Female,0
122.3333333,1,41,183,Missing,Other,56,Male,0
127,0,45,145,Missing,White,74,Male,0
96.66666667,1,60,178,1,Black,60,Male,0
106.6666667,Missing,44,172,Missing,Other,45,Female,0
110.3333333,Missing,48,161,Missing,White,66,Male,0
141,Missing,52,130,1,Other,72,Male,0
118.6666667,0,37,221,1,White,61,Male,0
134,Missing,25,193,Missing,Other,56,Male,0
149.3333333,0,53,227,Missing,White,56,Male,0
116.6666667,Missing,31,284,Missing,Other,51,Female,0
199,1,18,128,Missing,Black,61,Female,0
109.6666667,Missing,50,197,Missing,White,43,Male,0
109.6666667,1,48,188,Missing,Black,65,Female,0
132,1,46,155,Missing,Other,62,Male,0
179,1,60,193,1,Black,65,Female,0
117.6666667,Missing,41,186,Missing,Other,58,Female,0
106,0,33,153,0,White,42,Male,0
103.3333333,Missing,52,227,Missing,White,50,Female,0
135.5,Missing,40,238,Missing,Other,77,Female,0
152.3333333,Missing,41,203,Missing,Other,41,Male,0
124,Missing,62,171,Missing,Black,63,Female,0
129.6666667,0,49,267,Missing,Other,43,Male,0
139.3333333,0,43,233,1,White,76,Male,0
117,Missing,64,183,1,Black,49,Female,0
146,1,31,79,1,Black,66,Male,0
126.6666667,Missing,75,199,Missing,White,53,Male,0
108.3333333,Missing,66,210,1,Black,61,Female,0
117.3333333,Missing,56,261,Missing,Black,54,Female,0
111,Missing,47,163,Missing,Black,46,Male,0
174.6666667,Missing,62,165,Missing,Black,52,Female,0
154.6666667,1,49,189,1,Other,48,Male,0
134,Missing,49,186,Missing,Black,71,Male,0
129.3333333,Missing,37,171,Missing,Other,64,Female,0
148,0,42,281,Missing,Black,68,Male,0
126,Missing,57,119,1,Black,44,Female,0
122.6666667,Missing,34,244,Missing,White,45,Male,0
115,Missing,45,171,Missing,White,46,Male,0
154.3333333,Missing,93,165,1,Black,50,Female,0
137.6666667,Missing,36,177,1,Other,45,Male,0
120.6666667,Missing,50,132,Missing,Black,58,Female,0
106,0,41,212,Missing,Other,46,Female,0
97,0,50,267,1,White,61,Female,0
125.3333333,0,61,143,0,White,59,Female,0
190,Missing,47,275,0,Other,50,Female,0
111,0,59,178,Missing,Other,52,Male,0
122.6666667,1,66,171,Missing,Black,60,Male,0
147.3333333,Missing,55,175,Missing,Other,70,Female,0
141.6666667,Missing,60,184,1,Black,54,Male,0
137,1,48,196,1,Other,62,Female,0
116.6666667,Missing,89,192,Missing,Other,52,Female,0
107.3333333,Missing,56,246,Missing,Other,54,Female,0
116,Missing,60,196,Missing,White,48,Male,0
119.3333333,0,68,198,Missing,White,74,Female,0
141.3333333,Missing,29,181,Missing,Other,62,Male,0
122,1,68,290,1,White,57,Female,0
125.6666667,0,83,195,Missing,White,73,Male,0
123.6666667,0,50,160,1,White,67,Male,0
143.3333333,Missing,66,248,Missing,Black,58,Female,0
142.3333333,Missing,61,188,Missing,Black,64,Male,0
127,Missing,77,155,Missing,Other,64,Female,0
126,1,74,172,1,Black,69,Male,0
131.6666667,Missing,66,196,Missing,Black,63,Male,0
117.6666667,0,79,175,Missing,White,48,Female,0
115.3333333,Missing,48,263,Missing,Other,43,Female,0
114.6666667,Missing,54,263,Missing,White,43,Female,0
134.6666667,Missing,77,157,Missing,White,64,Female,0
128,1,89,145,Missing,Black,61,Female,0
205.6666667,Missing,62,211,0,Black,54,Female,0
136,Missing,68,238,1,Other,56,Female,0
128.3333333,0,46,211,Missing,Other,42,Female,0
89.33333333,Missing,84,179,Missing,Other,52,Female,0
124.6666667,0,41,171,1,White,64,Male,0
118.3333333,Missing,54,203,Missing,White,65,Female,0
114,Missing,57,213,1,Black,52,Female,0
147.3333333,Missing,57,149,1,White,73,Male,0
96,Missing,36,199,1,White,56,Female,0
136,Missing,44,176,Missing,White,68,Male,0
140,Missing,76,244,1,White,64,Male,0
125.3333333,Missing,54,186,Missing,Other,54,Female,0
112.6666667,0,54,195,Missing,Black,44,Male,0
107.3333333,1,42,170,Missing,White,53,Female,0
98,0,59,239,Missing,White,45,Female,0
127.3333333,1,29,136,1,Black,61,Female,0
126.6666667,0,35,153,1,White,75,Male,0
127.6666667,Missing,52,238,Missing,Black,63,Male,0
128,1,40,160,Missing,Black,57,Male,0
116.3333333,Missing,36,185,Missing,Other,50,Female,0
150.3333333,Missing,82,192,0,Black,50,Female,0
131,0,31,143,1,Other,69,Male,0
103.3333333,Missing,67,185,Missing,White,55,Female,0
129,Missing,63,217,Missing,Other,66,Female,0
116.6666667,0,62,202,Missing,White,71,Male,0
171.3333333,Missing,99,238,1,White,75,Female,0
125,Missing,33,270,Missing,Other,42,Male,0
132.3333333,Missing,93,159,1,White,63,Female,0
130.3333333,Missing,46,163,Missing,White,66,Male,0
108,Missing,67,193,Missing,Other,41,Female,0
122.3333333,Missing,52,184,1,Other,65,Female,0
154,1,97,247,Missing,Black,63,Female,0
122.6666667,Missing,35,185,Missing,Other,44,Male,0
126.6666667,Missing,31,214,Missing,Other,46,Female,0
165.3333333,Missing,80,210,1,Other,57,Female,0
122,Missing,51,142,1,White,76,Male,0
138.3333333,1,54,196,Missing,Black,73,Male,0
115.3333333,Missing,69,174,0,Black,45,Female,0
154.6666667,0,45,169,Missing,Other,74,Male,0
152.3333333,1,50,232,Missing,White,43,Male,0
102.3333333,Missing,52,173,Missing,Other,48,Female,0
142.6666667,Missing,50,174,Missing,White,64,Male,0
104.6666667,0,41,214,1,Other,42,Male,0
154.3333333,Missing,124,232,1,Other,77,Female,0
109.3333333,Missing,54,155,Missing,Other,43,Male,0
173.3333333,0,46,180,1,White,78,Male,0
97,0,56,194,Missing,Other,40,Female,0
110,Missing,51,228,Missing,Black,46,Female,0
133.6666667,1,32,231,Missing,White,52,Male,0
125,Missing,61,178,Missing,Other,40,Female,0
108.6666667,Missing,60,200,Missing,White,45,Female,0
158.3333333,Missing,53,171,1,Black,54,Male,0
128,Missing,85,185,1,Black,59,Female,0
87.66666667,0,66,178,Missing,Other,44,Female,0
170.6666667,Missing,42,155,0,Other,66,Male,0
114,Missing,83,254,Missing,Other,47,Female,0
138.6666667,0,50,225,Missing,Black,64,Male,0
105.6666667,Missing,76,186,Missing,Other,42,Female,0
104,Missing,77,175,Missing,White,48,Female,0
132,Missing,40,174,0,White,61,Male,0
146,Missing,74,218,Missing,Black,68,Female,0
102,Missing,48,216,Missing,White,46,Female,0
165,0,68,229,1,White,60,Male,0
121.3333333,1,94,179,Missing,Black,40,Male,0
123.6666667,Missing,41,149,1,Other,65,Female,0
133.3333333,0,41,185,Missing,White,64,Male,0
162,1,53,134,1,Black,41,Male,0
124.6666667,Missing,38,168,1,Black,79,Male,0
139,1,50,246,1,Black,55,Female,0
120,Missing,57,156,Missing,Black,70,Male,0
115.3333333,0,35,143,Missing,Black,43,Male,0
102,Missing,39,175,1,Other,72,Female,0
123.6666667,0,66,126,1,Other,71,Male,0
192.3333333,Missing,62,231,Missing,Other,54,Female,0
104.3333333,0,56,178,1,Black,64,Female,0
129,Missing,64,168,1,Black,64,Female,0
115.3333333,0,50,189,Missing,Black,61,Female,0
137.3333333,Missing,44,196,1,White,65,Female,0
104.6666667,0,47,176,Missing,Black,63,Male,0
102.3333333,Missing,79,190,Missing,Other,54,Female,0
128.3333333,Missing,77,260,Missing,Other,46,Male,0
118.3333333,Missing,72,187,1,White,48,Female,0
142.3333333,0,43,234,1,Black,60,Male,0
180,1,38,177,0,Black,59,Male,0
146,0,61,148,1,White,76,Male,0
110,0,46,176,Missing,Black,70,Male,0
113,Missing,67,234,1,Black,55,Female,0
132,Missing,34,160,1,White,70,Male,0
114.6666667,Missing,78,212,Missing,Other,48,Female,0
142.6666667,Missing,50,174,Missing,White,64,Male,0
108.6666667,1,61,204,Missing,Black,60,Male,0
130.6666667,0,92,226,Missing,White,59,Male,0
126.6666667,Missing,50,173,1,Black,59,Female,0
150,0,63,157,0,White,41,Female,0
161.3333333,1,61,215,Missing,Other,60,Male,0
142,1,35,198,1,Black,52,Male,0
122.6666667,0,121,259,Missing,White,77,Female,0
124.6666667,Missing,54,161,Missing,Other,41,Female,0
128,1,44,216,Missing,White,46,Male,0
104,Missing,66,204,Missing,White,48,Female,0
196,Missing,44,200,0,Other,53,Male,0
109.3333333,Missing,50,178,1,White,73,Female,0
128.6666667,Missing,29,147,Missing,Other,41,Male,0
117.3333333,Missing,57,205,Missing,Other,51,Female,0
109.6666667,Missing,93,240,Missing,White,62,Female,0
121.3333333,Missing,77,213,Missing,Black,50,Female,0
80.33333333,Missing,63,191,Missing,Other,41,Female,0
144.3333333,Missing,41,251,Missing,Other,48,Male,0
124.6666667,1,44,230,Missing,White,63,Male,0
144.6666667,0,38,188,1,White,77,Male,0
153,Missing,78,179,1,Black,44,Female,0
133.6666667,1,35,175,1,White,70,Male,0
105.3333333,Missing,48,163,Missing,White,60,Male,0
106.6666667,Missing,37,168,Missing,Black,41,Female,0
133.6666667,Missing,47,214,Missing,Black,43,Male,0
134.6666667,Missing,38,140,Missing,Other,67,Male,0
116.6666667,0,80,121,Missing,Black,42,Male,0
130.6666667,1,51,173,0,Black,57,Male,0
125.3333333,0,53,202,0,White,73,Female,0
110.3333333,Missing,55,194,0,Other,58,Female,0
110.3333333,Missing,66,199,Missing,Other,46,Female,0
128,0,56,183,Missing,White,50,Male,0
130.3333333,0,68,202,Missing,White,60,Female,0
123.6666667,0,21,97,Missing,White,40,Male,0
103,0,54,263,Missing,White,40,Female,0
115.6666667,Missing,44,172,1,Black,49,Female,0
121.3333333,Missing,81,197,Missing,Other,41,Female,0
156,0,50,143,1,White,77,Male,0
136.3333333,Missing,45,200,Missing,Other,65,Female,0
107,Missing,48,188,0,Black,49,Female,0
91.33333333,0,72,224,Missing,Other,51,Male,0
119.3333333,Missing,38,173,Missing,Black,47,Male,0
109.6666667,Missing,49,240,1,Black,56,Female,0
120,Missing,57,156,Missing,Black,70,Male,0
162.6666667,Missing,114,242,0,White,63,Female,0
153,Missing,93,269,Missing,White,59,Female,0
121.6666667,Missing,62,254,Missing,White,68,Female,0
210.3333333,Missing,49,225,0,Black,66,Female,0
156.3333333,Missing,34,194,1,Other,61,Female,0
130.6666667,Missing,47,172,1,White,72,Male,0
107.3333333,Missing,46,153,Missing,Other,47,Female,0
140,0,74,141,1,Other,75,Female,0
102.3333333,Missing,47,117,Missing,Black,60,Male,0
156,1,61,186,0,Black,55,Male,0
120.6666667,Missing,38,179,1,White,57,Male,0
120.6666667,Missing,54,294,Missing,Other,43,Male,0
98.66666667,1,47,177,Missing,Black,56,Female,0
162.3333333,Missing,45,160,1,Black,72,Female,0
111,0,41,192,Missing,White,59,Male,0
122,Missing,52,175,Missing,Other,61,Female,0
131.3333333,Missing,68,204,Missing,Other,77,Male,0
110,Missing,56,171,Missing,White,56,Female,0
104,Missing,79,184,Missing,Other,40,Female,0
125.3333333,Missing,38,285,Missing,Other,59,Male,0
124.6666667,1,44,148,Missing,Black,43,Female,0
108,1,43,109,1,Black,56,Female,0
109.3333333,0,41,175,Missing,White,55,Male,0
163,0,63,139,Missing,White,74,Female,0
114,Missing,48,180,1,Black,51,Male,0
119,Missing,85,210,Missing,Black,66,Male,0
123.3333333,0,42,221,1,White,71,Male,0
140.3333333,Missing,79,143,1,Black,62,Female,0
124.6666667,Missing,54,161,Missing,Other,41,Female,0
111.3333333,Missing,49,180,Missing,White,70,Male,0
120.6666667,Missing,56,173,1,Other,79,Female,0
101.3333333,Missing,75,253,1,Black,54,Male,0
132.3333333,Missing,91,236,1,Other,74,Female,0
118.6666667,Missing,47,223,Missing,Other,44,Male,0
104,Missing,42,160,Missing,Black,40,Female,0
112,Missing,71,284,Missing,Other,72,Female,0
129.6666667,1,32,103,1,Other,70,Male,0
116,Missing,54,199,1,Black,72,Female,0
158.3333333,Missing,53,171,1,Black,54,Male,0
139,Missing,35,216,0,White,66,Male,0
129.6666667,1,57,129,Missing,Black,66,Male,0
114,Missing,39,236,Missing,Other,48,Male,0
152,0,53,215,0,Other,75,Female,0
105,Missing,81,190,1,Black,64,Male,0
112.6666667,Missing,49,141,1,Black,60,Female,0
113.3333333,1,76,187,Missing,Black,65,Male,0
132,1,78,184,Missing,White,58,Male,0
135.6666667,Missing,39,200,Missing,Black,53,Male,0
116,Missing,70,283,1,White,53,Male,0
115.3333333,Missing,37,224,Missing,White,43,Male,0
129.6666667,1,33,246,1,Black,49,Male,0
121.6666667,1,70,110,1,White,79,Male,0
132,0,49,265,1,Other,55,Female,0
129,Missing,55,269,Missing,Other,63,Male,0
109.6666667,Missing,57,228,Missing,Other,61,Male,0
155.6666667,Missing,88,220,Missing,Other,55,Male,0
101.3333333,Missing,75,253,1,Black,54,Male,0
105.3333333,Missing,60,217,Missing,White,44,Female,0
106,Missing,44,206,Missing,White,44,Female,0
128.6666667,1,35,213,1,White,67,Male,0
102.3333333,1,54,176,Missing,White,46,Male,0
131.6666667,1,46,182,Missing,Other,41,Female,0
126.6666667,Missing,50,333,1,Other,58,Female,0
128.3333333,0,91,173,1,Black,42,Male,0
135,Missing,77,237,Missing,Black,62,Male,0
162,Missing,56,182,1,Black,70,Female,0
119.3333333,Missing,138,259,Missing,Other,40,Female,0
167.3333333,1,35,179,Missing,Black,54,Male,0
125.6666667,1,59,222,Missing,Black,63,Male,0
133.6666667,1,44,252,Missing,Other,55,Female,0
116,Missing,42,207,1,Other,57,Male,0
133.6666667,0,73,210,Missing,Other,62,Male,0
165.6666667,Missing,34,164,1,White,74,Male,0
102.6666667,Missing,72,244,Missing,Other,60,Female,0
148.6666667,1,54,194,1,White,45,Female,0
110,Missing,52,214,Missing,White,61,Female,0
118.3333333,Missing,48,184,Missing,White,55,Female,0
144.6666667,0,60,221,Missing,White,77,Female,0
145.3333333,Missing,37,167,Missing,Black,63,Male,0
145.3333333,Missing,51,296,1,Other,54,Male,0
125.3333333,1,61,181,1,Black,56,Female,0
121.6666667,1,85,229,Missing,Other,63,Female,0
139.6666667,Missing,66,213,1,White,63,Female,0
117.3333333,Missing,66,218,Missing,White,70,Female,0
115.6666667,1,53,150,1,Black,69,Female,0
126.6666667,Missing,70,247,Missing,Other,53,Female,0
122,Missing,51,142,1,White,76,Male,0
158.3333333,Missing,53,171,1,Black,54,Male,0
132,Missing,83,370,Missing,Other,76,Female,0
127.6666667,Missing,52,238,Missing,Black,63,Male,0
111,Missing,48,242,Missing,Other,44,Male,0
96.66666667,Missing,74,161,Missing,Other,47,Female,0
135.3333333,Missing,46,245,Missing,Other,52,Male,0
151.3333333,Missing,49,153,1,Black,58,Female,0
141.6666667,0,57,190,Missing,Black,40,Female,0
121,1,89,252,Missing,Black,58,Male,0
129.3333333,0,59,235,Missing,White,64,Male,0
136,1,119,220,Missing,Other,45,Female,0
118,Missing,49,180,1,White,47,Male,0
113.3333333,Missing,54,201,Missing,Other,45,Female,0
125.6666667,Missing,41,227,Missing,Other,61,Male,0
136.6666667,0,54,283,Missing,Other,60,Male,0
122.3333333,0,39,217,1,White,61,Female,0
131.3333333,Missing,55,269,Missing,Other,55,Female,0
117.3333333,Missing,55,204,Missing,Other,50,Female,0
124,0,96,248,Missing,Other,53,Male,0
115.6666667,0,30,137,1,White,57,Male,0
110.6666667,1,68,149,1,White,69,Female,0
109,Missing,44,167,Missing,White,42,Female,0
150.6666667,Missing,64,196,1,Black,63,Female,0
104,Missing,42,160,Missing,Black,40,Female,0
116,Missing,43,220,Missing,Other,40,Male,0
154.3333333,0,41,103,1,Other,71,Male,0
103,0,37,163,Missing,Black,58,Female,0
122,1,88,248,Missing,Other,50,Female,0
155,Missing,62,279,0,Other,64,Male,0
136.3333333,1,54,155,1,White,55,Male,0
138.3333333,Missing,52,178,Missing,White,69,Female,0
105.6666667,Missing,76,186,Missing,Other,42,Female,0
144.3333333,1,37,129,Missing,Black,55,Male,0
123.6666667,0,50,160,1,White,67,Male,0
166,0,66,223,Missing,Other,62,Female,0
140.3333333,0,91,170,1,White,77,Male,0
142.3333333,1,42,203,Missing,Other,44,Female,0
110.6666667,Missing,40,212,Missing,Other,47,Male,0
119.6666667,Missing,44,179,Missing,White,60,Male,0
110,Missing,40,111,Missing,Black,57,Male,0
139.3333333,0,84,205,1,White,62,Female,0
128.3333333,0,46,211,Missing,Other,42,Female,0
126.6666667,Missing,70,247,Missing,Other,53,Female,0
117,0,35,123,Missing,Other,55,Male,0
134,1,72,185,0,White,56,Female,0
107.6666667,0,41,118,Missing,White,71,Male,0
121.3333333,Missing,45,157,Missing,Black,61,Male,0
121,Missing,50,183,Missing,Other,74,Male,0
179.3333333,Missing,76,187,Missing,Black,59,Female,0
114,Missing,42,226,Missing,Other,48,Male,0
140.3333333,Missing,32,153,1,Black,65,Female,0
134.6666667,Missing,56,188,0,White,45,Male,0
116.6666667,0,48,177,Missing,Other,78,Male,0
150.3333333,0,55,229,Missing,Other,61,Male,0
118,Missing,39,195,Missing,Other,41,Male,0
115,Missing,64,201,Missing,White,47,Male,0
119.3333333,0,43,121,Missing,White,54,Male,0
118,Missing,94,231,Missing,Other,53,Female,0
134.6666667,1,71,211,1,Black,60,Male,0
152,0,41,248,Missing,White,57,Male,0
122.6666667,1,64,168,1,Other,63,Male,0
107.3333333,Missing,57,150,Missing,Other,40,Female,0
118.3333333,0,58,248,0,White,46,Male,0
153,Missing,78,179,1,Black,44,Female,0
128.6666667,Missing,58,192,Missing,Black,44,Male,0
127,1,58,209,1,White,51,Male,0
122.3333333,Missing,61,157,Missing,Other,53,Female,0
150.3333333,Missing,56,233,Missing,White,66,Male,0
157.3333333,1,63,147,Missing,Black,63,Female,0
120.3333333,0,46,213,Missing,Other,49,Male,0
118.3333333,0,58,248,0,White,46,Male,0
116.3333333,Missing,53,309,Missing,Other,52,Female,0
129.3333333,1,54,217,Missing,Other,40,Male,0
114.6666667,Missing,50,158,Missing,White,45,Male,0
137.3333333,Missing,74,202,1,Black,42,Male,0
110.3333333,Missing,33,138,Missing,Black,60,Female,0
150.3333333,1,60,179,Missing,Other,56,Male,0
155,Missing,62,279,0,Other,64,Male,0
108.6666667,Missing,66,227,Missing,Other,54,Male,0
125.6666667,Missing,74,173,1,Other,56,Female,0
119.3333333,0,72,248,Missing,Other,63,Female,0
126.6666667,0,66,161,1,Other,75,Male,0
187,Missing,54,169,1,Other,77,Female,0
132,Missing,56,188,1,Black,78,Female,0
172,1,41,146,0,White,61,Male,0
130.6666667,1,64,185,1,Black,61,Male,0
148,Missing,53,199,1,White,75,Female,0
127,0,45,280,Missing,Other,51,Female,0
104,0,77,216,Missing,White,68,Female,0
167,Missing,67,191,0,Black,57,Male,0
112.6666667,Missing,46,261,Missing,Other,43,Male,0
124.6666667,Missing,39,123,1,Other,62,Male,0
137.6666667,Missing,82,239,0,Black,40,Male,0
124.6666667,Missing,33,195,1,Other,66,Female,0
105,1,48,199,Missing,White,49,Female,0
113,Missing,49,187,Missing,Other,53,Male,0
96.66666667,Missing,34,130,Missing,Other,63,Female,0
102,Missing,39,175,1,Other,72,Female,0
89.33333333,Missing,84,179,Missing,Other,52,Female,0
125,0,30,179,Missing,Other,40,Male,0
116.3333333,Missing,31,141,1,Other,68,Female,0
124,Missing,44,166,Missing,Other,46,Female,0
120.6666667,0,86,219,Missing,White,65,Female,0
110,Missing,52,207,Missing,White,55,Male,0
127,Missing,60,239,1,Black,53,Female,0
114,Missing,47,246,Missing,White,62,Male,0
102.6666667,0,46,221,0,White,64,Female,0
126,1,59,158,1,White,77,Female,0
134.3333333,1,51,240,Missing,White,57,Male,0
122.6666667,1,66,171,Missing,Black,60,Male,0
111.6666667,Missing,64,168,Missing,Other,58,Female,0
120.6666667,1,53,149,Missing,Black,61,Male,0
106.3333333,Missing,41,215,1,White,63,Female,0
209.3333333,1,84,163,0,White,40,Male,0
149.6666667,Missing,54,128,1,Black,68,Female,0
108.3333333,Missing,65,167,Missing,White,59,Male,0
144,0,41,168,1,White,57,Male,0
105.6666667,Missing,69,211,Missing,Other,42,Female,0
136.3333333,Missing,55,205,1,Other,65,Female,0
114,0,78,263,Missing,Black,73,Female,0
124.6666667,1,44,230,Missing,White,63,Male,0
122.6666667,Missing,69,248,Missing,White,48,Male,0
127.3333333,0,39,170,Missing,White,71,Male,0
100,Missing,44,163,1,Other,45,Female,0
124.6666667,1,51,207,1,White,62,Male,0
120,1,42,187,Missing,White,41,Female,0
157.3333333,Missing,64,193,0,Other,56,Female,0
118.3333333,0,58,248,0,White,46,Male,0
116.3333333,Missing,53,309,Missing,Other,52,Female,0
111,0,54,125,1,White,79,Female,0
123.3333333,1,45,176,1,Black,74,Female,0
119.3333333,1,39,160,Missing,White,40,Female,0
131.6666667,Missing,73,218,1,Other,56,Female,0
96.66666667,Missing,52,237,Missing,White,42,Female,0
125,Missing,48,128,1,Other,74,Male,0
119.3333333,1,64,192,Missing,Black,63,Male,0
117,0,41,171,1,White,69,Male,0
164.6666667,1,48,221,0,Black,55,Female,0
102.3333333,Missing,83,148,Missing,White,56,Female,0
142.6666667,Missing,35,88,1,Black,77,Female,0
124.6666667,0,48,184,Missing,White,59,Female,0
149.6666667,0,48,203,Missing,White,70,Male,0
134.3333333,1,73,187,1,Black,54,Female,0
102,0,67,234,Missing,White,40,Female,0
112,Missing,71,284,Missing,Other,72,Female,0
107,Missing,52,195,Missing,Other,57,Female,0
132.6666667,0,50,256,1,Black,58,Female,0
165,0,49,182,1,Black,64,Female,0
118.3333333,Missing,48,184,Missing,White,55,Female,0
116.6666667,Missing,59,141,Missing,Other,62,Female,0
111.3333333,Missing,48,189,1,Black,52,Female,0
104.6666667,1,93,203,Missing,Other,67,Male,0
155.3333333,Missing,49,153,1,Other,75,Female,0
164,0,61,183,Missing,Other,52,Female,0
127,1,43,185,Missing,White,60,Male,0
143,Missing,67,165,1,White,65,Female,0
109.3333333,Missing,50,178,1,White,73,Female,0
89.33333333,0,46,181,Missing,Black,61,Male,0
151.6666667,0,46,220,Missing,Other,52,Male,0
113,1,50,163,0,Black,51,Male,0
100.3333333,1,27,125,1,Black,65,Male,0
120.3333333,Missing,45,186,0,White,48,Female,0
119,1,32,208,Missing,White,46,Male,0
160,0,50,273,Missing,Black,60,Female,0
116,0,34,244,Missing,Other,42,Male,0
105,0,33,114,1,White,47,Male,0
129.3333333,Missing,48,142,Missing,Other,44,Male,0
130,Missing,42,193,Missing,Other,47,Female,0
110,Missing,57,188,Missing,Other,46,Female,0
108.3333333,Missing,44,147,Missing,Other,41,Male,0
121.6666667,Missing,46,155,1,White,57,Male,0
120,0,48,199,1,White,40,Male,0
162,Missing,51,200,Missing,Other,66,Female,0
132.6666667,1,44,122,Missing,Black,65,Male,0
115.3333333,Missing,48,187,Missing,Black,51,Male,0
143.6666667,1,51,188,1,Black,69,Male,0
106.6666667,Missing,45,116,1,White,68,Male,0
129.3333333,0,75,165,1,White,74,Female,0
132.6666667,1,55,159,Missing,White,55,Male,0
140.3333333,0,91,170,1,White,77,Male,0
92.66666667,Missing,42,221,1,White,52,Male,0
122.6666667,0,51,173,1,White,50,Female,0
148.3333333,1,40,150,Missing,Other,62,Male,0
171.3333333,Missing,64,238,0,Black,60,Female,0
93,Missing,55,178,Missing,Other,51,Female,0
127,0,35,157,1,Other,61,Male,0
128.3333333,Missing,51,179,Missing,Other,54,Female,0
132.6666667,1,61,130,Missing,White,46,Male,0
132,Missing,56,188,1,Black,78,Female,0
180,1,38,177,0,Black,59,Male,0
110.6666667,1,53,182,1,Black,58,Female,0
128.3333333,Missing,39,170,1,Black,62,Male,0
139,1,50,246,1,Black,55,Female,0
131,0,80,253,Missing,White,61,Female,0
119.6666667,0,91,211,1,White,73,Male,0
108,Missing,71,197,Missing,White,54,Female,0
114.6666667,Missing,78,212,Missing,Other,48,Female,0
133.3333333,Missing,44,211,Missing,Other,59,Female,0
130.3333333,Missing,61,255,Missing,White,73,Male,0
122,0,53,268,0,White,49,Male,0
121.3333333,0,40,180,Missing,White,52,Female,0
134.3333333,1,79,252,Missing,Black,62,Male,0
115.6666667,0,41,187,Missing,White,54,Male,0
113,Missing,69,199,1,White,63,Male,0
134.6666667,Missing,77,157,Missing,White,64,Female,0
125.6666667,1,53,263,Missing,Other,47,Male,0
150.3333333,0,71,191,Missing,Black,63,Female,0
111.6666667,Missing,47,208,Missing,Other,45,Female,0
110,Missing,40,111,Missing,Black,57,Male,0
133.6666667,Missing,59,176,Missing,Other,60,Female,0
133.6666667,1,41,127,1,Black,50,Male,0
114.6666667,Missing,55,147,Missing,Other,67,Male,0
128.3333333,0,78,283,Missing,Other,60,Male,0
121.6666667,0,35,155,0,Other,45,Male,0
116,Missing,34,166,1,Other,63,Male,0
147.3333333,Missing,78,262,1,Black,61,Female,0
113.3333333,1,49,158,Missing,White,42,Male,0
118,Missing,49,250,Missing,White,54,Female,0
141.6666667,1,69,171,Missing,Black,61,Male,0
153.3333333,Missing,37,221,Missing,Other,75,Female,0
140.6666667,Missing,62,185,1,Black,58,Male,0
118.6666667,Missing,50,190,Missing,White,53,Female,0
118,Missing,45,231,0,Other,48,Male,0
119,Missing,43,119,1,Black,63,Male,0
141,0,40,151,0,White,68,Male,0
149.3333333,Missing,48,225,Missing,Other,70,Male,0
110.3333333,Missing,66,199,Missing,Other,46,Female,0
132.6666667,Missing,48,215,Missing,Other,50,Female,0
126,Missing,57,119,1,Black,44,Female,0
132.3333333,Missing,66,169,1,Other,62,Female,0
125.3333333,Missing,56,147,Missing,White,50,Male,0
118,Missing,61,163,1,Black,59,Female,0
148,0,50,196,1,White,53,Male,0
130,Missing,43,177,Missing,Other,54,Female,0
176,1,121,203,0,Black,54,Male,0
125,Missing,56,235,Missing,White,57,Female,0
116.6666667,Missing,43,184,1,Other,66,Female,0
140,1,65,254,Missing,White,55,Male,0
111.3333333,0,45,181,Missing,White,63,Male,0
151.3333333,1,73,232,1,Black,58,Female,0
108.6666667,Missing,99,241,1,Other,62,Female,0
116.3333333,Missing,38,180,Missing,Other,43,Female,0
185.3333333,Missing,60,192,1,Black,53,Female,0
110.3333333,1,41,194,Missing,White,73,Female,0
127.6666667,1,64,240,1,Black,49,Female,0
117,0,55,182,Missing,White,49,Male,0
122.3333333,0,90,288,Missing,White,56,Female,0
114.6666667,1,41,241,Missing,White,43,Female,0
103,Missing,56,204,Missing,Other,41,Female,0
110,Missing,60,189,Missing,Black,68,Female,0
130,Missing,44,202,1,White,53,Male,0
149,Missing,35,164,1,Other,58,Male,0
144,Missing,62,244,1,Other,64,Female,0
124.6666667,Missing,50,204,Missing,Other,46,Female,0
102,Missing,79,235,1,Other,67,Female,0
136.6666667,Missing,39,123,1,Other,66,Female,0
114,0,54,219,Missing,Black,60,Male,0
118.6666667,0,75,196,Missing,Other,56,Female,0
125,Missing,61,178,Missing,Other,40,Female,0
111,Missing,72,238,Missing,Other,56,Male,0
114,Missing,44,254,Missing,White,42,Male,0
129.3333333,Missing,48,142,Missing,Other,44,Male,0
144.6666667,1,40,219,Missing,Black,63,Male,0
128.6666667,Missing,41,165,Missing,Other,45,Male,0
125.6666667,1,61,204,Missing,Other,54,Male,0
102.3333333,Missing,73,228,Missing,White,45,Female,0
111.6666667,Missing,56,131,1,Black,55,Female,0
131.3333333,Missing,59,200,Missing,Other,41,Female,0
110.3333333,1,36,129,Missing,Other,61,Male,0
116.6666667,Missing,64,203,Missing,Other,45,Female,0
122,1,68,290,1,White,57,Female,0
125.6666667,0,60,192,Missing,Other,73,Male,0
127.6666667,Missing,43,99,Missing,Other,58,Male,0
114.3333333,1,57,193,Missing,Black,44,Male,0
124.3333333,1,64,191,Missing,Other,49,Female,0
138.3333333,0,71,145,1,Black,69,Male,0
107.3333333,1,34,140,Missing,White,45,Male,0
132,Missing,65,180,1,Other,73,Female,0
135.6666667,0,50,216,1,White,61,Male,0
153.6666667,0,65,203,1,White,79,Male,0
101,0,52,145,Missing,White,62,Male,0
140.3333333,Missing,44,140,Missing,White,74,Male,0
127,0,45,280,Missing,Other,51,Female,0
116,Missing,45,254,Missing,Other,55,Male,0
196,Missing,44,200,0,Other,53,Male,0
217,1,58,205,1,Black,60,Male,0
