obs_index,rhat
1,1.1475420320367213
2,1.3022963596470918
3,1.3393234600898793
4,1.090550882923322
5,1.3244374339412865
6,1.2158286542464414
7,1.404625527913729
8,1.7230134253151974
9,1.5999491956388527
10,1.8791510692327058
11,1.0600189343100286
12,1.686758499077898
13,1.2091134086920292
14,1.1570709620517636
15,1.2579241041013876
16,1.4993010461146559
17,1.1469327735666175
18,1.641980853736576
19,1.4992720668006696
20,1.1100889717332156
21,1.084416913673557
22,1.331494287143632
23,1.5688090252859277
24,1.1277211275341645
25,1.227001341795086
26,1.335498054803445
27,1.135032814953831
28,1.2509894018144085
29,1.352589485590961
30,1.319169335545717
31,1.1797428184192538
32,1.3882156331716853
33,1.2541568248683101
34,1.1754741918648934
35,1.2835311052900036
36,1.3444810577132793
37,1.2294513869646964
38,1.0992030398265498
39,1.3265894474727942
40,1.0777373277422366
41,1.2926258406451538
42,1.462120747431264
43,1.505247169571003
44,1.1963677690281413
45,1.261353189166558
46,1.4345373113269129
47,1.2686576879281917
48,1.3506129610569424
49,1.2149432726392813
50,1.5206335189079179
51,1.7371084170659346
52,1.2238682690674445
53,1.3468586880191942
54,1.1991283624638067
55,1.1360532718588823
56,1.9346353888515055
57,1.262370979605549
58,1.157604864420836
59,1.3821195750436006
60,1.2541568248683101
61,1.148900808871201
62,1.3244374339412865
63,1.3673098818279066
64,1.778035692242185
65,1.2749612612083738
66,1.0576174968369112
67,1.2272565907296968
68,1.3000028384375382
69,1.3693795728030707
70,1.1504242575139194
71,1.126300618338126
72,1.1980234977505717
73,1.277207551502501
74,1.3476209056496316
75,1.2430135305215497
76,1.3601883419275127
77,1.1168263082220449
78,1.2823519885198122
79,1.29382622707039
80,1.2459066931959089
81,1.3432536536352957
82,1.3590741692548187
83,1.0502922268622445
84,1.1892513230626114
85,1.3506129610569424
86,1.1652270442196384
87,1.5369307768360225
88,1.2443697695367133
89,1.2926258406451538
90,1.5062427599415094
91,1.2292634574201904
92,1.1221706423883806
93,1.42961048236586
94,1.1379834522203474
95,1.1264802304963126
96,1.305464535463492
97,1.778035692242185
98,1.1912767555388641
99,1.0591342029293445
100,1.4345373113269129
101,1.2293308920278434
102,1.1991283624638067
103,1.5056304839237282
104,1.1676549082865761
105,1.3634976767341358
106,1.4473091437080514
107,1.2800266487320209
108,1.0556400323955464
109,1.2164158350237455
110,1.3378870002317804
111,1.2030713905022155
112,1.2235004483472267
113,1.2726674234732755
114,1.4097791056375804
115,1.2256580911245614
116,1.1379834522203474
117,1.246454806345596
118,1.184174366446481
119,1.3242626003002425
120,1.3185733320056419
121,1.2299782201680969
122,1.3317872275379525
123,1.0291722238222225
124,1.1161541108580109
125,1.2153273990165334
126,1.4053422504053854
127,1.2312984363090196
128,1.0550548021028276
129,1.0452804334614736
130,1.3699657316162808
131,1.1567949422092456
132,1.1967427762444147
133,1.1886455741883164
134,1.4900780169206822
135,1.2826290949949533
136,1.5860727675452369
137,1.1856396077754683
138,1.1307115631359717
139,1.320007771045236
140,1.0943433056628373
141,1.1434501744048542
142,1.0737076178987277
143,1.2695171428093315
144,1.1009890165637823
145,1.1813376082400322
146,1.1017102954236613
147,1.5103378653082553
148,1.3045939713279788
149,1.0600189343100286
150,1.423059351434304
151,1.1395637855273997
152,1.1540243491246842
153,1.7977688655611954
154,1.1534357916372582
155,1.331494287143632
156,1.259056297183899
157,1.368049074733511
158,1.1758517630306249
159,1.0945578010587962
160,1.4971639062783937
161,1.1967427762444147
162,1.1642229400496176
163,1.2864021900648066
164,1.1769087976457362
165,1.130413507030792
166,1.2584768558830108
167,1.4416811913886542
168,1.917446775156183
169,1.3082917254928752
170,1.0690584269731371
171,1.0826855456308857
172,1.7073806217812901
173,1.2459386973073758
174,1.3393234600898793
175,1.1527726530117994
176,1.4696432030158775
177,1.2749612612083738
178,1.9346353888515055
179,1.3518860702135846
180,1.3052043348055824
181,1.2255202816195176
182,1.3476209056496316
183,1.1918701037221529
184,1.0732916646064903
185,1.1804895537264322
186,1.2272565907296968
187,1.4864975810289813
188,1.098554240186225
189,1.2126350276080713
190,1.4534854876986196
191,1.2664727212763611
192,1.2272565907296968
193,1.1221706423883806
194,1.4058761978173473
195,1.2749612612083738
196,1.3995953223395166
197,1.2028815655412821
198,1.289675842835302
199,1.1892513230626114
200,1.3417785009026264
201,1.3406004896534665
202,1.130043724528767
203,1.418109580238152
204,1.378245044463391
205,1.3506129610569424
206,1.3566336142490634
207,1.1229450941208248
208,1.1567949422092456
209,1.2640731463405603
210,1.2441598073178455
211,1.153831144828233
212,1.1639037683491318
213,1.094392128980718
214,1.3796579326805902
215,1.2399162313213135
216,1.3389472424694557
217,1.4506224399491072
218,1.3463173774353885
219,1.3081500841803642
220,1.5148863173216367
221,1.5870023597712521
222,1.1583978603506062
223,1.1741500002834975
224,1.3973546624729014
225,1.4364962264493328
226,1.152979100218151
227,1.2541568248683101
228,1.3428640685755737
229,1.0474722256772497
230,1.3208442314309987
231,1.1604338312122573
232,1.57127178513774
233,1.3432536536352957
234,1.3111183349356768
235,1.2153273990165334
236,1.2164158350237455
237,1.2487258906304808
238,1.0581685943826367
239,1.081010424605513
240,1.126300618338126
241,1.4754230198488374
242,1.2948950028141695
243,1.2813455412046864
244,1.2278247176311086
245,1.2786694722227532
246,1.1527726530117994
247,1.2999326903344992
248,1.1542834462271678
249,1.3601883419275127
250,1.1202013248812974
251,1.4389702279049736
252,1.2790536136033466
253,1.1659445710246412
254,1.209695121947024
255,1.5594947063631701
256,1.1886458139282807
257,1.2120334580314251
258,1.1449860860254297
259,1.1856396077754683
260,1.3796579326805902
261,1.1202013248812974
262,1.4693675637692087
263,1.1271661094342065
264,1.3396913984216599
265,1.6777548479071005
266,1.292047670535012
267,1.4416811913886542
268,1.170023669925003
269,1.1581086884919825
270,1.2167769726955706
271,1.248882907403969
272,1.125898450186088
273,1.5969106489720035
274,1.1680569468018427
275,1.0581685943826367
276,1.352518358604734
277,1.4297536070423063
278,1.2256580911245614
279,1.148497703090271
280,1.1156721106874716
281,1.189334226631403
282,1.2959794363083086
283,1.2800266487320209
284,1.2792206704384226
285,1.721366770804148
286,1.7230134253151974
287,1.2700898966266234
288,1.2445500074603753
289,1.134373148507378
290,1.2444559564387672
291,1.2372002374809328
292,1.2197218239516496
293,1.3393234600898793
294,1.2061751679626764
295,1.1229450941208248
296,1.1798264523565947
297,1.1287292861829494
298,1.5177041795895134
299,1.1100850934908857
300,1.2197218239516496
301,1.1883025122970468
302,1.157604864420836
303,1.2372002374809328
304,1.4534854876986196
305,1.3378870002317804
306,1.2441598073178455
307,1.2444559564387672
308,1.475647653962898
309,1.470900394953661
310,1.148497703090271
311,1.0602807199042974
312,1.8274802199519231
313,1.4762200220805866
314,1.1782084769961334
315,1.3045939713279788
316,1.5177041795895134
317,1.4012106865143379
318,1.292047670535012
319,1.130043724528767
320,1.2126350276080713
321,1.2865019434089455
322,1.330837486674301
323,1.259257182122912
324,1.3508135935659256
325,1.450964842468423
326,1.2222914194364098
327,1.4900780169206822
328,1.1032459607035405
329,1.2675719095568407
330,1.088887442768034
331,1.4364962264493328
332,1.1032459607035405
333,1.152578929993733
334,1.330837486674301
335,1.3317872275379525
336,1.10440326933026
337,1.247067503543832
338,1.1984381365793275
339,1.125898450186088
340,1.0807158083453792
341,1.4493737486933393
342,1.4097791056375804
343,1.1711453496261282
344,1.1264802304963126
345,1.227001341795086
346,1.336963624860985
347,1.3021847073015598
348,1.098554240186225
349,1.373433044486494
350,1.2700898966266234
351,1.5712275866969956
352,1.1177872732707697
353,1.3468586880191942
354,1.2916176518561953
355,1.335498054803445
356,1.2864021900648066
357,1.220180719370915
358,1.3566336142490634
359,1.3490081027999896
360,1.130043724528767
361,1.3461809911662657
362,1.0992030398265498
363,1.1879905791115872
364,1.62112806215646
365,1.1798331297794644
366,1.3475069697326267
367,1.3719362509528448
368,1.0777373277422366
369,1.3307603132313974
370,1.2233678625507527
371,1.1301468559883812
372,1.248882907403969
373,1.1391074629029974
374,1.6314762108708136
375,1.1257289483027548
376,1.1067863113314969
377,1.3243575884957186
378,1.2826290949949533
379,1.2292584758365592
380,1.1918701037221529
381,1.8329993596724838
382,1.4148455485320717
383,1.3889776218295846
384,1.3389472424694557
385,1.2957868974194267
386,1.312432647078542
387,1.3873391352279467
388,1.1933870181456052
389,1.3833946966442683
390,1.2459386973073758
391,1.2261931565622497
392,1.3873391352279467
393,1.5343379183643655
394,1.5870023597712521
395,1.2234974476950136
396,1.3372589283898024
397,1.1514117332199256
398,1.0800381719768395
399,1.0785056193683284
400,1.5046386687694309
401,1.1007654577054953
402,1.1469327735666175
403,1.2832283010453744
404,1.4696432030158775
405,1.2164158350237455
406,1.0591342029293445
407,1.5206335189079179
408,1.2524622810144368
409,1.5572834121722412
410,1.0199400816834752
411,1.2149432726392813
412,1.2896678970281654
413,1.3821195750436006
414,1.4484277879828211
415,1.5177041795895134
416,1.292522549725055
417,1.2546745563050048
418,1.2081953771037677
419,1.4817185915224889
420,1.3052628753391597
421,1.351086722528025
422,1.1007654577054953
423,1.2579241041013876
424,1.3406004896534665
425,1.1395637855273997
426,1.1100889717332156
427,1.1281004859473494
428,1.5047145146836862
429,1.2278247176311086
430,1.4693675637692087
431,1.3729399035982157
432,1.1942688268751511
433,1.220746943982098
434,1.125898450186088
435,1.160970742245253
436,1.2267534449748267
437,1.3518860702135846
438,1.3601857595834783
439,1.4238524077930785
440,1.3265894474727942
441,1.5870023597712521
442,1.2404908646971906
443,1.2120334580314251
444,1.1427862008195608
445,1.3021847073015598
446,1.3032226715639272
447,1.4696432030158775
448,1.2256580911245614
449,1.3791962511923783
450,1.4797043200628381
451,1.3699657316162808
452,1.3378870002317804
453,1.2091134086920292
454,1.0777373277422366
455,1.0830764524898784
456,1.2267443930036759
457,1.1067863113314969
458,1.2017880885858798
459,1.3852036839586956
460,1.142381150575535
461,1.336963624860985
462,1.2932740508345433
463,1.8274802199519231
464,1.345710920267836
465,1.14912483045323
466,1.356384932014639
467,1.2249350671675414
468,1.2404908646971906
469,1.159530126888552
470,1.4484277879828211
471,1.1776394137013384
472,1.3524620769198707
473,1.095731947492142
474,1.1813376082400322
475,1.1360532718588823
476,1.2580808835860777
477,1.329231520455333
478,1.2969828971543407
479,1.2641649075877512
480,1.7145665923896203
481,1.2362686255770998
482,1.3656899542496166
483,1.527274601714101
484,1.462120747431264
485,1.364135660205514
486,1.154379390342931
487,1.4910856991656005
488,1.1225919918306773
489,1.383043122187854
490,1.28898853515247
491,1.1177872732707697
492,1.3954226690797435
493,1.5969106489720035
494,1.298713544480644
495,1.6205983695960686
496,1.196545897437862
497,1.543732735554708
498,1.2061751679626764
499,1.0898250776424725
500,1.0474722256772497
501,1.2926258406451538
502,1.4993010461146559
503,1.1188942796791017
504,1.1750818157579908
505,1.0690584269731371
506,1.3299514746289052
507,1.4782376957168866
508,1.1168263082220449
509,1.5062427599415094
510,1.3722428252603158
511,1.3534346070748102
512,1.2899558072008095
513,1.5082298119725879
514,1.108998507311724
515,1.2183356871693625
516,1.9346353888515055
517,1.0580589407482697
518,1.3244374339412865
519,1.1221706423883806
520,1.2800985254955686
521,1.1604338312122573
522,1.1542834462271678
523,1.2749612612083738
524,1.0600189343100286
525,1.1059604391454196
526,1.3158617463937083
527,1.51886329229496
528,1.2097086034116442
529,1.2700898966266234
530,1.0580589407482697
531,1.1970784913737362
532,1.18195682182701
533,1.2212176822453071
534,1.3244374339412865
535,1.1814991404781177
536,1.0576174968369112
537,1.3022963596470918
538,1.4058761978173473
539,1.1307115631359717
540,1.333237104358858
541,1.3394384826022692
542,1.4024601137195973
543,1.1168263082220449
544,1.286652378584557
545,1.505247169571003
546,1.544923804940056
547,1.0550548021028276
548,1.2267443930036759
549,1.3141367663450556
550,1.436151313124493
551,1.3232694659582613
552,1.2292634574201904
553,1.179731326646878
554,1.4351273301414529
555,1.3889776218295846
556,1.1977079619872188
557,1.1659445710246412
558,1.021028969270386
559,1.4105181858686822
560,1.146879449210877
561,1.0976739416924706
562,1.3919042316846215
563,1.3927283354448923
564,1.169116631015847
565,1.1411923904508667
566,1.7862201017347554
567,1.1717929443185429
568,1.2267454094853947
569,1.4860549795887172
570,1.686758499077898
571,1.3219348441951753
572,1.1286984420178265
573,1.3949406375074056
574,1.1312301035843724
575,1.18195682182701
576,1.2261170622442912
577,1.1296928276718006
578,1.3043242498713337
579,1.1754741918648934
580,1.3222582838994243
581,1.317287273887369
582,1.2194039897061846
583,1.1141439716046906
584,1.2924850473347052
585,1.7369789292692137
586,1.3015932770382286
587,1.2137039901278313
588,1.1476822476143975
589,1.2524622810144368
590,1.2640731463405603
591,1.3222582838994243
592,1.4077982667581932
593,1.179731326646878
594,1.0576174968369112
595,1.4193458462917743
596,1.2314030166804257
597,1.0732916646064903
598,1.2212278323293324
599,1.4344852221110995
600,1.2835311052900036
601,1.3581184856497108
602,1.3069470837733341
603,1.0605805461597493
604,1.505619799117264
605,1.1202013248812974
606,1.0591342029293445
607,1.2330975163548339
608,1.3039872442255713
609,1.6927777044375165
610,1.313882899849795
611,1.2974100699832494
612,1.2557264342116874
613,1.2768136280712958
614,1.1062920031504984
615,1.404625527913729
616,1.4377092937168714
617,1.1376644524798833
618,1.4377092937168714
619,1.2298934301042201
620,1.2249350671675414
621,1.2620428624124127
622,1.7862201017347554
623,1.3638032422480937
624,1.320007771045236
625,1.2110890281722282
626,1.147992561495193
627,1.084416913673557
628,1.4364962264493328
629,1.119044816830234
630,1.1504242575139194
631,1.154379390342931
632,1.1715881040652865
633,1.2212278323293324
634,1.2426446604406738
635,1.5999491956388527
636,1.4297536070423063
637,1.1915729474446877
638,1.2504503731390488
639,1.301620388647447
640,1.093705437604451
641,1.2918675881977508
642,1.3566336142490634
643,1.5103378653082553
644,1.22966371755757
645,1.098554240186225
646,1.2810369217691797
647,1.6318894586193609
648,1.189334226631403
649,1.2584768558830108
650,1.3432536536352957
651,1.2800266487320209
652,1.357605143947594
653,1.2147349896298771
654,1.0616002217664762
655,1.4539925653718917
656,1.1388034609296303
657,1.2034062252160702
658,1.0436708830933676
659,1.220180719370915
660,1.1912767555388641
661,1.0291722238222225
662,1.148900808871201
663,1.404536371702734
664,1.1828499139251771
665,1.2367866403821481
666,1.4097791056375804
667,1.3047309866338526
668,1.1219410901024196
669,1.3673098818279066
670,1.4012106865143379
671,1.292047670535012
672,1.3476209056496316
673,1.2459066931959089
674,1.303924313144703
675,1.7371084170659346
676,1.1155896019763227
677,1.5140568395817562
678,1.2899558072008095
679,1.0664753109224347
680,1.0945578010587962
681,1.184174366446481
682,1.2524622810144368
683,1.605940661419552
684,1.3442157534735166
685,1.2222914194364098
686,1.2238682690674445
687,1.837996858872826
688,1.4024601137195973
689,1.1510020068475932
690,1.3601883419275127
691,1.1798331297794644
692,1.1972528752783127
693,1.3537554628364061
694,1.2292584758365592
695,1.356384932014639
696,1.4321328005829732
697,1.2832283010453744
698,1.2832283010453744
699,1.3241725103867803
700,1.3738640029339098
701,1.0806955286700979
702,1.4683495080639326
703,1.2644704825978625
704,1.1495680458091104
705,1.2608944741717625
706,1.220935920074051
707,1.3634976767341358
708,1.2270100823888845
709,1.1554093186462577
710,1.1771635124358608
711,1.2922279333732265
712,1.1246735777226489
713,1.189334226631403
714,1.2861531218823192
715,1.2313613811307171
716,1.4121607131964289
717,1.319169335545717
718,1.6740400993290334
719,1.1508527741493995
720,1.3317872275379525
721,1.19507487298332
722,1.9853051921782459
723,1.330837486674301
724,1.3102302028661588
725,1.4376619433524922
726,1.5046386687694309
727,1.1100889717332156
728,1.098554240186225
729,1.182827886641654
730,1.1007654577054953
731,1.1469327735666175
732,1.1355148624762403
733,1.917446775156183
734,1.721366770804148
735,1.2441598073178455
736,1.0502922268622445
737,1.2147349896298771
738,1.1570709620517636
739,1.1692544919291845
740,1.2640731463405603
741,1.3626557017760015
742,1.3052043348055824
743,1.3000028384375382
744,1.1187123419372098
745,1.220982199068342
746,1.3475069697326267
747,1.1373510860643006
748,1.1184448675094245
749,1.3267591373089538
750,1.325241435122197
751,1.1072120988664373
752,1.5094580849228572
753,1.2164669370288923
754,1.2237232765281154
755,1.2261170622442912
756,1.1187123419372098
757,1.7145665923896203
758,1.154379390342931
759,1.130043724528767
760,1.3040405583954877
761,1.1495680458091104
762,1.4172594303245567
763,1.6233170733612456
764,1.1109307016723708
765,1.2800266487320209
766,1.1184448675094245
767,1.2097086034116442
768,1.1017102954236613
769,1.2511577267194163
770,1.2413868714667295
771,1.1527726530117994
772,1.0992030398265498
773,1.0986545994130268
774,1.1879465629893846
775,1.9346353888515055
776,1.20039992388154
777,1.3082917254928752
778,1.1303958868568729
779,1.1962924476334205
780,1.3996852447650743
781,1.3207030294840276
782,1.2726674234732755
783,1.1161541108580109
784,1.1202013248812974
785,1.2241132152206895
786,1.29382622707039
787,1.686758499077898
788,1.2484390852706198
789,1.7324627237308532
790,1.3544659939025467
791,1.286652378584557
792,1.0556400323955464
793,1.182298101652987
794,1.0830764524898784
795,1.4313592057867277
796,1.5506216911553568
797,1.5436218859707118
798,1.135032814953831
799,1.618097402830196
800,1.2459066931959089
801,1.1501748269137126
802,1.1219410901024196
803,1.0732916646064903
804,1.2748126237089221
805,1.4631256336503444
806,1.4208201353670495
807,1.2823519885198122
808,1.1560166149010451
809,1.102430039773219
810,1.2212278323293324
811,1.2700898966266234
812,1.195099394698255
813,1.2298934301042201
814,1.1090068197938088
815,1.1665052782243592
816,1.282530811932174
817,1.1168263082220449
818,1.2640731463405603
819,1.2048060478247535
820,1.227631652339732
821,1.5572834121722412
822,1.3432536536352957
823,1.5039796491039046
824,1.350399027010757
825,1.2864021900648066
826,1.4900780169206822
827,1.292047670535012
828,1.3120879022191296
829,1.1495680458091104
830,1.2646083496093323
831,1.2234974476950136
832,1.1609016107165302
833,1.3719362509528448
834,1.3406004896534665
835,1.3626557017760015
836,1.1913491302507542
837,1.3722428252603158
838,1.2367866403821481
839,1.1156721106874716
840,1.0807294285129605
841,1.1659445710246412
842,1.3927283354448923
843,1.319466545298805
844,1.3565617780753556
845,1.119044816830234
846,1.1007654577054953
847,1.22966371755757
848,1.1680520188698595
849,1.1221706423883806
850,1.3927283354448923
851,1.1534357916372582
852,1.0789169932953204
853,1.1715881040652865
854,1.3111636397044972
855,1.6233170733612456
856,1.1297969964140449
857,1.2249350671675414
858,1.2238682690674445
859,1.3452263336582664
860,1.0852958172117864
861,1.6626436573689962
862,1.2790593567587265
863,1.154379390342931
864,1.2619013823746985
865,1.2625003669927324
866,1.367779663520213
867,1.3654690254742712
868,1.1874684378474627
869,1.1021231134534626
870,1.2205633209462965
871,1.240096095882263
872,1.3566336142490634
873,1.159530126888552
874,1.153831144828233
875,1.17083330715092
876,1.1840591420420878
877,1.050123590017761
878,1.4911921143362779
879,1.3083134963167107
880,1.5860727675452369
881,1.2563322272743531
882,1.2546745563050048
883,1.3524620769198707
884,1.2145255677369315
885,1.2147349896298771
886,1.170023669925003
887,1.330837486674301
888,1.2322948911244829
889,1.4754230198488374
890,1.4085978340425314
891,1.4473091437080514
892,1.1187123419372098
893,1.3528098527342922
894,1.1583978603506062
895,1.130413507030792
896,1.2203113789649398
897,1.3581184856497108
898,1.2963448824442063
899,1.2255202816195176
900,1.1301468559883812
901,1.1469327735666175
902,1.312280072882433
903,1.274918199630308
904,1.4637589373931603
905,1.2974100699832494
906,1.1583978603506062
907,1.1463818586769172
908,1.274918199630308
909,1.1727732556428228
910,1.3826773064245588
911,1.5179567417617255
912,1.220180719370915
913,1.4427687632727475
914,1.0732916646064903
915,1.0591342029293445
916,1.4085978340425314
917,1.1770254067775663
918,1.2034062252160702
919,1.7369789292692137
920,1.2957868974194267
921,1.3265894474727942
922,1.1934327005099163
923,1.1514117332199256
924,1.3389472424694557
925,1.262370979605549
926,1.1221706423883806
927,1.1964618686418924
928,1.5206335189079179
929,1.2700898966266234
930,1.1639037683491318
931,1.0502922268622445
932,1.0698402149206765
933,1.3119942058124308
934,1.0786572544986275
935,1.1627516598344059
936,1.4860549795887172
937,1.2557264342116874
938,1.3196005041098684
939,1.2896678970281654
940,1.1449860860254297
941,1.2313613811307171
942,1.3882156331716853
943,1.081010424605513
944,1.2721720643738599
945,1.2896678970281654
946,1.2826607573496236
947,1.2896678970281654
948,1.29319185576619
949,1.1970784913737362
950,1.1514117332199256
951,1.259056297183899
952,1.1301468559883812
953,1.303924313144703
954,1.359065053621201
955,1.0556400323955464
956,1.3693795728030707
957,1.1769087976457362
958,1.025938814429576
959,1.3243575884957186
960,1.0391740298786711
961,1.1141704498924816
962,1.3201645977192804
963,1.2034062252160702
964,1.56912512895845
965,1.3111636397044972
966,1.4427687632727475
967,1.4461194252356449
968,1.3982744744756321
969,1.3463173774353885
970,1.084416913673557
971,1.509838181374858
972,1.3198413463769691
973,1.1717929443185429
974,1.356384932014639
975,1.1814991404781177
976,1.1554093186462577
977,1.3555795116842444
978,1.4020835120147688
979,1.185826886251442
980,1.4344852221110995
981,1.2183356871693625
982,1.1373510860643006
983,1.404536371702734
984,1.111525875920791
985,1.6318894586193609
986,1.3544659939025467
987,1.2879227873078007
988,1.1729382302263713
989,1.367779663520213
990,1.28568259221333
991,1.4381467036467235
992,1.4121607131964289
993,1.4476916716539796
994,1.2272565907296968
995,1.4964813069885496
996,1.3406004896534665
997,1.3673098818279066
998,1.4225572922119725
999,1.4493737486933393
1000,1.3407155154685733
1001,1.8329993596724838
1002,1.783072165891052
1003,1.3032226715639272
1004,1.2832283010453744
1005,1.3566336142490634
1006,1.1508527741493995
1007,1.0721315908284001
1008,1.3054202511339705
1009,1.2786694722227532
1010,1.114389282610962
1011,1.0807294285129605
1012,1.1109307016723708
1013,1.1794178443403769
1014,1.1769087976457362
1015,1.4975384734444626
1016,1.3227804798695157
1017,1.4631256336503444
1018,1.0474722256772497
1019,1.1988960982712202
1020,1.5722893477526418
1021,1.289977201200738
1022,1.0982011388342512
1023,1.0807294285129605
1024,1.330837486674301
1025,1.237868230280357
1026,1.4193458462917743
1027,1.3508135935659256
1028,1.1444865298403424
1029,1.2405123231910875
1030,1.0662241862869009
1031,1.547823785222271
1032,1.134373148507378
1033,1.6205983695960686
1034,1.1626070707422544
1035,1.2326420762407522
1036,1.3082917254928752
1037,1.4205902224344302
1038,1.2584768558830108
1039,1.2865019434089455
1040,1.4608685465551658
1041,1.1676549082865761
1042,1.2786694722227532
1043,1.1274248168691252
1044,1.2657916901667707
1045,1.1202013248812974
1046,1.5705494084490443
1047,1.632411687325956
1048,1.3976771947240745
1049,1.2838748053248201
1050,1.2664727212763611
1051,1.1962924476334205
1052,1.367779663520213
1053,1.3517353223070885
1054,1.173687988005717
1055,1.3431624230320671
1056,1.4297536070423063
1057,1.108998507311724
1058,1.0757013942468703
1059,1.3265894474727942
1060,1.3811816897551283
1061,1.2328387869044313
1062,1.2800266487320209
1063,1.7977688655611954
1064,1.142381150575535
1065,1.1007654577054953
1066,1.1942688268751511
1067,1.1769087976457362
1068,1.2641649075877512
1069,2.084542650754585
1070,1.5643749294029132
1071,1.2831488220469176
1072,1.1009890165637823
1073,1.3320606889643722
1074,1.1765642546624815
1075,1.5580602202696139
1076,1.1210502241515719
1077,1.2509894018144085
1078,1.368049074733511
1079,1.1567949422092456
1080,1.2398257070167893
1081,1.5251654010839828
1082,1.2164158350237455
1083,1.1246735777226489
1084,1.0576174968369112
1085,1.3566336142490634
1086,1.2248602429892304
1087,1.1711453496261282
1088,1.0581237731647057
1089,1.1856396077754683
1090,1.197014192699396
1091,1.405261571198511
1092,1.2145255677369315
1093,1.2153273990165334
1094,1.2293308920278434
1095,1.1626070707422544
1096,1.3791962511923783
1097,1.4019541530169584
1098,1.3989000412485426
1099,1.505247169571003
1100,1.4964813069885496
1101,1.1502544124079912
1102,1.5308358212901587
1103,1.2757754052887718
1104,1.6314762108708136
1105,1.2167769726955706
1106,1.182769784707751
1107,1.2288071205263127
1108,1.2362686255770998
1109,1.4381467036467235
1110,1.134386742577383
1111,1.5276541483456116
1112,1.308697894612314
1113,1.1034494321906403
1114,1.721366770804148
1115,1.2671450838801037
1116,1.285907873633182
1117,1.1278406012432558
1118,1.1942688268751511
1119,1.3244374339412865
1120,1.4782376957168866
1121,1.1411923904508667
1122,1.0576174968369112
1123,1.3916983799503602
1124,1.4216385278836008
1125,1.4825990169821053
1126,1.1203365530482783
1127,1.1560328306337087
1128,1.5206335189079179
1129,1.197014192699396
1130,1.462120747431264
1131,1.2091134086920292
1132,1.1434501744048542
1133,1.2028815655412821
1134,1.419619562741491
1135,1.119044816830234
1136,1.3973546624729014
1137,1.1991283624638067
1138,1.3043242498713337
1139,1.1701138436763665
1140,1.1161541108580109
1141,1.1388034609296303
1142,1.3450166423913517
1143,1.401958973810931
1144,1.370309181615255
1145,1.3334088854930402
1146,1.185826886251442
1147,1.1277211275341645
1148,1.419619562741491
1149,1.2582564355891919
1150,1.1984381365793275
1151,1.3524620769198707
1152,1.4754230198488374
1153,1.1177872732707697
1154,1.4148455485320717
1155,1.6626436573689962
1156,1.157774360304115
1157,1.1639037683491318
1158,1.0364386311268443
1159,1.1741500002834975
1160,1.605940661419552
1161,1.3069470837733341
1162,1.3805984760399865
1163,1.0502922268622445
1164,1.4732276148252412
1165,1.0826855456308857
1166,1.237868230280357
1167,1.2584768558830108
1168,1.147992561495193
1169,1.3699073841807408
1170,1.125970714262052
1171,1.1177648857978464
1172,1.3442157534735166
1173,1.4274264843139002
1174,1.2608944741717625
1175,1.142512430205028
1176,1.088175554957135
1177,1.3111183349356768
1178,1.134386742577383
1179,1.1936260407954045
1180,1.262370979605549
1181,1.361181928315496
1182,1.3610246767700351
1183,1.2256580911245614
1184,1.341721921213147
1185,1.1798331530219404
1186,1.1801316451840274
1187,1.336963624860985
1188,1.3995953223395166
1189,1.588975757760084
1190,1.170023669925003
1191,1.0600189343100286
1192,1.330837486674301
1193,1.2511577267194163
1194,1.2267534449748267
1195,1.3684028201202483
1196,1.2249350671675414
1197,1.130413507030792
1198,1.5266269777267927
1199,1.4992720668006696
1200,1.153831144828233
1201,1.4297536070423063
1202,1.2732276901336688
1203,1.1692544919291845
1204,1.319169335545717
1205,1.0945578010587962
1206,1.195557251712904
1207,1.5659679131760111
1208,1.408110606057139
1209,1.3884866656434673
1210,1.1964618686418924
1211,1.1192636192613927
1212,1.4964813069885496
1213,1.1626041589594291
1214,1.3521194609236258
1215,1.1856396077754683
1216,1.0624309545581376
1217,1.22966371755757
1218,1.2726674234732755
1219,1.3555795116842444
1220,1.7024810203906993
1221,1.3798729482770136
1222,1.5928512943312363
1223,1.5283737647979265
1224,1.4534854876986196
1225,1.3406004896534665
1226,1.2641202449901585
1227,1.1520071576649067
1228,1.1021231134534626
1229,1.4208201353670495
1230,1.1395637855273997
1231,1.4209306383974785
1232,1.1695249662383986
1233,1.1444865298403424
1234,1.2864021900648066
1235,1.2362686255770998
1236,1.114389282610962
1237,1.676157557452529
1238,1.1296928276718006
1239,1.19507487298332
1240,1.5056304839237282
1241,1.1188942796791017
1242,1.5326359045380111
1243,1.4825990169821053
1244,1.189334226631403
1245,1.2234974476950136
1246,1.1301468559883812
1247,1.2097086034116442
1248,1.1823421607166689
1249,1.3928610084719193
1250,1.0830764524898784
1251,1.295808418301077
1252,1.1957045437403404
1253,1.2445500074603753
1254,1.475647653962898
1255,1.1578217218408333
1256,1.1741500002834975
1257,1.2187140049598746
1258,1.1072090610404424
1259,1.4146270352766337
1260,1.1934327005099163
1261,1.0662241862869009
1262,1.1729382302263713
1263,1.240096095882263
1264,1.350399027010757
1265,1.0874384548687366
1266,1.2640731463405603
1267,1.1918701037221529
1268,1.2270100823888845
1269,1.3826773064245588
1270,1.4389702279049736
1271,1.4244832158172789
1272,1.3109638407637514
1273,1.295808418301077
1274,1.2732276901336688
1275,1.117622187027824
1276,1.2375797941079112
1277,1.4964813069885496
1278,1.2982866528229544
1279,1.3904568068094623
1280,1.4473091437080514
1281,1.1756780593811753
1282,1.1615295922583977
1283,1.3528098527342922
1284,1.2068478880845013
1285,1.2539092823018507
1286,1.10440326933026
1287,1.2928884167892036
1288,1.1729382302263713
1289,1.5326359045380111
1290,1.1318172098896226
1291,1.0757013942468703
1292,1.2646083496093323
1293,1.317287273887369
1294,1.1758517630306249
1295,1.247067503543832
1296,1.3490081027999896
1297,1.0992030398265498
1298,1.146879449210877
1299,1.1228497243955153
1300,1.1296928276718006
1301,1.1192636192613927
1302,1.3065046729131216
1303,1.2695171428093315
1304,1.1449860860254297
1305,1.3431624230320671
1306,1.3634976767341358
1307,1.22912322653339
1308,1.478449259668923
1309,1.4208201353670495
1310,1.1972528752783127
1311,1.1517032466182358
1312,1.3533146260244344
1313,1.4539984549318559
1314,1.1711453496261282
1315,1.2695171428093315
1316,1.3047618275467676
1317,1.3656899542496166
1318,1.5055119931100711
1319,1.2749612612083738
1320,1.1721008066698784
1321,1.1420419793881782
1322,1.3541802576864939
1323,1.1520071576649067
1324,1.209695121947024
1325,1.7293347409058952
1326,1.304737624488301
1327,1.17684603253455
1328,1.5870023597712521
1329,1.1965183227258918
1330,1.3378870002317804
1331,1.4476916716539796
1332,1.5084258414908949
1333,1.1463818586769172
1334,1.1510020068475932
1335,1.1359517859092958
1336,1.1510020068475932
1337,1.4019541530169584
1338,1.0199400816834752
1339,1.2122380929114092
1340,1.5580602202696139
1341,1.1303958868568729
1342,1.0436708830933676
1343,1.1277211275341645
1344,1.4020835120147688
1345,1.8824676765169288
1346,1.081010424605513
1347,1.0992030398265498
1348,1.212749220325701
1349,1.2464762116260193
1350,1.2149432726392813
1351,1.3043242498713337
1352,1.588975757760084
1353,1.5055119931100711
1354,1.3120879022191296
1355,1.1281004859473494
1356,1.9346353888515055
1357,1.126912857858886
1358,1.098554240186225
1359,1.147992561495193
1360,1.3431624230320671
1361,1.4754230198488374
1362,1.135032814953831
1363,1.4346225746875851
1364,1.3372589283898024
1365,1.1236181893356456
1366,1.4377092937168714
1367,1.1967427762444147
1368,1.2695805617203997
1369,1.1502544124079912
1370,1.361331337833374
1371,1.305464535463492
1372,1.2153273990165334
1373,1.3926709126429486
1374,1.329231520455333
1375,1.1883025122970468
1376,1.5999491956388527
1377,1.1318172098896226
1378,1.3675152252579026
1379,1.301620388647447
1380,1.441215780821553
1381,1.3040405583954877
1382,1.5638393397518455
1383,1.3508135935659256
1384,1.4782376957168866
1385,1.1021231134534626
1386,1.5004815767896198
1387,1.0852958172117864
1388,1.549462123626287
1389,1.1727732556428228
1390,1.2550426588843309
1391,1.367779663520213
1392,1.2807849948694463
1393,1.153831144828233
1394,1.4706199919566871
1395,1.2187140049598746
1396,1.2641649075877512
1397,1.1059604391454196
1398,1.5301898792388355
1399,1.3904568068094623
1400,1.4345373113269129
1401,1.237868230280357
1402,1.364135660205514
1403,1.2091134086920292
1404,1.1879863835604758
1405,1.1970844305342088
1406,1.2238682690674445
1407,1.1712836006609644
1408,1.2832283010453744
1409,1.4693675637692087
1410,1.28568259221333
1411,1.3626557017760015
1412,1.1334106301310485
1413,1.157774360304115
1414,1.7695969682573407
1415,1.351086722528025
1416,1.2543661590443052
1417,1.1228497243955153
1418,1.2768136280712958
1419,1.7230134253151974
1420,1.599650357384065
1421,1.1109307016723708
1422,1.1988960982712202
1423,1.341721921213147
1424,1.6927777044375165
1425,1.1583978603506062
1426,1.1770254067775663
1427,1.4309950220772414
1428,1.126912857858886
1429,1.3452702216801082
1430,1.850093957101083
1431,1.4344852221110995
1432,1.3394384826022692
1433,1.2298934301042201
1434,1.6233170733612456
1435,1.3982744744756321
1436,1.1840591420420878
1437,1.2922279333732265
1438,1.3699073841807408
1439,1.2048060478247535
1440,1.4105181858686822
1441,1.341721921213147
1442,1.4343215075308244
1443,1.3300409181901782
1444,1.279502235292408
1445,1.3684028201202483
1446,1.292522549725055
1447,1.2626688338318874
1448,1.544923804940056
1449,1.1701138436763665
1450,1.7324627237308532
1451,1.1607819594516224
1452,1.2413868714667295
1453,1.2323660116545867
1454,1.0807294285129605
1455,1.2786694722227532
1456,1.4024601137195973
1457,1.1886458139282807
1458,1.1303958868568729
1459,1.4216385278836008
1460,1.080163564235244
1461,1.509507183478957
1462,1.28568259221333
1463,1.1202013248812974
1464,1.359065053621201
1465,1.1112955991702227
1466,1.2732276901336688
1467,1.2367866403821481
1468,1.2862116108771853
1469,1.5046386687694309
1470,1.1754741918648934
1471,1.3601857595834783
1472,1.29683022339013
1473,1.220982199068342
1474,1.1401628526630598
1475,1.5094580849228572
1476,1.308697894612314
1477,1.2399162313213135
1478,1.1900245721444223
1479,1.4817185915224889
1480,1.2079803419575186
1481,1.4377092937168714
1482,1.6777548479071005
1483,1.2167769726955706
1484,1.3111636397044972
1485,1.1886455741883164
1486,1.0898250776424725
1487,1.148900808871201
1488,1.3821195750436006
1489,1.5436218859707118
1490,1.1427862008195608
1491,1.1732654636671311
1492,1.1874684378474627
1493,1.2616414666798486
1494,1.5999491956388527
1495,1.313728481955589
1496,1.3109638407637514
1497,1.5485015889406784
1498,1.247067503543832
1499,1.3759371992396814
1500,1.2641202449901585
1501,1.279502235292408
1502,1.2672743739469001
1503,1.4992720668006696
1504,1.2143605180039243
1505,1.6123769288004846
1506,1.2557264342116874
1507,1.4216385278836008
1508,1.0375974059040325
1509,1.313728481955589
1510,1.0789169932953204
1511,1.3126654309460106
1512,1.543732735554708
1513,1.126300618338126
1514,1.2063559146936331
1515,1.1732854783128601
1516,1.3684028201202483
1517,1.4205902224344302
1518,1.2487258906304808
1519,1.247067503543832
1520,1.2608944741717625
1521,1.4142607942838665
1522,1.4205902224344302
1523,1.1062920031504984
1524,1.5638393397518455
1525,1.289574895698196
1526,1.1570709620517636
1527,1.4297536070423063
1528,1.1219410901024196
1529,1.2722164304993215
1530,1.1988960982712202
1531,1.3428640685755737
1532,1.4377092937168714
1533,1.2294513869646964
1534,1.3039872442255713
1535,1.373433044486494
1536,1.0602807199042974
1537,1.3590741692548187
1538,1.081010424605513
1539,1.3227704441514594
1540,1.5251654010839828
1541,1.3227804798695157
1542,1.0966891744006215
1543,1.3432536536352957
1544,1.169116631015847
1545,1.3245836197115153
1546,1.2292634574201904
1547,1.3851848144975314
1548,1.3364070396683092
1549,1.2675719095568407
1550,1.1765642546624815
1551,1.2640731463405603
1552,1.715798406741299
1553,1.2248797350662988
1554,1.2484390852706198
1555,1.2957868974194267
1556,1.3428640685755737
1557,1.2222914194364098
1558,1.605940661419552
1559,1.1297969964140449
1560,1.2187140049598746
1561,1.4121607131964289
1562,1.2638874692200428
1563,1.1192636192613927
1564,1.4097791056375804
1565,1.1912767555388641
1566,1.2585441043256946
1567,1.1156721106874716
1568,1.2926258406451538
1569,1.2939337010676886
1570,1.1510020068475932
1571,1.2444559564387672
1572,1.2430135305215497
1573,1.1380159923198878
1574,1.1756780593811753
1575,1.1184448675094245
1576,1.2311132105159275
1577,1.2939337010676886
1578,1.1692544919291845
1579,1.3533146260244344
1580,1.2445500074603753
1581,1.2147349896298771
1582,1.567230475617017
1583,1.2143605180039243
1584,1.2939337010676886
1585,1.4823101963597616
1586,1.1229450941208248
1587,1.0653862833294676
1588,1.088175554957135
1589,1.3567476214911112
1590,1.1842877127609335
1591,1.2563322272743531
1592,1.3996852447650743
1593,1.543732735554708
1594,1.169116631015847
1595,1.4343215075308244
1596,1.470900394953661
1597,1.2212278323293324
1598,1.2122380929114092
1599,1.1284790503215534
1600,1.4473091437080514
1601,1.1360532718588823
1602,1.364135660205514
1603,1.0664753109224347
1604,1.2804028032998411
1605,1.4860549795887172
1606,1.6927777044375165
1607,1.5047145146836862
1608,1.2184807135511542
1609,1.2641649075877512
1610,1.3973546624729014
1611,1.1203365530482783
1612,1.1991283624638067
1613,1.2582564355891919
1614,1.4784283675159573
1615,1.292047670535012
1616,1.0959109336648873
1617,1.2212278323293324
1618,1.1360532718588823
1619,1.157774360304115
1620,1.4172594303245567
1621,1.2527968323195167
1622,1.0737076178987277
1623,1.8791510692327058
1624,1.4732276148252412
1625,1.4964813069885496
1626,1.4964813069885496
1627,1.3300409181901782
1628,1.5251654010839828
1629,1.0576174968369112
1630,1.351086722528025
1631,1.3052628753391597
1632,1.1168263082220449
1633,1.1100850934908857
1634,1.1229450941208248
1635,1.2546745563050048
1636,1.1281004859473494
1637,1.0945578010587962
1638,1.1449860860254297
1639,1.1219410901024196
1640,1.2546745563050048
1641,1.3439344065354788
1642,1.778035692242185
1643,1.7288351051717168
1644,1.2700898966266234
1645,1.102430039773219
1646,1.1883025122970468
1647,1.2539092823018507
1648,1.117622187027824
1649,1.2143605180039243
1650,1.2445500074603753
1651,1.1967427762444147
1652,1.1277211275341645
1653,1.292522549725055
1654,1.3043242498713337
1655,1.4321328005829732
1656,1.2460539333726997
1657,1.3544659939025467
1658,1.313728481955589
1659,1.1319346026775423
1660,1.3126654309460106
1661,1.1779229895355423
1662,1.3490081027999896
1663,1.1264802304963126
1664,1.22912322653339
1665,1.2062992167263789
1666,1.319169335545717
1667,1.2237528551758725
1668,1.3091195960746145
1669,1.567230475617017
1670,1.1395637855273997
1671,1.3320606889643722
1672,1.2800921174888864
1673,1.1355148624762403
1674,1.1296928276718006
1675,1.3511945001833503
1676,1.7731773788879623
1677,1.3000028384375382
1678,1.117622187027824
1679,1.5436218859707118
1680,1.197014192699396
1681,1.4782376957168866
1682,1.471785709877145
1683,1.2235004483472267
1684,1.2757754052887718
1685,1.3976771947240745
1686,1.3456572625865133
1687,1.1420419793881782
1688,1.5206335189079179
1689,1.2800266487320209
1690,1.227383822918468
1691,1.2418797708868954
1692,1.7695969682573407
1693,1.2861531218823192
1694,1.2083369652740459
1695,1.2646083496093323
1696,1.2281287103611618
1697,1.4252352421146992
1698,1.6626436573689962
1699,1.357766113356995
1700,1.2524622810144368
1701,1.5841185258853652
1702,1.147992561495193
1703,1.1525743777200645
1704,1.3227704441514594
1705,1.5133071576307946
1706,1.2804028032998411
1707,1.3904568068094623
1708,1.2924850473347052
1709,1.6233170733612456
1710,1.1303958868568729
1711,1.1225919918306773
1712,1.1934327005099163
1713,1.367556824666296
1714,1.1287292861829494
1715,1.3976771947240745
1716,1.18195682182701
1717,1.1715881040652865
1718,1.3394384826022692
1719,1.3566336142490634
1720,1.1271661094342065
1721,1.285907873633182
1722,1.2695805617203997
1723,1.1798264523565947
1724,1.4461194252356449
1725,1.2543661590443052
1726,1.4860549795887172
1727,1.42961048236586
1728,1.5047145146836862
1729,1.1680569468018427
1730,1.093705437604451
1731,1.2804028032998411
1732,1.2924850473347052
1733,1.2804028032998411
1734,1.2249350671675414
1735,1.3083134963167107
1736,1.1064059207387802
1737,1.220935920074051
1738,1.2299305423119842
1739,1.3245836197115153
1740,1.3601883419275127
1741,1.4860549795887172
1742,1.1184448675094245
1743,1.3555997516716836
1744,1.182769784707751
1745,1.2664727212763611
1746,1.4058761978173473
1747,1.3222582838994243
1748,1.1141704498924816
1749,1.2292634574201904
1750,1.125970714262052
1751,1.1967427762444147
1752,1.1610208408396812
1753,1.4146270352766337
1754,1.2261170622442912
1755,1.3651540596145486
1756,1.1769087976457362
1757,1.7259433574598144
1758,1.2922279333732265
1759,1.5343379183643655
1760,1.5856070756052585
1761,1.1680569468018427
1762,1.2426446604406738
1763,1.1942688268751511
1764,1.5103378653082553
1765,1.298713544480644
1766,1.2235004483472267
1767,1.4797606482592391
1768,1.5140568395817562
1769,1.4321005116316585
1770,1.2046853690753978
1771,1.0800381719768395
1772,1.2299305423119842
1773,1.2912447780564567
1774,1.4688091442942066
1775,1.3601857595834783
1776,1.0291722238222225
1777,1.6054248067254588
1778,1.2293308920278434
1779,1.2550426588843309
1780,1.2126350276080713
1781,1.0576174968369112
1782,1.0999033033343832
1783,1.17684603253455
1784,1.2835311052900036
1785,1.2235004483472267
1786,1.2459066931959089
1787,1.345710920267836
1788,1.0375974059040325
1789,1.28568259221333
1790,1.39971684727241
1791,1.5343379183643655
1792,1.1161541108580109
1793,1.4388850777089641
1794,1.279502235292408
1795,1.6118454250885559
1796,1.1609016107165302
1797,2.084542650754585
1798,1.4172594303245567
1799,1.4058761978173473
1800,1.2298934301042201
1801,1.0721315908284001
1802,1.2238682690674445
1803,1.247204831570248
1804,1.2153273990165334
1805,1.6497888588184833
1806,1.2404908646971906
1807,1.4637589373931603
1808,1.142381150575535
1809,1.3854580206920795
1810,1.2173160509809131
1811,1.304737624488301
1812,1.114389282610962
1813,1.5082298119725879
1814,1.3833946966442683
1815,1.1358340491245251
1816,1.1274248168691252
1817,1.3537554628364061
1818,1.3949406375074056
1819,1.0364386311268443
1820,1.4376619433524922
1821,1.445699112710878
1822,1.2479610144186424
1823,1.2932740508345433
1824,1.7695969682573407
1825,1.1141704498924816
1826,1.1281004859473494
1827,1.282530811932174
1828,1.315986959434905
1829,1.3052043348055824
1830,1.2373905977552355
1831,1.1156721106874716
1832,1.3267612926709424
1833,1.1109307016723708
1834,1.0660019245519654
1835,1.2292634574201904
1836,1.0600662407431716
1837,1.0452804334614736
1838,1.361181928315496
1839,1.1221706423883806
1840,1.1804895537264322
1841,1.22547091046178
1842,1.1782084769961334
1843,1.2922279333732265
1844,1.28898853515247
1845,1.4121607131964289
1846,1.4388850777089641
1847,1.2926258406451538
1848,1.505247169571003
1849,1.1964618686418924
1850,1.4085978340425314
1851,1.1560166149010451
1852,1.3928123386058948
1853,1.1967427762444147
1854,1.2062992167263789
1855,1.4053422504053854
1856,1.3307603132313974
1857,1.1296928276718006
1858,1.1100850934908857
1859,1.025938814429576
1860,1.320007771045236
1861,1.7259433574598144
1862,1.154379390342931
1863,1.1798331297794644
1864,1.450964842468423
1865,1.2479610144186424
1866,1.3428640685755737
1867,1.080163564235244
1868,1.1639037683491318
1869,1.1100889717332156
1870,1.2732276901336688
1871,1.17083330715092
1872,1.2524622810144368
1873,1.1168263082220449
1874,1.8329993596724838
1875,1.2120334580314251
1876,1.20039992388154
1877,1.1469327735666175
1878,1.3620333034819143
1879,1.3344913007323278
1880,1.7259433574598144
1881,1.2299305423119842
1882,1.4252352421146992
1883,1.3444810577132793
1884,1.0660019245519654
1885,1.7977688655611954
1886,1.1658479814547456
1887,1.2153273990165334
1888,1.286652378584557
1889,1.2864021900648066
1890,1.547823785222271
1891,1.3456572625865133
1892,1.3265894474727942
1893,1.3407155154685733
1894,1.3656899542496166
1895,1.2832283010453744
1896,1.3826773064245588
1897,1.3973546624729014
1898,1.0721315908284001
1899,1.5206335189079179
1900,1.3879549051141447
1901,1.5928512943312363
1902,1.2890291735448267
1903,1.1779229895355423
1904,1.1542834462271678
1905,1.279502235292408
1906,1.350399027010757
1907,1.2615183403122832
1908,1.5997303685974216
1909,1.1652270442196384
1910,1.3015932770382286
1911,1.2426446604406738
1912,1.3989000412485426
1913,1.3089361511410484
1914,1.0581237731647057
1915,1.1517032466182358
1916,1.1798331530219404
1917,1.2646612608918093
1918,1.457434295153817
1919,1.2800985254955686
1920,1.1570709620517636
1921,1.5643749294029132
1922,1.319466545298805
1923,1.2815281756537853
1924,1.3047309866338526
1925,1.1741500002834975
1926,1.3606437967446583
1927,1.093705437604451
1928,1.266186613172208
1929,1.266186613172208
1930,1.3300409181901782
1931,1.5103378653082553
1932,1.1856396077754683
1933,1.2831488220469176
1934,1.0806955286700979
1935,1.2459386973073758
1936,1.2147349896298771
1937,1.108998507311724
1938,1.1972157178034326
1939,1.2068478880845013
1940,1.1032459607035405
1941,1.1615295922583977
1942,1.1236181893356456
1943,1.1732654636671311
1944,1.2261170622442912
1945,1.367779663520213
1946,1.4898797442751
1947,1.375403295198757
1948,1.0830764524898784
1949,1.189334226631403
1950,1.1303958868568729
1951,1.216794900813199
1952,1.3244374339412865
1953,1.357605143947594
1954,1.4208730514075385
1955,1.2233678625507527
1956,1.1771635124358608
1957,1.152979100218151
1958,1.3738640029339098
1959,1.1727732556428228
1960,1.1071346967354698
1961,1.4345373113269129
1962,1.0698402149206765
1963,1.247067503543832
1964,1.0899008628974236
1965,1.317287273887369
1966,1.1776394137013384
1967,1.154379390342931
1968,1.1715881040652865
1969,1.1892513230626114
1970,1.7977688655611954
1971,1.182769784707751
1972,1.2742210994986773
1973,1.5343379183643655
1974,1.1972528752783127
1975,1.347222917647535
1976,1.5082298119725879
1977,1.3537554628364061
1978,1.445699112710878
1979,1.169374502128194
1980,1.2017880885858798
1981,1.3021847073015598
1982,1.185826886251442
1983,1.2426446604406738
1984,1.3265894474727942
1985,1.4241671126440514
1986,1.2054874118588315
1987,1.2323660116545867
1988,1.298914254212311
1989,1.3402260773858914
1990,1.9346353888515055
1991,1.2494435623037239
1992,1.404536371702734
1993,1.2861531218823192
1994,1.850093957101083
1995,1.3039872442255713
1996,1.2063559146936331
1997,1.2896678970281654
1998,1.4683495080639326
1999,1.2238682690674445
2000,1.1284790503215534
2001,1.1560328306337087
2002,1.1463818586769172
2003,1.260006853157144
2004,1.286652378584557
2005,1.1391074629029974
2006,1.62112806215646
2007,1.3610246767700351
2008,1.1469327735666175
2009,1.2966300247495646
2010,1.2328387869044313
2011,1.1695249662383986
2012,1.3601857595834783
2013,1.6118454250885559
2014,1.549462123626287
2015,1.2313613811307171
2016,1.2494435623037239
2017,1.3098154254644745
2018,1.3431624230320671
2019,1.383043122187854
2020,1.2484098296617965
2021,1.1032459607035405
2022,1.2355363496932543
2023,1.356384932014639
2024,1.126300618338126
2025,1.2700898966266234
2026,1.0581685943826367
2027,1.357766113356995
2028,1.4774002390649321
2029,1.5332987987328552
2030,1.3059007068174036
2031,1.2071581784497205
2032,1.0972916621472324
2033,1.3030349709546232
2034,1.1566435782365923
2035,1.3943890879727459
2036,1.2590650047971055
2037,1.614323045069975
2038,1.3621585384705337
2039,1.318598011220541
2040,1.5427425587843295
2041,1.0408138321071954
2042,2.0391849843505065
2043,1.556291142468939
2044,1.238651418536438
2045,1.110540604436007
2046,1.6024773320690602
2047,1.3137925573127538
2048,1.2294731575929767
2049,1.141103974957166
2050,1.686613801757858
2051,1.3369861245847134
2052,1.360107004159422
2053,1.2173046236637706
2054,1.3924963612793906
2055,1.255231554843834
2056,1.3340684336873803
2057,1.1353628098767343
2058,1.4205015481319634
2059,1.4916174888205775
2060,1.1752597307722241
2061,1.2927232179183308
2062,1.2922542624137734
2063,1.215479274951027
2064,1.154380835078668
2065,1.1639208579123004
2066,1.0736147162973941
2067,1.1854598297049674
2068,1.4107826041707288
2069,1.1382682865560751
2070,1.627294150518762
2071,1.1721178755707622
2072,1.1955077326095347
2073,1.44526586576958
2074,1.1416711668799342
2075,1.3060621668565684
2076,1.223325583362333
2077,1.4398354650056508
2078,1.1717491748878088
2079,1.4519753145394623
2080,1.5399178225291739
2081,1.4800209743038997
2082,1.2716673521959088
2083,1.4599630663056304
2084,1.6830600964462963
2085,1.1842394952132704
2086,1.2576910532420866
2087,1.1516718822161973
2088,1.2502709819846123
2089,1.2511670095264105
2090,1.2435100112473396
2091,1.3077601489518362
2092,1.083622134200731
2093,1.3039039704254236
2094,1.2120039618488085
2095,1.285771927134391
2096,1.4053880590822587
2097,1.2944907851415226
2098,1.1854598297049674
2099,1.7689625005797833
2100,1.251230294965875
2101,1.3665714208666615
2102,1.360107004159422
2103,1.2241205606363095
2104,1.2436791815935089
2105,1.2397808755068265
2106,1.5315032411745337
2107,1.3907288736394021
2108,1.2149651137157274
2109,1.462065310946138
2110,1.229259347693964
2111,1.273275519386737
2112,1.13082103488673
2113,1.1335452958995755
2114,1.207652576074008
2115,1.2551771993038219
2116,1.6286153453275662
2117,1.295381838617472
2118,1.1430890078164113
2119,1.4380334826559904
2120,1.2090588603463286
2121,1.3729512071652301
2122,1.157558427925286
2123,1.7767515523551647
2124,1.3265661252447867
2125,1.2194059473479903
2126,1.2673126518939104
2127,1.200576444755346
2128,1.1749856074852543
2129,1.2825947080911544
2130,1.2658220133013696
2131,1.360421407899702
2132,1.1470492603962585
2133,1.370853920844661
2134,1.1983549653157777
2135,1.4158831076667928
2136,1.6003144890244045
2137,1.08660988252845
2138,1.0885163612395172
2139,1.4490124600599807
2140,1.2445249694676495
2141,1.3732778977077744
2142,1.2249346705043036
2143,1.1529189289003692
2144,1.068850839505962
2145,1.1335057001901205
2146,1.207652576074008
2147,1.3831409782100945
2148,1.5446476269677163
2149,1.1479104387606716
2150,1.364412395338538
2151,1.3296423769963641
2152,1.3276674264481536
2153,1.9160707809851456
2154,1.4264029490725572
2155,1.254286633978907
2156,1.5973441428118194
2157,1.2719429938656777
2158,1.2482380186564677
2159,1.2710935911961294
2160,1.1828648741942955
2161,1.0966212492953105
2162,1.2997180507375516
2163,1.5150384483517385
2164,1.397438199492178
2165,1.2971622689294373
2166,1.1854598297049674
2167,1.559973140322265
2168,1.1940724007301502
2169,1.407168043515279
2170,1.4044122029608992
2171,1.5024920045275663
2172,1.473873611888978
2173,1.100615378075643
2174,1.9154485642477002
2175,1.296133341066703
2176,1.315138626046894
2177,1.2716142410569882
2178,1.0879020087445441
2179,1.4659614839434039
2180,1.4296892548262343
2181,1.2088442373912005
2182,1.2903555749385647
2183,1.2280721654392777
2184,1.3985225575376004
2185,1.249094044388527
2186,1.1729485649123503
2187,1.3136079179204865
2188,1.1037759493601405
2189,1.4998369255654878
2190,1.4314385315461597
2191,1.4708568477274913
2192,1.2251623594243788
2193,1.16987994634039
2194,1.2879720196776956
2195,1.4234102435313463
2196,1.32410929656223
2197,1.3052801148133486
2198,1.45872993058703
2199,1.3338200377855463
2200,1.3914067419957152
2201,1.059635046019343
2202,1.5103656033459265
2203,1.6162771049407219
2204,1.2928256065643664
2205,1.1649021676323272
2206,1.1985567199140286
2207,1.4306829069753906
2208,1.185700064493761
2209,1.228300193773722
2210,1.2649526170581058
2211,1.3665714208666615
2212,1.3510545633952642
2213,1.5498418885159184
2214,1.2151499460198505
2215,1.2442144806560846
2216,1.1192064820725987
2217,1.2179462361140843
2218,1.2871995131261964
2219,1.1381981608584844
2220,1.5369283229906123
2221,1.2859388430311454
2222,1.3409457355835837
2223,1.4910190882305117
2224,1.225557135367451
2225,1.5723507165444857
2226,1.1821826222785552
2227,1.2020966485055886
2228,1.4061965778001313
2229,1.2336133988119762
2230,1.0912403665137975
2231,1.3693444303776172
2232,1.1637255105133835
2233,1.1309117948165235
2234,1.2154840349904241
2235,1.3039039704254236
2236,1.4605599652845422
2237,1.1524445644729264
2238,1.4224106635933529
2239,1.110817492578511
2240,1.0705201179114594
2241,1.279446549866287
2242,1.4830024026376525
2243,1.2169883321321617
2244,1.2902296260649853
2245,1.219954532539975
2246,1.5400236705380608
2247,1.2953917174175456
2248,1.4321852738449945
2249,1.411242083339431
2250,1.614323045069975
2251,1.1159630020366713
2252,1.4808227979939443
2253,1.1714697795890456
2254,1.2315850728557356
2255,1.5924357275142602
2256,1.2173949627992842
2257,1.414890021241855
2258,1.1888897391919355
2259,1.1192592667004708
2260,1.2417021525096057
2261,1.2219920100716788
2262,1.5442030978239212
2263,1.1038128384440282
2264,1.241355708050165
2265,1.2603920642799047
2266,1.1390912829358977
2267,1.3724287798999175
2268,1.4973223865424345
2269,1.3843852743701182
2270,1.1985567199140286
2271,1.2817889995737624
2272,1.4420219099749199
2273,1.4553823030530928
2274,1.4066384909032608
2275,1.449563094005695
2276,1.5616717511931486
2277,1.2569591996166136
2278,1.232863091316096
2279,1.4830177280829158
2280,1.4819829510340603
2281,1.3258029334668167
2282,1.1155859991470078
2283,1.1979105762507785
2284,1.3609916074487227
2285,1.4194046294611984
2286,1.5824980894788307
2287,1.1807556954822707
2288,1.2120039618488085
2289,1.1309117948165235
2290,1.3232595591698137
2291,1.5165340881457066
2292,1.3882904385337194
2293,1.326900085407488
2294,1.16286140056517
2295,1.497433571374053
2296,1.4685363673278604
2297,1.4192236700487033
2298,1.4412341317531483
2299,1.235111662623956
2300,1.1142863149513034
2301,1.2230609820174754
2302,1.4187693930885419
2303,1.134002649271026
2304,1.5238221350906358
2305,1.4247549417086485
2306,1.3985225575376004
2307,1.4400905928991645
2308,1.2851706474149958
2309,1.2030178994433736
2310,1.4946910559448412
2311,1.1927174483636571
2312,1.2956649178732178
2313,1.275745076359834
2314,1.1181692796909675
2315,1.1433437117339378
2316,1.1950674034097966
2317,1.55673579766377
2318,1.2969031231076404
2319,1.1426148538934824
2320,1.121321872298761
2321,1.5143935395133894
2322,1.6240789724112747
2323,1.1565251296071066
2324,1.279446549866287
2325,1.247233146428976
2326,1.2605949009556703
2327,1.0830484040803516
2328,1.2848799844942254
2329,1.3405580241350927
2330,1.1470492603962585
2331,1.069386544393228
2332,1.2711302378617828
2333,1.190745654564389
2334,1.3425296751851423
2335,1.1353568540150207
2336,1.2784021270886052
2337,1.6255552485102074
2338,1.394623724928836
2339,1.2138420661686167
2340,1.301653171235264
2341,1.2021461872728696
2342,1.3137306133173292
2343,1.110817492578511
2344,1.2089782485906169
2345,1.2736570554778672
2346,1.1883049138174004
2347,1.452258468681193
2348,1.2677497960370248
2349,1.1005444885667526
2350,1.125706099249981
2351,1.1004409456292736
2352,1.4639701843687176
2353,1.6878038385068035
2354,1.3287078722142138
2355,1.304526733602757
2356,1.257805725523004
2357,1.34600457311732
2358,1.1213532815932528
2359,1.1808788821691611
2360,1.1727208256882646
2361,1.1700022344548655
2362,1.3491091787911353
2363,1.3791999405303887
2364,1.102891402828537
2365,1.4341426702942126
2366,1.3165880271762709
2367,1.3419934549587291
2368,1.0582690355917808
2369,1.2839919473629104
2370,1.2984445294250548
2371,1.2851706474149958
2372,1.1851267819052196
2373,1.290297793682764
2374,1.338007331514917
2375,1.2205772190120796
2376,1.3782685712529943
2377,1.3641749758971564
2378,1.329992681306681
2379,1.5014336128854042
2380,1.1267147103790716
2381,1.2301660137734398
2382,1.156206071554179
2383,1.2768903134434502
2384,1.4945088032592324
2385,1.239600014279891
2386,1.3320531951599972
2387,1.3474768993520854
2388,1.0678089724688409
2389,1.0592904340203635
2390,1.3830203889785468
2391,1.3788767716571202
2392,1.113517294449925
2393,1.3522528203525876
2394,1.145509311416948
2395,1.5165340881457066
2396,1.3274035380863507
2397,1.163977262078711
2398,1.2319824597456626
2399,1.2288498238620498
2400,1.315989505682311
2401,1.309551114915762
2402,1.4306829069753906
2403,1.218246381341014
2404,1.4880289569644114
2405,1.1689267360874345
2406,1.156208838177052
2407,1.1358572559849953
2408,1.5710019451734585
2409,1.2742167387568504
2410,1.4745670619832465
2411,1.1681072255892486
2412,1.3364915697323605
2413,1.4758639698121212
2414,1.1958648222648847
2415,1.3119495257606035
2416,1.1912658330299075
2417,1.4808363500439397
2418,1.3266713283288605
2419,1.1467662893457977
2420,1.322752064854893
2421,1.3440181594708511
2422,1.3007199829360243
2423,1.4969618858516067
2424,1.5369283229906123
2425,1.0854026296229964
2426,1.207523351613157
2427,1.2020966485055886
2428,1.4901788339971478
2429,1.2670379395528921
2430,1.3484433549291692
2431,1.1524760051121452
2432,1.18363046910054
2433,1.174801369558579
2434,1.2697547394659536
2435,1.4653923085683718
2436,1.2674892314441342
2437,1.3747460338295254
2438,1.424327381548425
2439,1.4729331001959662
2440,1.5195007258073923
2441,1.5451168707856695
2442,1.3422864648096338
2443,1.3534088387830738
2444,1.4372985022553344
2445,1.63813397681089
2446,1.2660583382072117
2447,1.1961122903724013
2448,1.2280721654392777
2449,1.3976008706379295
2450,1.2953023915745236
2451,1.1461623186778778
2452,1.3211863637807775
2453,1.5143935395133894
2454,1.4759847304829157
2455,1.221695114745801
2456,1.2980864541690058
2457,1.425263123078706
2458,1.1940469019103341
2459,1.556564899518363
2460,1.1954251674670027
2461,1.193391688575318
2462,1.1752504806412412
2463,1.1406491114492578
2464,1.4210235400050992
2465,1.1739973462428084
2466,1.2810721728267556
2467,1.2766518245460838
2468,1.1328950900706694
2469,1.3315524721326746
2470,1.2979836958651072
2471,1.2672600944094456
2472,1.3661002740555799
2473,1.1948334877222881
2474,1.493347867178049
2475,1.2099497996224293
2476,1.2582886998222231
2477,1.4168654245565904
2478,1.3583538075177777
2479,1.2116963722024747
2480,1.4044122029608992
2481,1.527798083963731
2482,1.1177857461567249
2483,1.3825386492095073
2484,1.1782487132168369
2485,1.0805103744316964
2486,1.2193376183664308
2487,1.2531645859960927
2488,1.189711910169664
2489,1.1529189289003692
2490,1.2305162067311928
2491,1.248577937667229
2492,1.109711261498993
2493,1.1095945597733103
2494,1.112958973291101
2495,1.4581834110054135
2496,1.4993130724627803
2497,1.2086641464673924
2498,1.256467821797942
2499,1.2063549508244793
2500,1.2357607182806771
2501,1.4819829510340603
2502,1.3466423326199246
2503,1.5346222488222914
2504,1.270185151775551
2505,1.4378168075261613
2506,1.2319824597456626
2507,1.284149447110112
2508,1.6767946386280437
2509,1.196304329711394
2510,1.2393671594359759
2511,1.168665137106675
2512,1.4172764654712133
2513,1.2808755188474188
2514,1.3448076687767678
2515,1.5074473455624655
2516,1.0795278015247571
2517,1.5453778469620054
2518,1.311144564200538
2519,1.3856451056029886
2520,1.4607416986947495
2521,1.462419374392825
2522,1.2766518245460838
2523,1.5665946285820302
2524,1.4605599652845422
2525,1.2224387191831692
2526,1.2377598658082285
2527,1.248601113201418
2528,1.55673579766377
2529,1.2564153718624562
2530,1.262493393957157
2531,1.3116773050857276
2532,1.193795147228185
2533,1.235910525304698
2534,1.4605599652845422
2535,1.4400905928991645
2536,1.3341242013670074
2537,1.3108990479757363
2538,1.2643932300700487
2539,1.639379860576443
2540,1.359947793508141
2541,1.4215542257037326
2542,1.2453007574615258
2543,1.2617121330488714
2544,1.6292577855691952
2545,1.1565260377518525
2546,1.2263699307969755
2547,1.241497468768649
2548,1.1699464642888884
2549,1.4960890747027313
2550,1.5081784546185955
2551,1.321883410658684
2552,1.3409457355835837
2553,1.2688604838817192
2554,1.342847016119273
2555,1.6255197368070171
2556,1.2617514138592065
2557,1.3151054055416418
2558,1.3745143074428527
2559,1.3193770764881823
2560,1.2221102238117192
2561,1.377554514174467
2562,1.5608330263478694
2563,1.3139430841737623
2564,1.3720298143827114
2565,1.3871589083036662
2566,1.175021150284856
2567,1.5080938890846236
2568,1.2477349879516106
2569,1.0791840363957752
2570,1.1495199162998258
2571,1.6213173548814102
2572,1.3538415731004336
2573,1.6097859814973008
2574,1.481671891561602
2575,1.4258725388041937
2576,1.3891261274284679
2577,1.294000499717963
2578,1.9305093888105986
2579,1.541228687194101
2580,1.4300590912826698
2581,1.4239388829455057
2582,1.3468870003509466
2583,1.3195559853428718
2584,1.2717080204529416
2585,1.4733321444198104
2586,1.2106678416045333
2587,1.3691230641687708
2588,1.172237019695006
2589,1.2208321504930972
2590,1.3781886530543508
2591,1.312820397558637
2592,1.4155652530116212
2593,1.2239107466342225
2594,1.443713210720947
2595,1.126318046139701
2596,1.1808568685578875
2597,1.3275715324643036
2598,1.1747900910865394
2599,1.1099175303395368
2600,1.0841860679551665
2601,1.3553534417322042
2602,1.989443284972843
2603,1.318534259698137
2604,1.5451168707856695
2605,1.1961122903724013
2606,1.670022145305999
2607,1.1716475753339373
2608,1.1626194357344228
2609,1.252435790459986
2610,1.1324520255006518
2611,1.2188629416629204
2612,1.3897518041571317
2613,1.3424618758422289
2614,1.2929822369586228
2615,1.3090910262541444
2616,1.5402587713767693
2617,1.1496010358143398
2618,1.3988524307206238
2619,1.43982002168917
2620,1.2257486499662134
2621,1.116622433275702
2622,1.6252326293823254
2623,1.278183188349171
2624,1.4319931971389812
2625,1.5103656033459265
2626,1.2120182054112474
2627,1.3100285803552638
2628,1.7729045317480783
2629,1.3145812995494082
2630,1.128007147425914
2631,1.1545701429699247
2632,1.309551114915762
2633,1.3188943659035348
2634,1.3610178912602466
2635,1.452318241738923
2636,1.4605599652845422
2637,1.3758638860357648
2638,1.2964525329246643
2639,1.5069647439657083
2640,1.3912216911442872
2641,1.5506392181327229
2642,1.3760394838221737
2643,1.3500358218144086
2644,1.3971973259867423
2645,1.3670725640343742
2646,1.1649931812323848
2647,1.531150742089392
2648,1.125315895190055
2649,1.284149447110112
2650,1.1316509734503835
2651,1.3613354731765364
2652,1.2302072626824638
2653,1.2057419199122077
2654,1.1721178755707622
2655,1.4858498752777036
2656,1.2383947393677845
2657,1.2081469837844363
2658,1.403239493228044
2659,1.33454050035525
2660,1.230085628027979
2661,1.199252265672288
2662,1.1538736712335507
2663,1.5817485390297594
2664,1.3031825385352969
2665,1.3636073748342044
2666,1.3865933297536572
2667,1.2698897613516322
2668,1.2206963090424188
2669,1.0550394030543333
2670,1.0838703533627836
2671,1.3049438644521496
2672,1.34935030318487
2673,1.3144541458710355
2674,1.318598011220541
2675,1.093211387758538
2676,1.4862107760623315
2677,1.418706781690889
2678,1.355703952576223
2679,1.706031545826547
2680,1.25808968284956
2681,1.1419308866232625
2682,1.5657793890401543
2683,1.1328950900706694
2684,1.1825213532979382
2685,1.2576679741172045
2686,1.1254195076732931
2687,1.3849735004794022
2688,1.1700022344548655
2689,1.223325583362333
2690,1.1724025794813175
2691,1.6403261800597801
2692,1.1756683470797469
2693,1.386329927061827
2694,1.4059992227460902
2695,1.2434331220489079
2696,1.9814685933612184
2697,1.4459579374327887
2698,1.221372735687364
2699,1.4819829510340603
2700,1.2331107547546851
2701,1.7331051280202259
2702,1.0570623881774037
2703,1.3043651147604558
2704,1.1267147103790716
2705,1.4062170067128799
2706,1.6777099235502917
2707,1.2088442373912005
2708,1.1716475753339373
2709,1.26335670989161
2710,1.3241678911599852
2711,1.1412670426461184
2712,1.1334320814673693
2713,1.111415946078662
2714,1.2462604683327307
2715,1.1237454708332206
2716,1.2417021525096057
2717,1.6097859814973008
2718,1.4444017779295948
2719,1.1939015404933226
2720,1.3592665184246118
2721,1.7285192081751406
2722,1.3303817399642255
2723,1.2097275018956453
2724,1.3971973259867423
2725,1.6433997312576532
2726,1.2312748671686247
2727,1.3201500419535008
2728,1.2102083396756511
2729,1.4746015220669655
2730,1.2262615845604516
2731,1.1727208256882646
2732,1.5312496730744274
2733,1.2906872706306076
2734,1.1085830765629505
2735,1.442790097761273
2736,1.1871061702347068
2737,1.1397815129918543
2738,1.375022176498561
2739,1.3522528203525876
2740,1.224438226015257
2741,1.5387958158342545
2742,1.3873129965558348
2743,1.1733838491619395
2744,1.4993528459318932
2745,1.2307556529760932
2746,1.4213897872148584
2747,1.282085311631351
2748,1.4349600646192184
2749,1.5611105025855883
2750,1.3331732359715536
2751,1.5263696852048934
2752,1.3250011375025295
2753,1.1928945777463864
2754,1.1013692712516538
2755,1.2842471735451195
2756,1.3590804015915663
2757,1.5557943329750625
2758,1.3580935945414947
2759,1.443490068614814
2760,1.2116963722024747
2761,1.4960890747027313
2762,1.3034769834672313
2763,1.1348780336708282
2764,1.1013676586128958
2765,1.4034146078365732
2766,1.1181692796909675
2767,1.1906445813215243
2768,1.0983269364566028
2769,1.5297312671360292
2770,1.2249029503735323
2771,1.8977410956616714
2772,1.3441088497225733
2773,1.1345087513105374
2774,1.2397808755068265
2775,1.19692211325841
2776,1.6304287923100529
2777,1.4430910610620264
2778,1.1479104387606716
2779,1.214569556934567
2780,1.3871589083036662
2781,1.2244432952498423
2782,1.312794734658947
2783,1.7956410439276105
2784,1.2983058800845062
2785,1.2527597637408143
2786,1.4766572491462266
2787,1.3500358218144086
2788,1.1970058603455502
2789,1.6006913703514785
2790,1.5348164117175858
2791,1.2057761438669283
2792,1.5355133765154525
2793,1.3621585384705337
2794,1.2383947393677845
2795,1.6100048611926394
2796,1.2774274470596698
2797,1.2903444437945422
2798,1.2898085856222352
2799,1.541228687194101
2800,1.5297611044707715
2801,1.1692760375504287
2802,1.222401171155887
2803,1.550630295775868
2804,1.5346222488222914
2805,1.4207382208629733
2806,1.1818979302927166
2807,1.2518815887279355
2808,1.353829098132769
2809,1.216909867736308
2810,1.3429252927024646
2811,1.1702594214442246
2812,1.2178891581541813
2813,1.3220226148446002
2814,1.2373464488602832
2815,1.7873848069037555
2816,1.2088442373912005
2817,1.125187527769234
2818,1.3645827599378142
2819,1.3949354309350206
2820,1.1507333529471575
2821,1.3405483953555286
2822,1.6469847059741274
2823,1.2836000410477026
2824,1.2815060524639317
2825,1.324776459938326
2826,1.2976721699910365
2827,1.3976720747910976
2828,1.129984254938101
2829,1.2463211350103227
2830,1.1592742757208392
2831,1.2668175205401357
2832,1.2911342667453423
2833,1.5461858032424862
2834,1.4781728534604164
2835,1.1592579839282935
2836,1.1223367931801878
2837,1.5563558479694188
2838,1.3482492405988804
2839,1.1995606282090459
2840,1.1412670426461184
2841,1.1176662889243392
2842,1.3630157331725632
2843,1.2373582513661778
2844,1.5811007935267165
2845,1.3196046961483552
2846,1.7149223192071268
2847,1.808750026878517
2848,1.2949319337744212
2849,1.3261738967496626
2850,1.5445747957916383
2851,1.2160578072353816
2852,1.5008269152679876
2853,1.424836152000901
2854,1.7781628343424543
2855,1.1749147945710638
2856,1.1888360431846956
2857,1.1476986037721633
2858,1.1940469019103341
2859,1.3166368089000704
2860,1.289821226973089
2861,1.2887133631991965
2862,1.449797230399212
2863,1.2357607182806771
2864,1.3891261274284679
2865,1.3407775929310861
2866,1.5328074140672514
2867,1.4039694166565588
2868,1.2770091558600685
2869,1.2236551991219449
2870,1.0527711830421234
2871,1.1405540143994093
2872,1.2106313087546976
2873,1.097981371909253
2874,1.4082194695965327
2875,1.989443284972843
2876,1.3500173709860184
2877,1.441346821402002
2878,1.4188240627384563
2879,1.2165261178161184
2880,1.2545551636394041
2881,1.2572220398617067
2882,1.125315895190055
2883,1.3109260870691741
2884,1.2052491585626217
2885,1.3910110358810104
2886,1.5603860902161708
2887,1.448186057598353
2888,1.313166000138098
2889,1.4923882195272047
2890,1.2992519232017847
2891,1.3296740873181703
2892,1.2711141028028046
2893,1.44526586576958
2894,1.3194103674888098
2895,1.2453007574615258
2896,1.394886708037264
2897,1.3151361152166352
2898,1.697793135365281
2899,1.3435695165124464
2900,1.2429857417518162
2901,1.3316191144217515
2902,1.1133352128430802
2903,1.2211444981634574
2904,1.2353856530410194
2905,1.0582690355917808
2906,1.2521537606546065
2907,1.5880706021294393
2908,1.1664760046734757
2909,1.4821197357096059
2910,1.207541864749715
2911,1.2908409582295997
2912,1.2100189637839736
2913,1.3194103674888098
2914,1.4808503172703276
2915,1.2318942246404565
2916,1.5004166434531436
2917,1.1165738731474009
2918,1.4626723588314001
2919,1.174801369558579
2920,1.3440181594708511
2921,1.162866626279336
2922,1.7465568283384065
2923,1.2518815887279355
2924,1.1254195076732931
2925,1.2351558179942694
2926,1.094606632784237
2927,1.499077728717658
2928,1.1096868937991682
2929,1.1277042328706441
2930,1.3666539124287844
2931,1.3280062403145305
2932,1.293609302618294
2933,1.3463404773596537
2934,1.4923882195272047
2935,1.6053382893551214
2936,1.3980505248561512
2937,1.1353568540150207
2938,1.2652971815647807
2939,1.3303022168205296
2940,1.2939899931225944
2941,1.3095965113535801
2942,1.4603681155359347
2943,1.0543375892688005
2944,1.210472408839402
2945,1.301653171235264
2946,1.2221102238117192
2947,1.3744983670802289
2948,1.4667626820105835
2949,1.1461623186778778
2950,1.2887133631991965
2951,1.1361366537651538
2952,1.485182346263243
2953,1.2095317087358297
2954,1.1752504806412412
2955,1.1838106478611732
2956,1.2704421636507275
2957,1.2425300693326213
2958,1.1969013904149293
2959,1.0763877027435704
2960,1.2968860731022778
2961,1.7526063165335306
2962,1.248577937667229
2963,1.1902837354045057
2964,1.5291547703491157
2965,1.2354775429416829
2966,1.3873129965558348
2967,1.3021191865418424
2968,1.3979364954520506
2969,1.3166368089000704
2970,1.494152377526125
2971,1.1004409456292736
2972,1.1650197746162059
2973,1.3902335634508525
2974,1.2086641464673924
2975,1.239938845016626
2976,1.2135693663220475
2977,1.2840917246680323
2978,1.17902184804993
2979,1.2099180581110334
2980,1.403970986473521
2981,1.1518296507609265
2982,1.203145780660933
2983,1.1592742757208392
2984,1.068220401212775
2985,1.2518987060295932
2986,1.3416162600445287
2987,1.3950384300964191
2988,1.1090594126721935
2989,1.527798083963731
2990,1.2244883907290538
2991,1.389427635952612
2992,1.396887426774631
2993,1.357260826912483
2994,1.1683945182529154
2995,1.126722514320065
2996,1.256183075563151
2997,1.2940756672285751
2998,1.3132291095316848
2999,1.648990801338455
3000,1.8321421653619216
3001,1.1455392233114086
3002,1.686825520627561
3003,1.322844084471827
3004,1.450118607076452
3005,1.1211120597514745
3006,1.1221853474945993
3007,1.2770976915105312
3008,1.290297793682764
3009,1.353829098132769
3010,1.5338147659431907
3011,1.5024920045275663
3012,1.2677497960370248
3013,1.522952553452214
3014,1.081635325067991
3015,1.2995746452394834
3016,1.4582986628764167
3017,1.6135881528228548
3018,1.3636073748342044
3019,1.36126294352092
3020,1.272369432575705
3021,1.153141926171154
3022,1.3644024545681592
3023,1.2520104385401156
3024,1.3334213318284205
3025,1.184290306454932
3026,1.441646523556718
3027,1.5905708871861048
3028,1.4717677338152317
3029,1.1547740655094116
3030,1.1390912829358977
3031,1.2000311591092825
3032,1.248674143946132
3033,1.0841860679551665
3034,1.5162167000818902
3035,1.1445838826024741
3036,1.14866399526649
3037,1.2808015577305232
3038,1.4975100415306375
3039,1.363337869417787
3040,1.5108523726533352
3041,1.1991887749873988
3042,1.308623811746878
3043,1.0637369429530472
3044,1.4819829510340603
3045,1.2768903134434502
3046,1.2094280372570156
3047,1.5297312671360292
3048,1.1445648130050348
3049,1.221695114745801
3050,1.22382261789957
3051,1.323728443843928
3052,1.5930150488544066
3053,1.6525306072034882
3054,1.3371308772926394
3055,1.5533045861421368
3056,1.2107052182063023
3057,1.8977410956616714
3058,1.1031986088737769
3059,1.3656389947590999
3060,1.441646523556718
3061,1.3670725640343742
3062,1.2636490715996238
3063,1.2081956171247246
3064,1.2321305767835118
3065,1.2173483580971471
3066,1.541473820247336
3067,1.282085311631351
3068,1.1904371030385164
3069,1.317417454793406
3070,1.1192318478689862
3071,1.692840430399253
3072,1.4921142993446548
3073,1.519794853438893
3074,1.3512007833060862
3075,1.4921974565970528
3076,1.6304287923100529
3077,1.170878178990664
3078,1.199582012080095
3079,1.0887559190101244
3080,1.109711261498993
3081,1.1658634829559458
3082,1.3316191144217515
3083,1.239600014279891
3084,1.2263699307969755
3085,1.2184033675517159
3086,1.2685907760529804
3087,1.2031829271563776
3088,1.2375280590243376
3089,1.3209831296792889
3090,1.0992881604195357
3091,1.1995606282090459
3092,1.199252265672288
3093,1.2234133431669358
3094,1.120272604809201
3095,1.228300193773722
3096,1.3952655019797742
3097,1.5929015702979366
3098,1.0730425994191692
3099,1.3487945320697534
3100,1.2999756419676904
3101,1.2964525329246643
3102,1.541228687194101
3103,1.2994415133577555
3104,1.2259931628695622
3105,2.040828176653756
3106,1.410205419391221
3107,1.3028615867621154
3108,1.2531645859960927
3109,1.2505441424025157
3110,1.225557135367451
3111,1.1379404590100504
3112,1.489676645959826
3113,1.1516357551097445
3114,1.5030673470890363
3115,1.178518542726702
3116,1.5506392181327229
3117,1.3151222515583847
3118,1.0988101190689639
3119,1.168665137106675
3120,1.3026021968508104
3121,1.2749455233556874
3122,1.2478359588795789
3123,1.4859741026840245
3124,1.0687631792213672
3125,1.4087901985352835
3126,1.120272604809201
3127,1.1072996147500351
3128,1.1513721826096677
3129,1.0988101190689639
3130,1.1953687826410009
3131,1.3936444669175116
3132,1.448373414710915
3133,1.3077564875295926
3134,1.4898717764321103
3135,1.2512767237255822
3136,1.2286119636029689
3137,1.4628284170161492
3138,1.345380514509173
3139,1.3139765863463486
3140,1.2216018200123258
3141,1.1940724007301502
3142,1.1363749649262758
3143,1.1848451893369665
3144,1.5308131048067508
3145,1.2088442373912005
3146,1.2145308968249986
3147,1.141392827976155
3148,1.287885837943753
3149,1.3543697481828112
3150,1.2120182054112474
3151,1.199252265672288
3152,1.4187693930885419
3153,1.1328950900706694
3154,1.152405818294229
3155,1.164981529180615
3156,2.040828176653756
3157,1.111465970003615
3158,1.2482380186564677
3159,1.3534088387830738
3160,1.4527020120035687
3161,1.2904868731739252
3162,1.4800209743038997
3163,1.3137306133173292
3164,1.2412047974431064
3165,1.372973775291603
3166,1.535570531948368
3167,1.1669862231461914
3168,1.5616178190622765
3169,1.5006955467893512
3170,1.2301825237409127
3171,1.3196198338270833
3172,1.3812084752113174
3173,1.291694757662168
3174,1.4821197357096059
3175,1.2086059042045287
3176,1.270783573716086
3177,1.4848609785888736
3178,1.422056427012547
3179,1.1945364183691527
3180,1.0969614226811422
3181,1.2208321504930972
3182,1.5313303851899192
3183,1.2437786990550148
3184,1.3996593261511017
3185,1.4231205880415365
3186,1.4192236700487033
3187,1.1357960193759467
3188,1.3003838978935542
3189,1.1518296507609265
3190,1.2564355405993592
3191,1.284249684708808
3192,1.258003493482581
3193,1.2020966485055886
3194,1.697793135365281
3195,1.3167116358663902
3196,1.2658220133013696
3197,1.168348315802227
3198,1.4969618858516067
3199,1.4247549417086485
3200,1.2336133988119762
3201,1.059635046019343
3202,1.2609190961659726
3203,1.3752529326831335
3204,1.268175079231647
3205,1.4186154032450953
3206,1.244857711314705
3207,1.2089782485906169
3208,1.1611397067437814
3209,1.4008023432871362
3210,1.2312748671686247
3211,1.4581556901300796
3212,1.6704815650579194
3213,1.4974236230892595
3214,1.309616817322578
3215,1.275505978569454
3216,1.2280721654392777
3217,1.3303022168205296
3218,1.2009225373318957
3219,2.0794118858429442
3220,1.5053166068322257
3221,1.0683965903039274
3222,1.3360136253861168
3223,1.5075689230738942
3224,1.2748202038131653
3225,1.2448475688732947
3226,1.2903555749385647
3227,1.15301277692405
3228,1.3059007068174036
3229,1.1159903767694674
3230,1.5237589923099797
3231,1.1839579841506465
3232,1.1565260377518525
3233,1.4581735047313233
3234,1.623476411389857
3235,1.4456146374318153
3236,1.245367389052788
3237,1.310277188133931
3238,1.4237021144285287
3239,1.1455392233114086
3240,1.2492550995131808
3241,1.2894667489050653
3242,1.4267101054953069
3243,1.4205655517903424
3244,1.0728917422062567
3245,1.1095945597733103
3246,1.706031545826547
3247,1.2356364192970615
3248,1.1823360012650106
3249,1.5323538532121428
3250,1.4373617387290096
3251,1.2617209456052756
3252,1.3748133057998018
3253,1.219954532539975
3254,1.3498974546419715
3255,1.4585660437533539
3256,1.181489372765304
3257,1.2103219533060932
3258,1.1348973239972415
3259,1.4484094601355704
3260,1.2154840349904241
3261,1.4773949967254305
3262,1.5616178190622765
3263,1.2803296991313766
3264,1.5942190669476894
3265,1.3661002740555799
3266,1.2273957147775487
3267,1.163805625335672
3268,1.3907288736394021
3269,1.2338403260086601
3270,1.5908026044740513
3271,1.3111649399478518
3272,1.2288498238620498
3273,1.4842180503297735
3274,1.380566711080824
3275,1.1787102451525278
3276,1.235910525304698
3277,1.241533846002745
3278,1.580023161483456
3279,1.4039511411883137
3280,1.4263218522038026
3281,1.5519292236664848
3282,1.2747743578207444
3283,1.1725627598926582
3284,1.5006955467893512
3285,1.1635523735545137
3286,1.13322974084697
3287,1.3353863064129725
3288,1.3963392174212164
3289,1.2604722863357536
3290,1.3557176218806484
3291,1.210679474783569
3292,1.7852068492156685
3293,1.382195706948926
3294,1.3165880271762709
3295,1.3596384010343439
3296,1.284149447110112
3297,1.172026012424108
3298,1.2716142410569882
3299,1.3963392174212164
3300,1.3040362368811043
3301,1.2591169657530166
3302,1.1542799137799955
3303,1.4006386836912352
3304,1.2020966485055886
3305,1.2887050954711659
3306,1.4800209743038997
3307,1.4102370165879075
3308,1.3538415731004336
3309,1.2677861856762451
3310,1.309551114915762
3311,1.5033578210337137
3312,1.4430910610620264
3313,1.548010178938231
3314,1.3894031527513249
3315,1.2710828251124726
3316,1.3463849624663637
3317,1.0678089724688409
3318,1.5563558479694188
3319,1.6669923952737622
3320,1.381084845081655
3321,1.4320835466309818
3322,1.1923367260872944
3323,1.2254390034433849
3324,1.227941689254158
3325,1.5099524526677446
3326,1.3954305500208648
3327,1.3056923769728912
3328,1.4149652606782084
3329,1.1512382672479087
3330,1.4992504920516612
3331,1.3779873107416705
3332,1.120272604809201
3333,1.2901800751868904
3334,1.4066113262444895
3335,1.313166000138098
3336,1.206629091188558
3337,1.2640745439586345
3338,1.1588525390789521
3339,1.1223367931801878
3340,1.1679937773117754
3341,1.2186804129617321
3342,1.7372101756117788
3343,1.187481719097273
3344,1.2365695384082631
3345,1.2442144806560846
3346,1.148870791610238
3347,1.2911837315515662
3348,1.2385818293822604
3349,1.4349600646192184
3350,1.4467151614372071
3351,1.120272604809201
3352,1.26335670989161
3353,1.2225107098916
3354,1.4173984351022961
3355,1.2944907851415226
3356,1.4850335160674468
3357,1.287424840794348
3358,1.1933215653925247
3359,1.3137925573127538
3360,1.1248052145220202
3361,1.4395870714582975
3362,1.386209639761947
3363,1.7780695782639797
3364,1.2462604683327307
3365,1.386209639761947
3366,1.1878181449689955
3367,1.1975365139642378
3368,1.2839021216381912
3369,1.2983058800845062
3370,1.1818087810231146
3371,1.1358572559849953
3372,1.4149652606782084
3373,1.4488447730931364
3374,1.2995746452394834
3375,1.4253168767760862
3376,1.2349849677566238
3377,1.3570641731962558
3378,1.481982788709939
3379,1.2913126452909505
3380,1.2039880779727392
3381,1.1450092660786888
3382,1.5283708561989309
3383,1.5594412630518555
3384,1.8142076550804696
3385,1.3887282632349611
3386,1.068850839505962
3387,1.0713418000836992
3388,1.1388390484017872
3389,1.1766289001415136
3390,1.3040362368811043
3391,1.3930852247529524
3392,1.1821826222785552
3393,1.3397678500973629
3394,1.0690656091708786
3395,1.15301277692405
3396,1.1852416942497177
3397,1.3180593153192488
3398,1.4766572491462266
3399,1.2927009483856473
3400,1.3551293084710863
3401,1.5070114773383536
3402,1.4969618858516067
3403,1.069386544393228
3404,1.1538736712335507
3405,1.40847466254003
3406,1.2237643164845098
3407,1.4777890308100396
3408,1.1957745974517082
3409,1.6261046882374577
3410,1.2801789124735494
3411,1.6601442475392518
3412,1.5250748974429762
3413,1.375500607384133
3414,1.1724025794813175
3415,1.3609875313378204
3416,1.375022176498561
3417,1.8369233447688418
3418,1.683967293216813
3419,1.1310546343548045
3420,1.4622702634944051
3421,1.325041643244123
3422,1.2159705361686515
3423,1.371164144260011
3424,1.3046571346467142
3425,1.5810676752114612
3426,1.4766386673392822
3427,1.1044349156229
3428,1.0730693731847363
3429,1.3100285803552638
3430,1.4703739259400148
3431,1.1803073059965956
3432,1.445213568758219
3433,1.109711261498993
3434,1.4008023432871362
3435,1.2088442373912005
3436,1.386209639761947
3437,1.4842180503297735
3438,1.4808503172703276
3439,1.214294290860349
3440,1.4319109177681097
3441,1.5917988900641558
3442,1.3673726687545837
3443,1.5506392181327229
3444,1.288846088383118
3445,1.8078565431736306
3446,1.3405580241350927
3447,1.1513493403570554
3448,1.2590650047971055
3449,1.3257918958742407
3450,1.223044573590121
3451,1.4295303628386367
3452,1.4467151614372071
3453,1.1593731383059767
3454,1.2000311591092825
3455,1.1026244896899113
3456,1.3747460338295254
3457,1.5538728018567334
3458,1.5004166434531436
3459,1.3790256050891148
3460,1.3232595591698137
3461,1.5273491228710878
3462,1.228702295282561
3463,1.2568841927016234
3464,1.419805068426083
3465,1.3462470902992942
3466,1.216909867736308
3467,1.897437064239274
3468,1.0924860959279785
3469,1.803205156039371
3470,1.1693117442542866
3471,1.2149651137157274
3472,1.1848451893369665
3473,1.2145177923005006
3474,1.3132678301024883
3475,1.2206717086203722
3476,1.0570623881774037
3477,1.3128821368615182
3478,1.2705501916254365
3479,1.2009225373318957
3480,1.2624642698153747
3481,1.3583538075177777
3482,1.3125501193443394
3483,1.5909921298000014
3484,1.5255199441388656
3485,1.5257228758331047
3486,1.4448164630848326
3487,1.2298230677979467
3488,1.7664292690900172
3489,1.5930150488544066
3490,1.4036962726438795
3491,1.252435790459986
3492,1.5165340881457066
3493,1.2426007051521333
3494,1.223325583362333
3495,1.839678581702044
3496,1.3743355212745032
3497,1.5732277788200721
3498,1.134002649271026
3499,1.2145177923005006
3500,1.463118439836136
3501,1.4800209743038997
3502,1.3346274747151143
3503,1.1050767000728727
3504,1.3988268850323895
3505,1.316112344083628
3506,1.441872650341883
3507,1.3258029334668167
3508,1.403737697880546
3509,1.0791840363957752
3510,1.2939899931225944
3511,1.141392827976155
3512,1.73383970255279
3513,1.2573495082002106
3514,1.282237233808239
3515,1.3707855803475404
3516,1.1888897391919355
3517,1.4063919536984966
3518,1.1819807446416226
3519,1.433572971411617
3520,1.2700731860199739
3521,1.7781628343424543
3522,1.17425123713918
3523,1.344894695065726
3524,1.571231592365231
3525,1.279446549866287
3526,1.2545551636394041
3527,1.3440327332028594
3528,1.4424599496094332
3529,1.1218765448330064
3530,1.2886170757037032
3531,1.561893816088197
3532,1.3753430271039648
3533,1.170878178990664
3534,1.3432957531218621
3535,1.0951627613302268
3536,1.1107123851742269
3537,1.3188943659035348
3538,1.2736245703663587
3539,1.2808015577305232
3540,1.3416162600445287
3541,1.251230294965875
3542,1.4564538640765927
3543,1.3563759086606109
3544,1.2657349736960668
3545,1.1221853474945993
3546,1.1525408656413916
3547,1.2188629416629204
3548,1.3209831296792889
3549,1.1705507046182662
3550,1.26533232128531
3551,1.365822140998741
3552,1.2668003483532584
3553,1.7959243814244763
3554,1.8433824734583257
3555,1.19692211325841
3556,1.0830484040803516
3557,1.1700022344548655
3558,1.6504658350056944
3559,1.1754211951869973
3560,1.3123022250507297
3561,1.285771927134391
3562,1.1860810369668335
3563,1.4488447730931364
3564,1.0557050685513274
3565,1.3671907501877416
3566,1.1969452716221398
3567,1.2124648431392153
3568,1.1443890441824471
3569,1.2985356054301864
3570,1.511224130622704
3571,1.33454050035525
3572,1.1912378895238804
3573,1.5929015702979366
3574,1.1516718822161973
3575,1.2232973848059034
3576,1.3411236117129641
3577,1.5899727088384634
3578,1.574603164167012
3579,1.1731940976213677
3580,1.4089665156395783
3581,1.2130180039433223
3582,1.6286153453275662
3583,1.3600008969591297
3584,1.3831409782100945
3585,1.2980036525380476
3586,1.5298438340174472
3587,1.55214587465366
3588,1.324330677053732
3589,2.0391849843505065
3590,1.1842394952132704
3591,1.4063919536984966
3592,1.4708568477274913
3593,1.2034725913416227
3594,1.178518542726702
3595,1.4245220702416517
3596,1.3422864648096338
3597,1.050522580229659
3598,1.1700242535004561
3599,1.2803198810167329
3600,1.225674064679983
3601,1.448971054426434
3602,1.20351822984677
3603,1.2749455233556874
3604,1.2697547394659536
3605,1.499345493399649
3606,1.3855812515496253
3607,1.2911342667453423
3608,1.3370662233413482
3609,1.6871655688719944
3610,1.264665570401284
3611,1.3003261269016497
3612,1.221306182991418
3613,1.181127083361465
3614,1.2222428676616912
3615,1.52766956908002
3616,1.2853081633853145
3617,1.1509830473722191
3618,1.2729011447716059
3619,1.205265026561745
3620,1.3136079179204865
3621,1.0756597286010334
3622,1.4737989741664612
3623,1.3788767716571202
3624,1.51705680502952
3625,1.2286917226151746
3626,1.6368191698607584
3627,1.5312496730744274
3628,1.3645720778895416
3629,1.2264239059536648
3630,1.234801020450766
3631,1.224089541424667
3632,1.3728528836435234
3633,1.6875678086011976
3634,1.3768450397700538
3635,1.421194562584129
3636,1.5910284967243165
3637,1.2120182054112474
3638,1.5229155775500782
3639,1.424836152000901
3640,1.2206963090424188
3641,1.3053201974349549
3642,1.4644725045466587
3643,1.3063910856323762
3644,1.1316509734503835
3645,1.4215182908927555
3646,1.2642097512031767
3647,1.6052026929534942
3648,1.1851686189215658
3649,1.2830995498028213
3650,1.1915574845237125
3651,1.2302454236594633
3652,1.1181692796909675
3653,1.2444422410950773
3654,1.1425898587170553
3655,1.3346043374857741
3656,1.3463404773596537
3657,1.3442765385501005
3658,1.4108459899922388
3659,1.2382076166016207
3660,1.3158401846845218
3661,1.3095965113535801
3662,1.3943508882023588
3663,1.2469928436559756
3664,1.6261046882374577
3665,1.223325583362333
3666,1.1450444393935022
3667,1.2435100112473396
3668,1.3277142872188983
3669,1.3924435877323684
3670,1.7194268564893933
3671,1.1909705311892411
3672,1.2296042323163006
3673,1.2572220398617067
3674,1.2087455962081
3675,1.1391921726110061
3676,1.1105325420938161
3677,1.187481719097273
3678,1.518933198805363
3679,1.3954305500208648
3680,1.4172764654712133
3681,1.3256049251799091
3682,1.4373617387290096
3683,1.2057419199122077
3684,1.1399646344732395
3685,1.1405540143994093
3686,1.419805068426083
3687,1.5868780745698545
3688,1.467495779172243
3689,1.474939430288402
3690,1.4433089359567521
3691,1.3087200169138569
3692,1.2880270431564524
3693,1.3088382594758718
3694,1.2887133631991965
3695,1.3897518041571317
3696,1.1258822070088192
3697,1.1304486093336417
3698,1.4781728534604164
3699,1.290297793682764
3700,1.9814685933612184
3701,1.3042315522637749
3702,1.5412886978489015
3703,1.1727057224364994
3704,1.1179008902890757
3705,1.0969614226811422
3706,1.2471323688792895
3707,1.1317572446105204
3708,1.5255199441388656
3709,1.2265664331637007
3710,1.6006913703514785
3711,1.2108982306294391
3712,1.2946358644095686
3713,1.3513100241420224
3714,1.2220482030960254
3715,1.316112344083628
3716,1.2249346705043036
3717,1.3767844566302032
3718,1.2790962269974862
3719,1.0979639289407512
3720,1.6036948051852173
3721,1.2161263171218375
3722,1.2859388430311454
3723,1.4349600646192184
3724,1.3160198686144229
3725,1.7194978011405586
3726,1.215479274951027
3727,1.5923058222315316
3728,1.2500960228184912
3729,1.1254195076732931
3730,1.2181627114656226
3731,1.2122190921539269
3732,1.4063110389530773
3733,1.371903239491027
3734,1.2702506381297005
3735,1.3409009686494306
3736,1.3188943659035348
3737,1.0736147162973941
3738,1.485182346263243
3739,1.2953917174175456
3740,1.1912658330299075
3741,1.406832949337718
3742,1.1725627598926582
3743,1.6292577855691952
3744,1.0550394030543333
3745,1.3181285958473876
3746,1.556564899518363
3747,1.3193770764881823
3748,1.7959243814244763
3749,1.2848168483693783
3750,1.140630142831497
3751,1.6386493600091145
3752,1.125187527769234
3753,1.3693444303776172
3754,1.1369078366837435
3755,1.4245220702416517
3756,1.2153605080247947
3757,1.5169948493467338
3758,1.2401428337593507
3759,1.224953433351212
3760,1.1004409456292736
3761,1.370853920844661
3762,1.1618158923903243
3763,1.1688159193897991
3764,1.228702295282561
3765,1.2835392034173287
3766,1.3082292220199725
3767,1.3739315746409868
3768,1.7956410439276105
3769,1.1579056740160976
3770,1.2310992337967235
3771,1.1453275051057605
3772,1.4848609785888736
3773,1.2624642698153747
3774,1.3669775664304042
3775,1.1221853474945993
3776,1.2286119636029689
3777,1.407516011575271
3778,1.1615526928196078
3779,1.262632911500216
3780,1.3079821834715066
3781,1.1477128365702078
3782,1.268175079231647
3783,1.339796678492683
3784,1.2957896436353025
3785,1.1932844672002307
3786,1.3544270059874082
3787,1.3188943659035348
3788,1.5040574429920366
3789,1.473873611888978
3790,1.5606416283958027
3791,1.363563898715744
3792,1.2933167798748968
3793,1.5973441428118194
3794,1.4306829069753906
3795,1.1258822070088192
3796,1.2364638879590404
3797,1.6076866619377412
3798,1.4626723588314001
3799,1.2580967160802974
3800,1.4300590912826698
3801,1.3022715789766062
3802,1.2854500334558217
3803,1.286553996391266
3804,1.369636931027043
3805,1.1324520255006518
3806,1.1478184762394
3807,1.6338748869003672
3808,1.6368191698607584
3809,1.2249721327882679
3810,1.1892498207006068
3811,1.2611923935491312
3812,1.2155015488713234
3813,1.3082292220199725
3814,1.9247011683106794
3815,1.1975365139642378
3816,1.386299170659927
3817,1.2913176173027934
3818,1.1710837536758838
3819,1.317434277509946
3820,1.1337627796988463
3821,1.1327172271956207
3822,1.4510900955132842
3823,1.158908352245331
3824,1.2736570554778672
3825,1.2298015945645258
3826,1.4719401147862292
3827,1.129984254938101
3828,1.112194756186478
3829,1.1699238596310144
3830,1.3607208134583464
3831,1.684276199045033
3832,1.2923857493749418
3833,1.2851337696335985
3834,1.4158831076667928
3835,1.7131543717226951
3836,1.41060830511796
3837,1.3188943659035348
3838,1.140630142831497
3839,1.5058861530240504
3840,1.4656652163236021
3841,1.5043406155985422
3842,1.4759847304829157
3843,1.4634211770905907
3844,1.0992881604195357
3845,1.6332799508150764
3846,1.3661002740555799
3847,1.3512708068599375
3848,1.3290823995469145
3849,1.5332987987328552
3850,1.2611923935491312
3851,1.2055680468362655
3852,1.3739315746409868
3853,1.3398914371475839
3854,1.1334320814673693
3855,1.11131167698731
3856,1.2901800751868904
3857,1.4840266390791352
3858,1.4980362700602698
3859,1.2282198641768072
3860,1.4300160403059934
3861,1.4800209743038997
3862,1.2448636324323965
3863,1.2297220271751812
3864,1.174801369558579
3865,1.300638833872131
3866,1.4105614097208015
3867,1.3766662218150156
3868,1.3924435877323684
3869,1.2355667179200147
3870,1.5245794230370355
3871,1.2688943650015967
3872,1.090074237437435
3873,1.4118688247543283
3874,1.2396018138213467
3875,1.2193376183664308
3876,1.4975104813562248
3877,1.2715846282842518
3878,1.1461623186778778
3879,1.2961440831022812
3880,1.3866669508993115
3881,1.2387722849675624
3882,1.4039511411883137
3883,1.2753156743282046
3884,1.2664125078306903
3885,1.3036011905056473
3886,1.5402587713767693
3887,1.2893252575685328
3888,1.1958251725226752
3889,1.1263326087521321
3890,1.5873957119825919
3891,1.3124668281740186
3892,1.6198488314128197
3893,1.541228687194101
3894,1.2471425889230245
3895,1.3754215025111272
3896,1.1542321402037417
3897,1.6138703274707582
3898,1.4021408356831355
3899,1.224438226015257
3900,1.3191880723631542
3901,1.438316170976251
3902,1.3253145560707447
3903,1.4839023756410255
3904,1.2363128650805826
3905,1.2227293543357896
3906,1.4305111837193492
3907,1.2812032118309726
3908,1.425263123078706
3909,1.1784540417963596
3910,1.14866399526649
3911,1.1518296507609265
3912,1.6942519425086797
3913,1.3193844784397741
3914,1.1622250942905084
3915,1.121321872298761
3916,1.378136379625055
3917,1.369613309930421
3918,1.2042766905463942
3919,1.0408138321071954
3920,1.3628209659217407
3921,1.059635046019343
3922,1.3949354309350206
3923,1.55673579766377
3924,1.43453757294134
3925,1.4253168767760862
3926,1.1660453714145358
3927,1.4158575493277654
3928,1.1348973239972415
3929,1.4234102435313463
3930,1.4082194695965327
3931,1.1405540143994093
3932,1.2668175205401357
3933,1.6386493600091145
3934,1.1234407642212516
3935,1.3748133057998018
3936,1.3223826725306012
3937,1.1512382672479087
3938,1.2730017916121612
3939,1.2043086580693485
3940,1.251955609600107
3941,1.309646555403636
3942,1.1847331868877249
3943,1.3178710688656707
3944,1.3544270059874082
3945,1.2017519740682219
3946,1.0966212492953105
3947,1.3849735004794022
3948,1.324330677053732
3949,1.4497096316759217
3950,1.2294088764138376
3951,1.1939015404933226
3952,1.5920126263125112
3953,1.4068363724677424
3954,1.0788585406749633
3955,1.2011537691163479
3956,1.2907297410608292
3957,1.6134420564153669
3958,1.401924804776956
3959,1.386306972804855
3960,1.2356364192970615
3961,1.1778632083215939
3962,1.4030238571376905
3963,1.1533868847573119
3964,1.5687974241632594
3965,1.5068012732276637
3966,1.9630185961193827
3967,1.2055680468362655
3968,1.19692211325841
3969,1.163805625335672
3970,1.2128491739257963
3971,1.5946721945355204
3972,1.1441489797236328
3973,1.1021246288831992
3974,1.5286625070482327
3975,1.4287988881039173
3976,1.678066151492936
3977,1.4685363673278604
3978,1.3119495257606035
3979,1.4975338208380322
3980,1.3930852247529524
3981,1.4448164630848326
3982,1.1700242535004561
3983,1.3152958353028745
3984,1.1026104578461577
3985,1.3989336530354095
3986,1.656551257722987
3987,1.0923486469842505
3988,1.2953479501675258
3989,1.1453275051057605
3990,1.121321872298761
3991,1.3897518041571317
3992,1.254977895933676
3993,1.2262615845604516
3994,1.4952225521333344
3995,1.698429692991957
3996,1.2981764663399509
3997,1.215479274951027
3998,1.396726966470696
3999,1.141392827976155
4000,1.2985356054301864
4001,1.3209831296792889
4002,1.1080348110818952
4003,1.2135389641984962
4004,1.285771927134391
4005,1.3720298143827114
4006,1.4463224582374274
4007,1.4949756194687247
4008,1.4393281309813504
4009,1.5103656033459265
4010,1.2871212797302238
4011,1.1974523225003086
4012,1.4173984351022961
4013,1.563923459277405
4014,1.2739314700343904
4015,1.1478184762394
4016,1.6669923952737622
4017,1.3030349709546232
4018,1.51593524132809
4019,1.4719401147862292
4020,1.2734426041825901
4021,1.262632911500216
4022,1.30014255610831
4023,1.5923634155114377
4024,1.1516357551097445
4025,1.2843897682783414
4026,1.3155448201158635
4027,1.541228687194101
4028,1.3487945320697534
4029,1.6409745169971715
4030,1.2140433292899349
4031,1.2663496715504319
4032,1.3534526537935037
4033,1.1182817942071304
4034,1.3109260870691741
4035,1.2995746452394834
4036,1.2684077910214842
4037,1.181127083361465
4038,1.1146460507278024
4039,1.1105970039502948
4040,1.2502074361307505
4041,1.5443820876489125
4042,1.541228687194101
4043,1.2000311591092825
4044,1.1892498207006068
4045,1.2255259309755542
4046,1.4808227979939443
4047,1.1935643979203263
4048,1.1304486093336417
4049,1.2120867609865071
4050,1.4807235483674384
4051,1.9250554761526977
4052,1.1243861738882324
4053,1.2448475688732947
4054,1.2531687966317955
4055,1.4057145233143857
4056,1.4563528464931175
4057,1.6667564586828059
4058,1.468589490324813
4059,1.183322280021744
4060,1.457258654515255
4061,1.083622134200731
4062,1.4104377538029707
4063,1.216909867736308
4064,1.2090588603463286
4065,1.1578165052254288
4066,1.3656389947590999
4067,1.1478373945458031
4068,1.129984254938101
4069,1.1418749363153204
4070,1.2061977456719146
4071,1.0924600592413014
4072,1.4066113262444895
4073,1.2107523817009944
4074,1.1181692796909675
4075,1.311144564200538
4076,1.260996910348225
4077,1.3770533368875018
4078,1.3152958353028745
4079,1.2843838121423685
4080,1.2887337396402978
4081,1.1891591721437769
4082,1.0719853446446634
4083,1.344975889555963
4084,1.1635281834778122
4085,1.3781886530543508
4086,1.1974523225003086
4087,1.1708439092835816
4088,1.5030673470890363
4089,1.3887282632349611
4090,1.4848609785888736
4091,1.4940014267218285
4092,1.491492828689353
4093,1.2086059042045287
4094,1.2734426041825901
4095,1.4166537473336296
4096,1.3649315143272072
4097,1.4117359785122257
4098,1.5714883472465415
4099,1.0810310683856392
4100,1.2973533911846225
4101,1.666726102743111
4102,1.322334584828755
4103,1.3517421481003693
4104,1.344975889555963
4105,1.342847016119273
4106,1.4216524442887506
4107,1.2359354762910744
4108,1.2667293392237087
4109,1.2173483580971471
4110,1.3123022250507297
4111,1.5174868502818455
4112,1.5917988900641558
4113,1.0962631247246017
4114,1.3731666256255382
4115,1.5880706021294393
4116,1.3930852247529524
4117,1.3276839827587719
4118,1.2597038990345129
4119,1.1263886203657287
4120,1.327293868465536
4121,1.676764290359863
4122,1.1474643246584058
4123,1.081635325067991
4124,1.1960740912508663
4125,1.2604163649979203
4126,1.162225504475528
4127,1.3424618758422289
4128,1.3617916686039138
4129,1.1955077326095347
4130,1.2755305019065557
4131,1.0797122601634626
4132,1.2688943650015967
4133,1.4500985745508437
4134,1.3809263479434564
4135,1.2102083396756511
4136,1.3626117876432509
4137,1.2366176706800411
4138,1.0923486469842505
4139,1.235782243375091
4140,1.5580969638566358
4141,1.0992881604195357
4142,1.2191387431915457
4143,1.2716142410569882
4144,1.2337482934994393
4145,1.4264029490725572
4146,1.3534088387830738
4147,1.3218151176886583
4148,1.5445747957916383
4149,1.1983549653157777
4150,1.3049105708129058
4151,1.3978525588007005
4152,1.3617373918681046
4153,1.1133076833796989
4154,1.3276674264481536
4155,1.1435598337828834
4156,1.3149677444196861
4157,1.429694008628182
4158,1.0943958453012728
4159,1.1062003909365927
4160,1.4071450126377851
4161,1.1782487132168369
4162,1.450343575452846
4163,1.5237589923099797
4164,1.2122190921539269
4165,1.1618158923903243
4166,1.5942190669476894
4167,1.209901678678461
4168,1.3806870858221376
4169,1.2606371368642113
4170,1.1651189689179084
4171,1.8028144754067976
4172,1.238365859556754
4173,1.333817041088799
4174,1.2743971561263376
4175,1.2353856530410194
4176,1.270064910450669
4177,1.603626983909719
4178,1.2887647469058958
4179,1.566208796706245
4180,1.2480962751264495
4181,1.0931582204978507
4182,1.413542037615597
4183,1.0547068620912996
4184,1.1533868847573119
4185,1.1506705231372596
4186,1.1517562175407516
4187,1.2138424588365366
4188,1.3097136765059703
4189,1.2721158906487577
4190,1.5581349643210392
4191,2.085079750671813
4192,1.3519219610531072
4193,1.158023392692195
4194,1.7394903616706572
4195,1.5451168707856695
4196,1.1461623186778778
4197,1.204245930128671
4198,1.3016460230200992
4199,1.8293767892279758
4200,1.2887050954711659
4201,1.3979364954520506
4202,1.275745076359834
4203,1.2945132738909446
4204,1.1381981608584844
4205,1.5146973947085955
4206,1.5880273437624377
4207,1.1478373945458031
4208,1.323587182030051
4209,1.1246708576803688
4210,1.2240555155413522
4211,1.3056034640072582
4212,1.1894658954993254
4213,1.7427229637886863
4214,1.2230977477305969
4215,1.3636073748342044
4216,1.4746015220669655
4217,1.3649718629157124
4218,1.1808788821691611
4219,1.258362343203547
4220,1.3148931944725655
4221,1.246394871678162
4222,1.5908026044740513
4223,1.1524283621427664
4224,1.0551002675259238
4225,1.1730929013095632
4226,1.3425296751851423
4227,1.269709018099876
4228,1.3345338684123613
4229,1.1843392596912687
4230,1.397983353840303
4231,1.2356364192970615
4232,1.2979836958651072
4233,1.4158849255258217
4234,1.1705507046182662
4235,1.3097136765059703
4236,1.1192592667004708
4237,1.3673726687545837
4238,1.2971622689294373
4239,1.1940724007301502
4240,1.3641749758971564
4241,1.2803296991313766
4242,1.4777890308100396
4243,1.304679774846848
4244,1.3214332851511001
4245,1.2244432952498423
4246,1.41060830511796
4247,1.1730929013095632
4248,1.1114238511152486
4249,1.3928658316827094
4250,1.3287078722142138
4251,1.328565740215006
4252,1.141392827976155
4253,1.2469928436559756
4254,1.6238859190765458
4255,1.1660453714145358
4256,1.1327172271956207
4257,1.5061868309297013
4258,1.1578165052254288
4259,1.4231033335151042
4260,1.4866484163102174
4261,1.349408908312596
4262,1.2442144806560846
4263,1.4830024026376525
4264,1.414969185973328
4265,1.2122190921539269
4266,1.219954532539975
4267,1.1524760051121452
4268,1.1179008902890757
4269,1.2039880779727392
4270,1.3457737285584392
4271,1.433572971411617
4272,1.2572220398617067
4273,1.3766662218150156
4274,1.3451393339131286
4275,1.2830893013275648
4276,1.1416178666420376
4277,1.2576679741172045
4278,1.2869811303606085
4279,1.139796934307488
4280,1.6072843067662805
4281,1.4975100415306375
4282,1.425263123078706
4283,1.323175570642435
4284,1.2068423166057556
4285,1.2626519217406216
4286,1.3196198338270833
4287,1.3853081745312334
4288,1.1165738731474009
4289,1.13493512399945
4290,1.5338147659431907
4291,1.1435827441493442
4292,1.3049438644521496
4293,1.2249029503735323
4294,1.2020153010061627
4295,1.2312748671686247
4296,1.0617027193135231
4297,1.1803073059965956
4298,1.4923882195272047
4299,1.2310789986739847
4300,1.193391688575318
4301,1.1945364183691527
4302,1.248577937667229
4303,1.2158982403013563
4304,1.5182207035753998
4305,1.1391921726110061
4306,1.2305162067311928
4307,1.3976901907209567
4308,1.2040085006219339
4309,1.3923835783682204
4310,1.1810526937662815
4311,1.0858125392141058
4312,1.3744401767478616
4313,1.3850852550469346
4314,1.3375853959012023
4315,1.2216018200123258
4316,1.1752504806412412
4317,1.3486501259900598
4318,1.3336632135126683
4319,1.1939015404933226
4320,1.588095089647705
4321,1.0630287363674225
4322,1.2868991207270353
4323,1.0658690502938215
4324,1.2942759383117493
4325,1.4581735047313233
4326,1.3055911178139714
4327,1.345341809747341
4328,1.377554514174467
4329,1.1883049138174004
4330,1.2739314700343904
4331,1.2609190961659726
4332,1.4538340317142495
4333,1.3613433095577572
4334,1.621164523430947
4335,1.2913126452909505
4336,1.5087768189170385
4337,1.2676122021893281
4338,1.2016378565639059
4339,1.2854500334558217
4340,1.7524169344050222
4341,1.1223506940584413
4342,1.407332321904962
4343,1.5298438340174472
4344,1.4463224582374274
4345,1.481982788709939
4346,1.4136615484285366
4347,1.207541864749715
4348,1.3761829991918586
4349,1.1807556954822707
4350,1.386869382244979
4351,1.166810291682396
4352,1.216909867736308
4353,1.2851145693526325
4354,1.388767210919121
4355,1.2390806048447616
4356,1.2567075238828809
4357,1.3621585384705337
4358,1.317434277509946
4359,1.692840430399253
4360,1.4859741026840245
4361,1.4063919536984966
4362,1.1248052145220202
4363,1.1318493830823526
4364,1.3243535201915395
4365,1.5710019451734585
4366,1.657651410647384
4367,1.2435100112473396
4368,1.5271348622657148
4369,1.241729423247929
4370,1.257519645604728
4371,1.4508405069366137
4372,1.1963134609832122
4373,1.367817693132908
4374,1.111465970003615
4375,1.0912403665137975
4376,1.424956101784027
4377,1.049462692419153
4378,1.2069603753073788
4379,1.445930254140484
4380,1.2056108592147927
4381,1.329992681306681
4382,1.7069969581183262
4383,1.2942759383117493
4384,1.4285768040491678
4385,1.3732778977077744
4386,1.3402192024689363
4387,1.1688159193897991
4388,1.2668003483532584
4389,1.2657349736960668
4390,1.2649526170581058
4391,1.2697547394659536
4392,1.7020204957072735
4393,1.1101610653060028
4394,1.2984445294250548
4395,1.3111632650562925
4396,1.3830926128202026
4397,1.399439972354683
4398,1.4231205880415365
4399,1.5273491228710878
4400,1.0910989062050052
4401,1.418706781690889
4402,1.348626435150361
4403,1.227941689254158
4404,1.4023593728410313
4405,1.1947769763881755
4406,1.3246752956758938
4407,1.1578165052254288
4408,1.255415103337051
4409,1.5875839554821685
4410,1.3325834326256483
4411,1.2584230694092733
4412,1.5169948493467338
4413,1.2677861856762451
4414,1.541566676370315
4415,1.0788585406749633
4416,1.400791586239097
4417,1.4259208328565305
4418,1.9305093888105986
4419,1.396639092030015
4420,1.2346500423942974
4421,1.2012966935097549
4422,1.1734021105172976
4423,1.1406491114492578
4424,1.0979639289407512
4425,1.2731597115498057
4426,1.2604722863357536
4427,1.2365094884370134
4428,1.1679937773117754
4429,1.4158831076667928
4430,1.4481509001604127
4431,1.5870345698068733
4432,1.297371836506174
4433,1.459357630406461
4434,1.658862900643204
4435,1.049462692419153
4436,1.609152635623673
4437,1.3720710173513306
4438,1.5757646040525957
4439,1.1479104387606716
4440,1.278916275222775
4441,1.5462193925857048
4442,1.5204274514252387
4443,1.4788070331203635
4444,1.586263027035217
4445,1.1862898328102356
4446,1.4218728727070225
4447,1.347174170323967
4448,1.4264029490725572
4449,1.1820379718428784
4450,1.3626117876432509
4451,1.420707146121008
4452,1.2120039618488085
4453,1.1776084493429733
4454,1.2789550034899761
4455,1.5204274514252387
4456,1.5441588712365533
4457,1.4009655444007556
4458,1.1246708576803688
4459,1.563923459277405
4460,1.3100285803552638
4461,1.4717677338152317
4462,1.1960740912508663
4463,1.1513721826096677
4464,1.1728888783291682
4465,1.6072843067662805
4466,1.1727999357193375
4467,1.2224226838029655
4468,1.3713780325003304
4469,1.2426901417957943
4470,1.223325583362333
4471,1.1358866474188951
4472,1.235111662623956
4473,1.1565260377518525
4474,1.1622250942905084
4475,1.1237497232290423
4476,1.216846613004516
4477,1.3214625064366323
4478,1.3963938581487485
4479,1.1246708576803688
4480,1.1984590406372289
4481,1.4066384909032608
4482,1.172246291496345
4483,1.3825386492095073
4484,1.4314385315461597
4485,1.2957000565917867
4486,1.4469242170609555
4487,1.452258468681193
4488,1.2179933225447308
4489,1.1766289001415136
4490,1.3516657257004558
4491,1.251652871061099
4492,1.4341426702942126
4493,1.3016460230200992
4494,1.1649021676323272
4495,1.5051871726164856
4496,1.2333696439338286
4497,1.284192690533206
4498,1.1862898328102356
4499,1.1961630537223857
4500,1.1542321402037417
4501,1.515592934984937
4502,1.1541760754586523
4503,1.1713182405434186
4504,1.7097255651109644
4505,1.4031865591987516
4506,1.4775066727276707
4507,1.2249239612339653
4508,1.1705507046182662
4509,1.3763361989474134
4510,1.1888360431846956
4511,1.4660695598026097
4512,1.2319824597456626
4513,1.3397678500973629
4514,1.3144541458710355
4515,1.17902184804993
4516,1.2706674410725665
4517,1.1381981608584844
4518,1.1727999357193375
4519,1.0497403165008472
4520,1.3831409782100945
4521,1.3020516444520776
4522,1.1107123851742269
4523,1.156027989302311
4524,1.2062588798781417
4525,1.110540604436007
4526,1.068850839505962
4527,1.2793792483505269
4528,1.2139551975694625
4529,1.1524445644729264
4530,1.4842180503297735
4531,1.1978230220438522
4532,1.2520104385401156
4533,1.1818087810231146
4534,1.5361601723732643
4535,1.2908409582295997
4536,1.717105268460831
4537,1.223128889195861
4538,1.3347552484137386
4539,1.4240435616074125
4540,1.3180902446303613
4541,1.3425296751851423
4542,1.3361846553089365
4543,1.2018553433729542
4544,1.1693630841794047
4545,1.244345301304702
4546,1.187412138857801
4547,1.2677497960370248
4548,1.1500739400427955
4549,1.5519292236664848
4550,1.156208838177052
4551,1.1430890078164113
4552,1.563923459277405
4553,1.3894031527513249
4554,1.4683617938056037
4555,1.1384692327954622
4556,1.5923634155114377
4557,1.4321309353279863
4558,1.6359371248395564
4559,1.2869811303606085
4560,1.4974236230892595
4561,1.3081861249272249
4562,1.2742167387568504
4563,1.181489372765304
4564,1.4014876195961816
4565,1.5030673470890363
4566,1.3277142872188983
4567,1.0982149350392152
4568,1.140630142831497
4569,1.4659692982089474
4570,1.133349879659444
4571,1.5252423428974546
4572,1.4788070331203635
4573,1.2903233648848071
4574,1.3247905975633547
4575,1.403239493228044
4576,1.3864452314501692
4577,1.0854026296229964
4578,1.2391528641319305
4579,1.3806870858221376
4580,1.11131167698731
4581,1.1664391479853695
4582,1.072190550788678
4583,1.273687075959749
4584,1.1519505080876622
4585,1.1895284367233538
4586,1.1649931812323848
4587,1.0633493415955775
4588,1.548751212750966
4589,1.2437284169835707
4590,1.125857971481648
4591,1.4628284170161492
4592,1.1639208579123004
4593,1.1361366537651538
4594,1.2977210478689472
4595,1.4905003144072915
4596,1.1202389899516967
4597,1.054527515119631
4598,1.4798909693992082
4599,1.4181701526463513
4600,1.3424618758422289
4601,1.2966602032232182
4602,1.2977210478689472
4603,1.1277042328706441
4604,1.1999071839956499
4605,1.2957000565917867
4606,1.08215310320243
4607,1.7333566947867716
4608,1.079393380732524
4609,1.32410929656223
4610,1.4974236230892595
4611,1.3930292463729943
4612,1.4839023756410255
4613,1.1730929013095632
4614,1.5058861530240504
4615,1.556564899518363
4616,1.5946721945355204
4617,1.4491200810980245
4618,1.1851686189215658
4619,1.6238859190765458
4620,1.1926403526450626
4621,1.1017524571060564
4622,1.1393963044397086
4623,1.4253259322714085
4624,1.087587521085382
4625,1.2211683196512524
4626,1.205265026561745
4627,1.257405097736412
4628,1.1252771794426653
4629,1.0923486469842505
4630,1.5040574429920366
4631,1.319814698465732
4632,1.2968860731022778
4633,1.2375280590243376
4634,1.4265120732635548
4635,1.3391126157161342
4636,1.4053840663562185
4637,1.3489571111984457
4638,1.2580967160802974
4639,1.2175711028024752
4640,1.3253145560707447
4641,1.3544270059874082
4642,1.3294992508076542
4643,1.3630979777631071
4644,1.4285768040491678
4645,1.1105325420938161
4646,1.5521055019180667
4647,1.8043086402961734
4648,1.1192318478689862
4649,1.275505978569454
4650,1.2177108169369675
4651,1.2329862290661284
4652,1.4815534595254518
4653,1.4249105156408512
4654,1.176766229496298
4655,1.22423907428298
4656,1.6261046882374577
4657,1.2173483580971471
4658,1.1518296507609265
4659,1.2253728559121093
4660,1.6539126743260613
4661,1.391678823862182
4662,1.177627279283804
4663,1.3151361152166352
4664,1.263181706362773
4665,1.3299914323360098
4666,1.9630185961193827
4667,1.5616178190622765
4668,1.1181692796909675
4669,1.2011746045801561
4670,1.21304852910474
4671,1.0705201179114594
4672,1.0854026296229964
4673,1.448373414710915
4674,1.3303772140136927
4675,1.4315742519444241
4676,1.4945088032592324
4677,1.5927693628217432
4678,2.1010469486446794
4679,1.4267101054953069
4680,1.2193376183664308
4681,1.2518987060295932
4682,1.2788727446065138
4683,1.4808309480737314
4684,1.5878463568916183
4685,1.726614334939484
4686,1.2655761254224325
4687,1.5505611187304846
4688,1.147166237579665
4689,1.1946735463229474
4690,1.9070223612259678
4691,1.5714883472465415
4692,1.5369371672870404
4693,1.2561110711752492
4694,1.3507143263900312
4695,1.3025191276609567
4696,1.4599630663056304
4697,1.6094132113719308
4698,1.1676908512327262
4699,1.2562996652177172
4700,1.2915184455234217
4701,1.2444438045497979
4702,1.5286625070482327
4703,1.280163239984602
4704,1.1243861738882324
4705,1.2442144806560846
4706,1.1809238189200753
4707,1.0682121353932845
4708,1.3063910856323762
4709,1.3622940216365393
4710,1.0683965903039274
4711,1.3010332258339958
4712,1.2225107098916
4713,1.5657793890401543
4714,1.1818979302927166
4715,1.473873611888978
4716,1.2445167915448745
4717,1.255300519033602
4718,1.5144788290430147
4719,1.294000499717963
4720,1.1747603795364572
4721,1.5616178190622765
4722,1.4527020120035687
4723,1.0421186163012746
